{"type": "FeatureCollection", "crs": {"type": "name", "properties": {"name": "urn:ogc:def:crs:OGC:1.3:CRS84"}}, "features": [{"type": "Feature", "properties": {"code": "DK", "name": "Dakar", "region": "Dakar"}, "geometry": {"type": "MultiPolygon", "coordinates": [[[[-17.3992, 14.6713], [-17.3993, 14.6713], [-17.3993, 14.6713], [-17.3994, 14.6713], [-17.3994, 14.6713], [-17.3995, 14.6713], [-17.3995, 14.6712], [-17.3996, 14.6712], [-17.3996, 14.6712], [-17.3997, 14.6711], [-17.3998, 14.6711], [-17.3998, 14.671], [-17.3999, 14.671], [-17.3999, 14.671], [-17.4, 14.6709], [-17.4001, 14.6708], [-17.4002, 14.6707], [-17.4002, 14.6707], [-17.4002, 14.6706], [-17.4002, 14.6705], [-17.4002, 14.6705], [-17.4002, 14.6704], [-17.4002, 14.6703], [-17.4003, 14.6701], [-17.4003, 14.67], [-17.4004, 14.6699], [-17.4004, 14.6699], [-17.4004, 14.6697], [-17.4005, 14.6696], [-17.4006, 14.6694], [-17.4006, 14.6693], [-17.4007, 14.6692], [-17.4007, 14.6691], [-17.4008, 14.669], [-17.4008, 14.6689], [-17.4007, 14.6689], [-17.4007, 14.6688], [-17.4006, 14.6686], [-17.4005, 14.6684], [-17.4004, 14.6682], [-17.4003, 14.6681], [-17.4002, 14.668], [-17.4001, 14.6678], [-17.4001, 14.6676], [-17.4, 14.6675], [-17.4, 14.6674], [-17.4, 14.6672], [-17.4, 14.6671], [-17.3999, 14.667], [-17.3999, 14.6669], [-17.3999, 14.6667], [-17.3998, 14.6666], [-17.3999, 14.6665], [-17.3998, 14.6664], [-17.3997, 14.6663], [-17.3997, 14.6663], [-17.3996, 14.6661], [-17.3996, 14.6661], [-17.3995, 14.666], [-17.3994, 14.6659], [-17.3994, 14.6658], [-17.3993, 14.6658], [-17.3992, 14.6657], [-17.3991, 14.6656], [-17.3991, 14.6656], [-17.399, 14.6655], [-17.3991, 14.6654], [-17.399, 14.6654], [-17.399, 14.6653], [-17.399, 14.6652], [-17.3989, 14.6651], [-17.3989, 14.665], [-17.3988, 14.6649], [-17.3988, 14.6648], [-17.3987, 14.6648], [-17.3987, 14.6647], [-17.3986, 14.6645], [-17.3987, 14.6645], [-17.3986, 14.6644], [-17.3986, 14.6644], [-17.3986, 14.6643], [-17.3986, 14.6642], [-17.3986, 14.6642], [-17.3986, 14.6642], [-17.3986, 14.6641], [-17.3985, 14.664], [-17.3985, 14.664], [-17.3985, 14.6639], [-17.3985, 14.6639], [-17.3985, 14.6637], [-17.3984, 14.6636], [-17.3985, 14.6636], [-17.3985, 14.6636], [-17.3984, 14.6635], [-17.3984, 14.6634], [-17.3983, 14.6634], [-17.3983, 14.6634], [-17.3982, 14.6634], [-17.3982, 14.6633], [-17.3982, 14.6633], [-17.3981, 14.6632], [-17.3981, 14.6632], [-17.398, 14.6632], [-17.398, 14.6631], [-17.3979, 14.6631], [-17.3979, 14.6632], [-17.3979, 14.6632], [-17.3979, 14.6634], [-17.3979, 14.6635], [-17.3978, 14.6636], [-17.3978, 14.6634], [-17.3977, 14.6633], [-17.3977, 14.6632], [-17.3976, 14.6632], [-17.3976, 14.6633], [-17.3976, 14.6634], [-17.3976, 14.6635], [-17.3976, 14.6635], [-17.3975, 14.6635], [-17.3975, 14.6635], [-17.3975, 14.6636], [-17.3975, 14.6636], [-17.3974, 14.6635], [-17.3974, 14.6635], [-17.3974, 14.6636], [-17.3974, 14.6637], [-17.3972, 14.6639], [-17.3971, 14.664], [-17.3971, 14.664], [-17.3971, 14.664], [-17.397, 14.664], [-17.397, 14.6641], [-17.397, 14.6641], [-17.3971, 14.6642], [-17.3971, 14.6642], [-17.397, 14.6642], [-17.397, 14.6642], [-17.397, 14.6643], [-17.397, 14.6643], [-17.3969, 14.6643], [-17.397, 14.6642], [-17.3969, 14.6641], [-17.3969, 14.6641], [-17.3969, 14.6642], [-17.3969, 14.6643], [-17.3969, 14.6643], [-17.3969, 14.6644], [-17.3969, 14.6644], [-17.3968, 14.6644], [-17.3968, 14.6644], [-17.3969, 14.6645], [-17.3969, 14.6646], [-17.3968, 14.6647], [-17.3968, 14.6649], [-17.3968, 14.665], [-17.3967, 14.6651], [-17.3967, 14.6653], [-17.3966, 14.6653], [-17.3966, 14.6653], [-17.3966, 14.6654], [-17.3967, 14.6654], [-17.3966, 14.6655], [-17.3966, 14.6655], [-17.3966, 14.6656], [-17.3966, 14.6657], [-17.3966, 14.6658], [-17.3966, 14.6659], [-17.3966, 14.666], [-17.3966, 14.666], [-17.3966, 14.6661], [-17.3966, 14.6661], [-17.3966, 14.6662], [-17.3966, 14.6663], [-17.3966, 14.6664], [-17.3966, 14.6665], [-17.3966, 14.6665], [-17.3966, 14.6666], [-17.3966, 14.6666], [-17.3966, 14.6667], [-17.3966, 14.6668], [-17.3966, 14.6668], [-17.3967, 14.6669], [-17.3967, 14.667], [-17.3967, 14.667], [-17.3967, 14.6672], [-17.3968, 14.6672], [-17.3968, 14.6674], [-17.3969, 14.6674], [-17.3969, 14.6675], [-17.3969, 14.6675], [-17.397, 14.6676], [-17.397, 14.6677], [-17.3971, 14.6678], [-17.3973, 14.668], [-17.3974, 14.6681], [-17.3974, 14.6681], [-17.3975, 14.6682], [-17.3975, 14.6683], [-17.3976, 14.6684], [-17.3976, 14.6685], [-17.3978, 14.6686], [-17.398, 14.6686], [-17.3981, 14.6687], [-17.3982, 14.6687], [-17.3983, 14.6686], [-17.3984, 14.6686], [-17.3985, 14.6687], [-17.3986, 14.6688], [-17.3987, 14.6688], [-17.3988, 14.6689], [-17.3988, 14.6689], [-17.3988, 14.6688], [-17.3989, 14.6687], [-17.399, 14.6687], [-17.3991, 14.6687], [-17.3993, 14.6688], [-17.3993, 14.6689], [-17.3994, 14.6689], [-17.3994, 14.669], [-17.3994, 14.6691], [-17.3995, 14.6693], [-17.3996, 14.6696], [-17.3996, 14.6696], [-17.3996, 14.6697], [-17.3995, 14.6701], [-17.3994, 14.6702], [-17.3993, 14.6702], [-17.3991, 14.6701], [-17.399, 14.6701], [-17.399, 14.6701], [-17.399, 14.6702], [-17.3991, 14.6702], [-17.3992, 14.6703], [-17.3992, 14.6703], [-17.3992, 14.6703], [-17.3992, 14.6704], [-17.3992, 14.6705], [-17.3992, 14.6706], [-17.3992, 14.6707], [-17.3992, 14.671], [-17.3991, 14.6712], [-17.3991, 14.6712], [-17.3991, 14.6713], [-17.3992, 14.6713]]], [[[-17.512, 14.757], [-17.5122, 14.7572], [-17.5124, 14.7575], [-17.5125, 14.7577], [-17.5131, 14.7578], [-17.5135, 14.7577], [-17.5137, 14.7574], [-17.5141, 14.7571], [-17.5144, 14.757], [-17.5147, 14.757], [-17.5152, 14.7571], [-17.5157, 14.7568], [-17.5161, 14.7567], [-17.5165, 14.7565], [-17.5168, 14.7555], [-17.5167, 14.7549], [-17.5165, 14.7549], [-17.5165, 14.7551], [-17.5165, 14.7553], [-17.5161, 14.7556], [-17.5156, 14.7556], [-17.5153, 14.7554], [-17.5149, 14.7552], [-17.5145, 14.7552], [-17.5138, 14.7552], [-17.5135, 14.755], [-17.5131, 14.7549], [-17.5128, 14.7552], [-17.5123, 14.7555], [-17.5118, 14.756], [-17.5115, 14.7561], [-17.5114, 14.7563], [-17.5113, 14.7565], [-17.5114, 14.7567], [-17.5117, 14.7568], [-17.512, 14.757]]], [[[-17.1446, 14.5868], [-17.1443, 14.5921], [-17.1442, 14.5944], [-17.1438, 14.5978], [-17.1437, 14.6011], [-17.1434, 14.6046], [-17.1431, 14.6072], [-17.1424, 14.6105], [-17.142, 14.6129], [-17.1417, 14.6154], [-17.1415, 14.6185], [-17.1413, 14.6217], [-17.1409, 14.6263], [-17.1406, 14.6294], [-17.1404, 14.6331], [-17.1403, 14.6356], [-17.1403, 14.6384], [-17.1401, 14.6411], [-17.1397, 14.6442], [-17.1395, 14.647], [-17.1387, 14.6498], [-17.1383, 14.6531], [-17.1381, 14.6557], [-17.138, 14.659], [-17.1373, 14.6621], [-17.1369, 14.6652], [-17.1368, 14.6684], [-17.1364, 14.6726], [-17.1363, 14.6762], [-17.1362, 14.6795], [-17.1362, 14.6796], [-17.1356, 14.6828], [-17.1354, 14.6861], [-17.1348, 14.6899], [-17.1347, 14.6918], [-17.1344, 14.6949], [-17.134, 14.6973], [-17.1336, 14.6993], [-17.1329, 14.702], [-17.1325, 14.7037], [-17.1322, 14.706], [-17.1323, 14.7086], [-17.1323, 14.7111], [-17.1321, 14.7137], [-17.1319, 14.7163], [-17.1319, 14.7191], [-17.1317, 14.7216], [-17.1317, 14.7239], [-17.1313, 14.727], [-17.1308, 14.7299], [-17.1307, 14.7326], [-17.1305, 14.7347], [-17.1304, 14.7375], [-17.1301, 14.7399], [-17.13, 14.742], [-17.1294, 14.7447], [-17.1294, 14.7464], [-17.1293, 14.7489], [-17.1289, 14.7506], [-17.1288, 14.7526], [-17.1283, 14.7553], [-17.128, 14.7576], [-17.1279, 14.7597], [-17.1279, 14.7614], [-17.1275, 14.7635], [-17.127, 14.766], [-17.1268, 14.7687], [-17.1264, 14.7706], [-17.1262, 14.7729], [-17.1263, 14.7755], [-17.1263, 14.777], [-17.1264, 14.7794], [-17.1264, 14.7811], [-17.1264, 14.7831], [-17.1266, 14.7846], [-17.1271, 14.7862], [-17.1282, 14.7888], [-17.1295, 14.7913], [-17.1306, 14.794], [-17.1322, 14.7956], [-17.1339, 14.798], [-17.1355, 14.8009], [-17.1357, 14.8012], [-17.1369, 14.8033], [-17.1384, 14.8076], [-17.1404, 14.8108], [-17.1417, 14.8143], [-17.1413, 14.8169], [-17.1425, 14.8184], [-17.1432, 14.8192], [-17.1441, 14.8208], [-17.1452, 14.8229], [-17.1467, 14.825], [-17.1476, 14.8275], [-17.1489, 14.8301], [-17.1499, 14.832], [-17.1511, 14.8345], [-17.1521, 14.837], [-17.1529, 14.8389], [-17.1538, 14.8407], [-17.1545, 14.8426], [-17.1557, 14.8448], [-17.1565, 14.8472], [-17.1574, 14.8491], [-17.1584, 14.8513], [-17.16, 14.8541], [-17.1614, 14.8563], [-17.1627, 14.859], [-17.1642, 14.8613], [-17.1649, 14.8633], [-17.1659, 14.8652], [-17.1669, 14.8671], [-17.1685, 14.8693], [-17.1697, 14.8714], [-17.1702, 14.8728], [-17.1707, 14.8741], [-17.1715, 14.8763], [-17.1728, 14.8785], [-17.174, 14.8802], [-17.1747, 14.8817], [-17.1759, 14.8837], [-17.1768, 14.8863], [-17.178, 14.8856], [-17.1802, 14.8845], [-17.1829, 14.8836], [-17.1846, 14.8829], [-17.188, 14.881], [-17.1896, 14.8798], [-17.1917, 14.8786], [-17.1931, 14.8779], [-17.1948, 14.8768], [-17.1964, 14.8762], [-17.1986, 14.8755], [-17.2001, 14.8745], [-17.202, 14.8738], [-17.2037, 14.8725], [-17.2056, 14.8719], [-17.2076, 14.8714], [-17.2101, 14.8697], [-17.2123, 14.8682], [-17.2154, 14.8674], [-17.2173, 14.8663], [-17.2194, 14.8653], [-17.2211, 14.8644], [-17.2239, 14.8632], [-17.2255, 14.8621], [-17.2275, 14.861], [-17.2292, 14.8598], [-17.2306, 14.859], [-17.2321, 14.8585], [-17.2341, 14.8573], [-17.2369, 14.8557], [-17.2381, 14.8551], [-17.2386, 14.8544], [-17.2412, 14.8533], [-17.2431, 14.8528], [-17.2454, 14.8519], [-17.2472, 14.8507], [-17.2503, 14.85], [-17.2524, 14.8493], [-17.2542, 14.8477], [-17.2568, 14.8469], [-17.2595, 14.846], [-17.2622, 14.8447], [-17.2632, 14.844], [-17.2651, 14.8432], [-17.2671, 14.842], [-17.27, 14.8404], [-17.2716, 14.8396], [-17.2747, 14.8388], [-17.2771, 14.837], [-17.2781, 14.8365], [-17.2806, 14.8352], [-17.2836, 14.8339], [-17.2865, 14.8328], [-17.2887, 14.8312], [-17.2917, 14.8301], [-17.2933, 14.8294], [-17.2952, 14.8288], [-17.2976, 14.8278], [-17.2999, 14.8266], [-17.3017, 14.8261], [-17.3039, 14.8252], [-17.3047, 14.8245], [-17.3051, 14.8242], [-17.306, 14.8237], [-17.3072, 14.8234], [-17.3089, 14.8229], [-17.3103, 14.8223], [-17.3124, 14.8216], [-17.3145, 14.8206], [-17.3176, 14.8197], [-17.3198, 14.8185], [-17.3222, 14.8175], [-17.3238, 14.8166], [-17.3259, 14.8158], [-17.3282, 14.8146], [-17.329, 14.8143], [-17.3307, 14.8137], [-17.3328, 14.8124], [-17.3348, 14.8109], [-17.3362, 14.8104], [-17.3386, 14.8099], [-17.3406, 14.8094], [-17.3421, 14.8083], [-17.3438, 14.807], [-17.3456, 14.806], [-17.3478, 14.8055], [-17.3497, 14.8048], [-17.3522, 14.804], [-17.3527, 14.8033], [-17.3557, 14.8023], [-17.3583, 14.8016], [-17.3589, 14.8013], [-17.359, 14.8013], [-17.3603, 14.8008], [-17.363, 14.7998], [-17.3651, 14.799], [-17.3663, 14.7985], [-17.3666, 14.7984], [-17.3669, 14.7983], [-17.3692, 14.7976], [-17.3711, 14.7968], [-17.3732, 14.7962], [-17.3749, 14.7952], [-17.377, 14.7941], [-17.3795, 14.7934], [-17.3815, 14.7927], [-17.3835, 14.7917], [-17.3838, 14.7916], [-17.3839, 14.7916], [-17.3858, 14.7908], [-17.3878, 14.7902], [-17.3897, 14.7896], [-17.3916, 14.7889], [-17.3936, 14.7879], [-17.3938, 14.7878], [-17.3944, 14.7875], [-17.3965, 14.7869], [-17.3997, 14.7855], [-17.4021, 14.7837], [-17.4024, 14.7836], [-17.4024, 14.7835], [-17.4054, 14.783], [-17.4077, 14.782], [-17.4105, 14.7812], [-17.413, 14.7796], [-17.4144, 14.779], [-17.417, 14.7781], [-17.4193, 14.7772], [-17.4195, 14.7771], [-17.421, 14.7767], [-17.4211, 14.7767], [-17.4239, 14.7758], [-17.4254, 14.775], [-17.4283, 14.7739], [-17.4306, 14.7733], [-17.4324, 14.773], [-17.4335, 14.7725], [-17.436, 14.7715], [-17.4381, 14.7711], [-17.4409, 14.7701], [-17.4428, 14.7697], [-17.4428, 14.7696], [-17.4444, 14.7692], [-17.4474, 14.7677], [-17.4488, 14.7674], [-17.4504, 14.7672], [-17.4514, 14.7671], [-17.453, 14.7668], [-17.454, 14.7667], [-17.4567, 14.7663], [-17.4589, 14.7659], [-17.4621, 14.7654], [-17.4645, 14.765], [-17.4665, 14.7643], [-17.4685, 14.7631], [-17.4691, 14.7632], [-17.472, 14.7628], [-17.4745, 14.7635], [-17.4769, 14.7646], [-17.4783, 14.7657], [-17.48, 14.7662], [-17.4811, 14.7674], [-17.4817, 14.7676], [-17.4836, 14.7677], [-17.4843, 14.7669], [-17.4851, 14.7655], [-17.4867, 14.7643], [-17.4874, 14.7635], [-17.4883, 14.7617], [-17.4888, 14.7601], [-17.4889, 14.7591], [-17.4899, 14.7576], [-17.492, 14.7583], [-17.4929, 14.7569], [-17.493, 14.7555], [-17.4931, 14.7555], [-17.495, 14.7555], [-17.4966, 14.755], [-17.498, 14.7547], [-17.499, 14.7553], [-17.4998, 14.7565], [-17.5004, 14.7576], [-17.5014, 14.7584], [-17.5023, 14.757], [-17.5021, 14.7562], [-17.5021, 14.7543], [-17.5019, 14.7531], [-17.5022, 14.7517], [-17.5032, 14.7535], [-17.5046, 14.7547], [-17.5056, 14.7562], [-17.5079, 14.7562], [-17.51, 14.7566], [-17.5102, 14.756], [-17.5105, 14.7548], [-17.5111, 14.754], [-17.5108, 14.7526], [-17.5104, 14.751], [-17.5126, 14.7505], [-17.5145, 14.7508], [-17.5156, 14.752], [-17.5166, 14.7518], [-17.5188, 14.751], [-17.5188, 14.7494], [-17.5194, 14.7485], [-17.521, 14.748], [-17.5222, 14.7474], [-17.5233, 14.7485], [-17.524, 14.7496], [-17.5245, 14.7511], [-17.5257, 14.7522], [-17.5284, 14.7523], [-17.5287, 14.7522], [-17.5289, 14.7516], [-17.5297, 14.7507], [-17.5295, 14.7491], [-17.5296, 14.7486], [-17.5302, 14.7479], [-17.5309, 14.7465], [-17.5309, 14.7456], [-17.5307, 14.7451], [-17.5302, 14.7441], [-17.5305, 14.7429], [-17.5307, 14.7417], [-17.5308, 14.7412], [-17.5306, 14.7409], [-17.5286, 14.7403], [-17.527, 14.741], [-17.525, 14.7411], [-17.5239, 14.7408], [-17.5227, 14.7408], [-17.5215, 14.741], [-17.5208, 14.7402], [-17.5193, 14.7395], [-17.5177, 14.7379], [-17.5164, 14.7372], [-17.5151, 14.7364], [-17.5135, 14.7356], [-17.5118, 14.7344], [-17.51, 14.7328], [-17.5097, 14.7322], [-17.5087, 14.7313], [-17.508, 14.7299], [-17.5079, 14.7297], [-17.5079, 14.7296], [-17.5071, 14.7295], [-17.5061, 14.7285], [-17.5055, 14.7272], [-17.5053, 14.7256], [-17.5056, 14.7246], [-17.5053, 14.7235], [-17.5057, 14.7224], [-17.5056, 14.7211], [-17.5047, 14.7201], [-17.5036, 14.7193], [-17.5022, 14.7184], [-17.5009, 14.7179], [-17.4998, 14.7179], [-17.4986, 14.7175], [-17.4982, 14.7164], [-17.4977, 14.715], [-17.4967, 14.7148], [-17.4955, 14.7155], [-17.4938, 14.7161], [-17.4927, 14.7162], [-17.4918, 14.7156], [-17.4908, 14.7144], [-17.4906, 14.7143], [-17.49, 14.7137], [-17.4905, 14.7119], [-17.4905, 14.7107], [-17.4902, 14.7092], [-17.4896, 14.708], [-17.4886, 14.7073], [-17.4872, 14.7067], [-17.4861, 14.7055], [-17.4846, 14.7047], [-17.4832, 14.7037], [-17.4819, 14.7025], [-17.4803, 14.7012], [-17.4794, 14.7004], [-17.4793, 14.7002], [-17.4794, 14.7002], [-17.4773, 14.6983], [-17.4767, 14.698], [-17.4761, 14.6979], [-17.4753, 14.6976], [-17.4749, 14.6965], [-17.4753, 14.6962], [-17.4759, 14.6959], [-17.4769, 14.6951], [-17.4776, 14.6945], [-17.4776, 14.694], [-17.4778, 14.6931], [-17.4772, 14.6918], [-17.4765, 14.6909], [-17.4757, 14.6897], [-17.475, 14.6891], [-17.4743, 14.6882], [-17.4732, 14.6876], [-17.4722, 14.6864], [-17.4716, 14.6854], [-17.4718, 14.6843], [-17.4718, 14.6831], [-17.4716, 14.682], [-17.4714, 14.681], [-17.4713, 14.6794], [-17.4717, 14.6779], [-17.472, 14.6772], [-17.4716, 14.676], [-17.4713, 14.675], [-17.4704, 14.6743], [-17.4698, 14.6744], [-17.4691, 14.6752], [-17.4681, 14.6757], [-17.4676, 14.6758], [-17.4667, 14.6753], [-17.4656, 14.6748], [-17.4645, 14.6748], [-17.464, 14.6754], [-17.4632, 14.677], [-17.4626, 14.6778], [-17.4615, 14.6787], [-17.4614, 14.6786], [-17.4606, 14.678], [-17.4605, 14.6777], [-17.4602, 14.6768], [-17.4602, 14.6759], [-17.4597, 14.6746], [-17.459, 14.6742], [-17.458, 14.6734], [-17.4564, 14.6738], [-17.4546, 14.6737], [-17.4533, 14.6731], [-17.4518, 14.6727], [-17.4517, 14.6727], [-17.4517, 14.6727], [-17.4502, 14.6724], [-17.4484, 14.6716], [-17.4476, 14.6699], [-17.4474, 14.6684], [-17.447, 14.6673], [-17.4458, 14.6672], [-17.4447, 14.6664], [-17.4445, 14.6645], [-17.4446, 14.6636], [-17.4448, 14.661], [-17.4447, 14.6598], [-17.4439, 14.659], [-17.4436, 14.6589], [-17.4408, 14.6577], [-17.4408, 14.6577], [-17.4408, 14.6576], [-17.4403, 14.6574], [-17.4397, 14.6568], [-17.4393, 14.6564], [-17.4378, 14.6556], [-17.4376, 14.6553], [-17.4372, 14.6545], [-17.4371, 14.6525], [-17.4369, 14.6522], [-17.4361, 14.6493], [-17.4356, 14.6483], [-17.4348, 14.647], [-17.4333, 14.6466], [-17.4328, 14.6467], [-17.4318, 14.647], [-17.4314, 14.6475], [-17.4306, 14.649], [-17.4302, 14.6497], [-17.4306, 14.6508], [-17.4314, 14.652], [-17.4307, 14.6539], [-17.4317, 14.6542], [-17.4333, 14.6554], [-17.433, 14.6569], [-17.4341, 14.6577], [-17.4348, 14.6583], [-17.4351, 14.659], [-17.4338, 14.6603], [-17.4328, 14.6614], [-17.4323, 14.6626], [-17.4319, 14.6639], [-17.431, 14.6656], [-17.4308, 14.6663], [-17.429, 14.6671], [-17.4267, 14.6682], [-17.4247, 14.669], [-17.4235, 14.6696], [-17.4217, 14.6707], [-17.421, 14.6726], [-17.4207, 14.6741], [-17.421, 14.6757], [-17.4219, 14.676], [-17.4226, 14.6747], [-17.4231, 14.6736], [-17.4236, 14.6721], [-17.4247, 14.6725], [-17.4242, 14.6739], [-17.4239, 14.675], [-17.4245, 14.6759], [-17.4252, 14.6748], [-17.4256, 14.674], [-17.426, 14.6726], [-17.4272, 14.6727], [-17.4283, 14.6734], [-17.4281, 14.6744], [-17.4276, 14.6753], [-17.4273, 14.6764], [-17.4272, 14.677], [-17.4277, 14.6776], [-17.4283, 14.677], [-17.429, 14.6758], [-17.4289, 14.6746], [-17.429, 14.6734], [-17.43, 14.6734], [-17.4314, 14.6741], [-17.4323, 14.6749], [-17.433, 14.6762], [-17.4323, 14.6771], [-17.4313, 14.6784], [-17.4309, 14.6792], [-17.4313, 14.6799], [-17.4319, 14.6797], [-17.4316, 14.6808], [-17.4326, 14.6813], [-17.4336, 14.6814], [-17.4333, 14.6828], [-17.4335, 14.6836], [-17.4343, 14.684], [-17.4359, 14.6845], [-17.4369, 14.6856], [-17.4369, 14.6856], [-17.4364, 14.6872], [-17.4359, 14.688], [-17.435, 14.6883], [-17.4341, 14.6888], [-17.4323, 14.6887], [-17.4305, 14.6886], [-17.4291, 14.69], [-17.428, 14.6903], [-17.4271, 14.6894], [-17.4262, 14.6888], [-17.4256, 14.6879], [-17.4251, 14.6872], [-17.4255, 14.6859], [-17.426, 14.6849], [-17.426, 14.6837], [-17.4257, 14.683], [-17.4248, 14.6831], [-17.4244, 14.6835], [-17.4234, 14.6854], [-17.4231, 14.6858], [-17.4223, 14.6852], [-17.4221, 14.684], [-17.4224, 14.6826], [-17.4228, 14.6814], [-17.4229, 14.68], [-17.4226, 14.6795], [-17.4217, 14.6792], [-17.421, 14.6796], [-17.4206, 14.6807], [-17.4202, 14.6824], [-17.4202, 14.6835], [-17.42, 14.6847], [-17.4199, 14.6853], [-17.4203, 14.686], [-17.4211, 14.6867], [-17.4212, 14.6876], [-17.4221, 14.6883], [-17.4228, 14.6888], [-17.4232, 14.6892], [-17.424, 14.6887], [-17.4253, 14.6889], [-17.4261, 14.6901], [-17.4264, 14.6918], [-17.4274, 14.6923], [-17.4268, 14.6937], [-17.4264, 14.6953], [-17.4259, 14.696], [-17.4244, 14.6965], [-17.4229, 14.6965], [-17.422, 14.697], [-17.4222, 14.6982], [-17.4223, 14.6992], [-17.4211, 14.7007], [-17.4197, 14.7006], [-17.4181, 14.7004], [-17.4167, 14.702], [-17.4168, 14.7034], [-17.4173, 14.705], [-17.4179, 14.7066], [-17.4186, 14.7073], [-17.4194, 14.7077], [-17.4201, 14.7071], [-17.4208, 14.7065], [-17.4213, 14.7054], [-17.4225, 14.7057], [-17.4233, 14.7066], [-17.4242, 14.7073], [-17.4248, 14.7085], [-17.4261, 14.7086], [-17.4269, 14.7079], [-17.4276, 14.7076], [-17.4294, 14.7079], [-17.4302, 14.7095], [-17.4311, 14.7106], [-17.4316, 14.7124], [-17.4319, 14.7145], [-17.4317, 14.7175], [-17.4311, 14.7194], [-17.4303, 14.7211], [-17.4292, 14.7227], [-17.4275, 14.7247], [-17.4262, 14.7262], [-17.4252, 14.7273], [-17.4238, 14.7285], [-17.4222, 14.7298], [-17.4203, 14.7307], [-17.4187, 14.7316], [-17.4169, 14.7318], [-17.4154, 14.733], [-17.4143, 14.7338], [-17.4141, 14.7339], [-17.4134, 14.7341], [-17.4127, 14.7343], [-17.4106, 14.7347], [-17.4084, 14.7353], [-17.407, 14.7357], [-17.4061, 14.736], [-17.4043, 14.7367], [-17.4016, 14.7377], [-17.3997, 14.738], [-17.3991, 14.7383], [-17.3982, 14.7386], [-17.3977, 14.7387], [-17.397, 14.7389], [-17.3946, 14.7392], [-17.3913, 14.7397], [-17.3891, 14.7397], [-17.3872, 14.7399], [-17.3855, 14.7399], [-17.3844, 14.7401], [-17.3814, 14.7403], [-17.3796, 14.7405], [-17.3774, 14.7405], [-17.3754, 14.74], [-17.374, 14.7399], [-17.3738, 14.7401], [-17.372, 14.74], [-17.3692, 14.7397], [-17.3667, 14.7399], [-17.3648, 14.7392], [-17.3625, 14.739], [-17.3599, 14.7383], [-17.3578, 14.7378], [-17.356, 14.7371], [-17.3538, 14.7369], [-17.3514, 14.736], [-17.3508, 14.7361], [-17.3506, 14.7361], [-17.3495, 14.7362], [-17.3475, 14.7363], [-17.3459, 14.7357], [-17.3431, 14.7345], [-17.3399, 14.7328], [-17.3399, 14.7328], [-17.3398, 14.7328], [-17.3375, 14.7325], [-17.3351, 14.731], [-17.3329, 14.7303], [-17.3309, 14.73], [-17.3283, 14.7285], [-17.3265, 14.7277], [-17.3243, 14.727], [-17.3225, 14.7262], [-17.3204, 14.7255], [-17.319, 14.7255], [-17.3172, 14.7243], [-17.3149, 14.7233], [-17.3131, 14.7224], [-17.3127, 14.7222], [-17.3106, 14.7213], [-17.3089, 14.7206], [-17.3056, 14.7196], [-17.3033, 14.7191], [-17.3007, 14.7179], [-17.3003, 14.7177], [-17.2983, 14.7169], [-17.2963, 14.7163], [-17.294, 14.7152], [-17.293, 14.7149], [-17.2906, 14.7133], [-17.2902, 14.7133], [-17.2885, 14.7128], [-17.2875, 14.7123], [-17.2865, 14.7116], [-17.2852, 14.7111], [-17.2848, 14.7109], [-17.2847, 14.7109], [-17.2839, 14.7106], [-17.2825, 14.7098], [-17.2825, 14.7114], [-17.2819, 14.7123], [-17.2812, 14.7132], [-17.2797, 14.7134], [-17.2779, 14.7132], [-17.276, 14.7126], [-17.2741, 14.7121], [-17.2716, 14.7104], [-17.2687, 14.7091], [-17.2668, 14.7077], [-17.265, 14.7071], [-17.2628, 14.7062], [-17.2607, 14.7053], [-17.2586, 14.7045], [-17.2562, 14.7031], [-17.2551, 14.7027], [-17.2544, 14.7024], [-17.2532, 14.7028], [-17.2532, 14.7028], [-17.2517, 14.7021], [-17.25, 14.7006], [-17.2481, 14.6995], [-17.2462, 14.6994], [-17.2446, 14.6977], [-17.2418, 14.6953], [-17.2409, 14.6954], [-17.2393, 14.6933], [-17.2376, 14.6918], [-17.2358, 14.6903], [-17.234, 14.6892], [-17.2325, 14.6882], [-17.2311, 14.6871], [-17.229, 14.6859], [-17.2266, 14.6846], [-17.2244, 14.6832], [-17.2227, 14.6827], [-17.2208, 14.6812], [-17.2195, 14.6798], [-17.2185, 14.6786], [-17.2172, 14.6772], [-17.2156, 14.676], [-17.2137, 14.6748], [-17.2114, 14.6733], [-17.2114, 14.6728], [-17.2108, 14.6724], [-17.2089, 14.6711], [-17.2073, 14.6698], [-17.2051, 14.6681], [-17.2031, 14.6663], [-17.2009, 14.6651], [-17.1989, 14.6637], [-17.1969, 14.6621], [-17.1956, 14.6596], [-17.1933, 14.6568], [-17.1909, 14.6539], [-17.1892, 14.6521], [-17.1864, 14.6491], [-17.1852, 14.6471], [-17.1832, 14.6457], [-17.1816, 14.6448], [-17.1799, 14.6433], [-17.1798, 14.6442], [-17.1791, 14.6423], [-17.1769, 14.6387], [-17.1755, 14.6372], [-17.1752, 14.6358], [-17.1736, 14.6346], [-17.172, 14.6338], [-17.1706, 14.6331], [-17.1689, 14.6319], [-17.1676, 14.6304], [-17.1669, 14.6292], [-17.166, 14.6279], [-17.1652, 14.6266], [-17.1645, 14.6259], [-17.1633, 14.6241], [-17.1622, 14.6226], [-17.1609, 14.6206], [-17.1599, 14.6189], [-17.159, 14.6169], [-17.1581, 14.6154], [-17.1568, 14.6134], [-17.1561, 14.6115], [-17.1558, 14.6103], [-17.155, 14.6085], [-17.1543, 14.6071], [-17.1534, 14.6061], [-17.1523, 14.6048], [-17.1513, 14.6032], [-17.1508, 14.6018], [-17.1502, 14.6], [-17.1504, 14.5997], [-17.1504, 14.5984], [-17.1498, 14.5972], [-17.1488, 14.5958], [-17.148, 14.594], [-17.1483, 14.593], [-17.1477, 14.5921], [-17.1478, 14.5907], [-17.1467, 14.5895], [-17.1455, 14.5882], [-17.1446, 14.5868]]]]}}, {"type": "Feature", "properties": {"code": "DB", "name": "Diourbel", "region": "Diourbel"}, "geometry": {"type": "Polygon", "coordinates": [[[-16.1771, 14.964], [-16.1784, 14.964], [-16.1871, 14.9626], [-16.1924, 14.9606], [-16.202, 14.9572], [-16.2143, 14.9533], [-16.2236, 14.9531], [-16.2284, 14.9542], [-16.2318, 14.9592], [-16.2328, 14.9645], [-16.239, 14.9715], [-16.2458, 14.9766], [-16.2518, 14.9795], [-16.2633, 14.9853], [-16.2724, 14.9893], [-16.2805, 14.9917], [-16.2834, 14.9923], [-16.2951, 14.9951], [-16.3015, 14.9958], [-16.3076, 14.9979], [-16.3202, 15.0009], [-16.3233, 15.003], [-16.3318, 15.0068], [-16.3431, 15.0115], [-16.3479, 15.0132], [-16.3642, 15.0172], [-16.3746, 15.0199], [-16.384, 15.0224], [-16.3859, 15.0226], [-16.3912, 15.0231], [-16.3962, 15.0235], [-16.4045, 15.0233], [-16.414, 15.0249], [-16.4218, 15.0259], [-16.43, 15.0271], [-16.4368, 15.0265], [-16.4368, 15.0265], [-16.4371, 15.0264], [-16.4425, 15.0254], [-16.4486, 15.0243], [-16.4539, 15.0231], [-16.4609, 15.0212], [-16.4673, 15.0188], [-16.4718, 15.0166], [-16.4734, 15.0161], [-16.476, 15.0152], [-16.4774, 15.0144], [-16.4807, 15.0126], [-16.4874, 15.0083], [-16.4946, 15.0035], [-16.4977, 15.0008], [-16.5031, 15.0002], [-16.5121, 14.9994], [-16.5205, 14.9972], [-16.5327, 14.9919], [-16.5354, 14.9908], [-16.5515, 14.986], [-16.5615, 14.9826], [-16.5702, 14.9795], [-16.5753, 14.9777], [-16.5878, 14.9743], [-16.6026, 14.9707], [-16.6143, 14.9693], [-16.6308, 14.9648], [-16.6433, 14.9615], [-16.6537, 14.9586], [-16.6542, 14.9583], [-16.6545, 14.9574], [-16.6546, 14.9568], [-16.6581, 14.9556], [-16.6649, 14.9509], [-16.6759, 14.9412], [-16.6871, 14.9293], [-16.6769, 14.9206], [-16.6691, 14.9139], [-16.6621, 14.9046], [-16.6576, 14.8942], [-16.6548, 14.8888], [-16.6499, 14.8848], [-16.642, 14.8797], [-16.6345, 14.8725], [-16.6306, 14.8674], [-16.6276, 14.8625], [-16.6261, 14.8574], [-16.6254, 14.8543], [-16.6237, 14.8487], [-16.6238, 14.8473], [-16.624, 14.8427], [-16.626, 14.8392], [-16.6298, 14.8376], [-16.6354, 14.8332], [-16.6422, 14.8265], [-16.6461, 14.8231], [-16.6492, 14.8176], [-16.6493, 14.812], [-16.6461, 14.8092], [-16.6405, 14.8045], [-16.6357, 14.8011], [-16.6283, 14.7962], [-16.6242, 14.7943], [-16.6179, 14.7822], [-16.6145, 14.7785], [-16.6085, 14.7724], [-16.607, 14.7674], [-16.607, 14.767], [-16.6064, 14.757], [-16.605, 14.7461], [-16.6044, 14.7413], [-16.6044, 14.741], [-16.6046, 14.7394], [-16.6053, 14.7344], [-16.6061, 14.7253], [-16.6065, 14.72], [-16.6065, 14.7167], [-16.6051, 14.6991], [-16.6051, 14.698], [-16.6055, 14.6902], [-16.6069, 14.6824], [-16.6096, 14.6782], [-16.6123, 14.6743], [-16.6169, 14.6689], [-16.6212, 14.6623], [-16.6218, 14.6565], [-16.6221, 14.65], [-16.621, 14.6404], [-16.6209, 14.6401], [-16.6188, 14.6394], [-16.6163, 14.6372], [-16.6143, 14.6355], [-16.6106, 14.6319], [-16.6064, 14.6295], [-16.6016, 14.6253], [-16.5985, 14.6222], [-16.5958, 14.6201], [-16.5924, 14.617], [-16.5892, 14.6135], [-16.5861, 14.6118], [-16.5819, 14.6092], [-16.5755, 14.6068], [-16.57, 14.6057], [-16.5652, 14.6052], [-16.5558, 14.6058], [-16.5458, 14.6071], [-16.5387, 14.6078], [-16.5291, 14.6077], [-16.5254, 14.6076], [-16.5234, 14.6076], [-16.515, 14.6071], [-16.5137, 14.6068], [-16.5072, 14.6054], [-16.5014, 14.6031], [-16.4951, 14.5994], [-16.49, 14.5954], [-16.4865, 14.5928], [-16.4817, 14.5933], [-16.4759, 14.5959], [-16.4703, 14.597], [-16.4607, 14.5968], [-16.4519, 14.5956], [-16.4435, 14.5959], [-16.4378, 14.5963], [-16.4335, 14.5974], [-16.4311, 14.598], [-16.4269, 14.5993], [-16.4198, 14.5996], [-16.409, 14.5994], [-16.3987, 14.6002], [-16.3937, 14.6006], [-16.3829, 14.6014], [-16.3762, 14.6026], [-16.371, 14.6033], [-16.363, 14.6043], [-16.3613, 14.6042], [-16.3607, 14.6042], [-16.3569, 14.598], [-16.3532, 14.5921], [-16.3499, 14.5869], [-16.3461, 14.582], [-16.3437, 14.5793], [-16.339, 14.5733], [-16.3334, 14.5716], [-16.3271, 14.5721], [-16.3228, 14.5722], [-16.3166, 14.5738], [-16.3089, 14.5753], [-16.3027, 14.5757], [-16.2954, 14.5763], [-16.2949, 14.5764], [-16.2947, 14.5764], [-16.2851, 14.5772], [-16.2809, 14.5782], [-16.274, 14.5791], [-16.2708, 14.5793], [-16.2664, 14.5787], [-16.2619, 14.5778], [-16.2555, 14.5775], [-16.2464, 14.5774], [-16.2412, 14.577], [-16.2285, 14.5734], [-16.2276, 14.5734], [-16.2198, 14.5726], [-16.2116, 14.5723], [-16.2017, 14.5723], [-16.1991, 14.5716], [-16.1933, 14.5661], [-16.187, 14.5631], [-16.1799, 14.561], [-16.1728, 14.5586], [-16.1699, 14.5583], [-16.1655, 14.5574], [-16.1604, 14.5544], [-16.1533, 14.5492], [-16.1491, 14.5481], [-16.1486, 14.548], [-16.1425, 14.5473], [-16.131, 14.5475], [-16.123, 14.5484], [-16.1088, 14.5478], [-16.0968, 14.5462], [-16.0948, 14.546], [-16.0824, 14.5445], [-16.0722, 14.5437], [-16.0618, 14.5429], [-16.0573, 14.5425], [-16.0539, 14.5422], [-16.0442, 14.5416], [-16.0401, 14.5413], [-16.0364, 14.541], [-16.0294, 14.5398], [-16.0214, 14.539], [-16.0162, 14.538], [-16.0095, 14.5368], [-16.0014, 14.5355], [-16.0002, 14.5351], [-16.0, 14.5347], [-16.0, 14.5343], [-16.0, 14.5144], [-15.9998, 14.5145], [-15.9985, 14.5148], [-15.9977, 14.515], [-15.9969, 14.5162], [-15.994, 14.5176], [-15.9911, 14.519], [-15.989, 14.5202], [-15.9867, 14.5212], [-15.983, 14.5237], [-15.9803, 14.5251], [-15.9763, 14.5278], [-15.9731, 14.5294], [-15.9703, 14.5308], [-15.9683, 14.5317], [-15.9655, 14.5321], [-15.9619, 14.5327], [-15.958, 14.5319], [-15.9542, 14.5308], [-15.9515, 14.5308], [-15.948, 14.5309], [-15.9454, 14.5306], [-15.9438, 14.5315], [-15.9397, 14.5322], [-15.9358, 14.532], [-15.9331, 14.5327], [-15.931, 14.5334], [-15.9286, 14.5344], [-15.9251, 14.5348], [-15.9222, 14.536], [-15.918, 14.5357], [-15.9164, 14.536], [-15.9158, 14.536], [-15.9155, 14.5361], [-15.9083, 14.5367], [-15.9036, 14.5375], [-15.8991, 14.5385], [-15.8965, 14.5386], [-15.8923, 14.5402], [-15.8884, 14.5405], [-15.885, 14.5415], [-15.8807, 14.5426], [-15.8771, 14.5439], [-15.8749, 14.5443], [-15.8717, 14.5456], [-15.8689, 14.5463], [-15.8655, 14.5483], [-15.8626, 14.5495], [-15.8592, 14.551], [-15.8562, 14.5525], [-15.8536, 14.5542], [-15.8503, 14.5562], [-15.8474, 14.5579], [-15.8456, 14.5596], [-15.8422, 14.5613], [-15.8402, 14.5638], [-15.8377, 14.5649], [-15.837, 14.5665], [-15.8349, 14.5682], [-15.833, 14.5704], [-15.8297, 14.5728], [-15.8266, 14.5748], [-15.8239, 14.5765], [-15.8214, 14.5782], [-15.8188, 14.5794], [-15.8162, 14.5828], [-15.8142, 14.5852], [-15.8123, 14.5869], [-15.8101, 14.5885], [-15.8091, 14.5906], [-15.8078, 14.5936], [-15.8066, 14.5954], [-15.8061, 14.596], [-15.8052, 14.5978], [-15.8044, 14.6008], [-15.8032, 14.6029], [-15.8028, 14.6038], [-15.8017, 14.6063], [-15.8011, 14.6089], [-15.7995, 14.6119], [-15.7981, 14.6149], [-15.7977, 14.6177], [-15.7968, 14.621], [-15.7967, 14.623], [-15.7965, 14.6258], [-15.7957, 14.6299], [-15.7953, 14.6324], [-15.7959, 14.6358], [-15.796, 14.6395], [-15.7965, 14.6423], [-15.7968, 14.6465], [-15.7979, 14.6507], [-15.7987, 14.6557], [-15.7992, 14.6598], [-15.7995, 14.6631], [-15.8, 14.6673], [-15.8003, 14.6706], [-15.8009, 14.6728], [-15.8019, 14.6776], [-15.8023, 14.6821], [-15.803, 14.6847], [-15.8038, 14.688], [-15.8039, 14.6886], [-15.8041, 14.6905], [-15.804, 14.6951], [-15.803, 14.6992], [-15.8028, 14.7011], [-15.8017, 14.7055], [-15.8012, 14.7086], [-15.8005, 14.7141], [-15.8002, 14.7175], [-15.7992, 14.7215], [-15.7984, 14.7243], [-15.7975, 14.7276], [-15.7969, 14.7303], [-15.7964, 14.7341], [-15.7952, 14.7373], [-15.7923, 14.738], [-15.7896, 14.739], [-15.7874, 14.7396], [-15.7849, 14.7406], [-15.7827, 14.7414], [-15.7811, 14.742], [-15.7788, 14.743], [-15.7758, 14.744], [-15.7736, 14.7452], [-15.7718, 14.7461], [-15.7701, 14.7471], [-15.7687, 14.7487], [-15.7665, 14.7494], [-15.7665, 14.7507], [-15.7654, 14.7524], [-15.7644, 14.7513], [-15.75, 14.7354], [-15.7345, 14.7185], [-15.719, 14.7016], [-15.6888, 14.6911], [-15.6703, 14.6996], [-15.6633, 14.7102], [-15.6517, 14.7124], [-15.65, 14.7112], [-15.6354, 14.7018], [-15.623, 14.6934], [-15.6106, 14.6849], [-15.5982, 14.6765], [-15.5835, 14.6695], [-15.5688, 14.6624], [-15.554, 14.6554], [-15.5355, 14.6512], [-15.5169, 14.647], [-15.4983, 14.6428], [-15.4797, 14.6386], [-15.4622, 14.6291], [-15.4615, 14.6343], [-15.4579, 14.6615], [-15.4542, 14.6888], [-15.4506, 14.7161], [-15.4497, 14.7232], [-15.4469, 14.7443], [-15.4468, 14.7445], [-15.4465, 14.7474], [-15.4456, 14.753], [-15.4446, 14.758], [-15.444, 14.7629], [-15.4433, 14.7665], [-15.4429, 14.7724], [-15.4426, 14.7764], [-15.4419, 14.7808], [-15.4415, 14.784], [-15.4413, 14.7885], [-15.4406, 14.7927], [-15.4402, 14.7965], [-15.4388, 14.8002], [-15.4387, 14.805], [-15.4381, 14.8076], [-15.438, 14.8099], [-15.437, 14.8126], [-15.4372, 14.8153], [-15.4364, 14.8175], [-15.4369, 14.8207], [-15.4368, 14.8228], [-15.438, 14.8239], [-15.4408, 14.8247], [-15.4435, 14.8252], [-15.446, 14.8257], [-15.4504, 14.8279], [-15.4542, 14.8291], [-15.458, 14.8306], [-15.4605, 14.832], [-15.4628, 14.8332], [-15.4656, 14.8344], [-15.4683, 14.8354], [-15.4696, 14.8356], [-15.4701, 14.8357], [-15.4721, 14.8362], [-15.4742, 14.8369], [-15.4769, 14.8375], [-15.4797, 14.8383], [-15.4827, 14.8388], [-15.4855, 14.8393], [-15.4874, 14.8399], [-15.4894, 14.8399], [-15.4914, 14.8396], [-15.4934, 14.8393], [-15.4964, 14.8394], [-15.4983, 14.8392], [-15.5001, 14.8388], [-15.502, 14.8384], [-15.5041, 14.8375], [-15.5057, 14.8368], [-15.5065, 14.8365], [-15.5088, 14.8356], [-15.5113, 14.8347], [-15.5141, 14.8338], [-15.5159, 14.8331], [-15.5186, 14.832], [-15.5215, 14.8313], [-15.5248, 14.8302], [-15.5286, 14.8286], [-15.5323, 14.827], [-15.5358, 14.8258], [-15.5375, 14.8251], [-15.5396, 14.8243], [-15.5418, 14.8236], [-15.5443, 14.8235], [-15.5463, 14.8249], [-15.5506, 14.8271], [-15.5533, 14.829], [-15.5573, 14.8315], [-15.5608, 14.8333], [-15.564, 14.8351], [-15.5676, 14.8376], [-15.5709, 14.8393], [-15.5747, 14.8415], [-15.5783, 14.8439], [-15.5795, 14.8447], [-15.5825, 14.8467], [-15.5856, 14.848], [-15.5875, 14.8499], [-15.592, 14.8529], [-15.5948, 14.8549], [-15.5972, 14.8559], [-15.6001, 14.8575], [-15.6019, 14.8589], [-15.604, 14.8595], [-15.6074, 14.861], [-15.6089, 14.8619], [-15.611, 14.8631], [-15.6132, 14.8633], [-15.6158, 14.8639], [-15.6196, 14.8644], [-15.6229, 14.8648], [-15.6261, 14.8655], [-15.6283, 14.8658], [-15.6317, 14.8668], [-15.6333, 14.8668], [-15.6361, 14.8669], [-15.6389, 14.8671], [-15.6418, 14.8673], [-15.6445, 14.8673], [-15.6467, 14.8675], [-15.6495, 14.8684], [-15.652, 14.8687], [-15.6555, 14.8682], [-15.6576, 14.8683], [-15.6598, 14.8686], [-15.6619, 14.8687], [-15.6634, 14.8688], [-15.6659, 14.8689], [-15.6676, 14.869], [-15.6697, 14.8695], [-15.6734, 14.8706], [-15.6735, 14.8706], [-15.6737, 14.8709], [-15.676, 14.8719], [-15.6828, 14.8756], [-15.688, 14.8794], [-15.696, 14.8849], [-15.7013, 14.8888], [-15.7062, 14.8918], [-15.7141, 14.8975], [-15.7173, 14.8992], [-15.7225, 14.9036], [-15.7259, 14.9053], [-15.7317, 14.9084], [-15.7361, 14.9103], [-15.7441, 14.9131], [-15.7486, 14.9154], [-15.7525, 14.9165], [-15.7559, 14.9183], [-15.7588, 14.9197], [-15.7589, 14.9198], [-15.7615, 14.9218], [-15.7655, 14.9238], [-15.7683, 14.9259], [-15.771, 14.9281], [-15.7726, 14.9304], [-15.7731, 14.9328], [-15.7738, 14.9356], [-15.7739, 14.939], [-15.7748, 14.941], [-15.7761, 14.9436], [-15.7775, 14.9458], [-15.7789, 14.9477], [-15.7809, 14.9495], [-15.7825, 14.9519], [-15.784, 14.9545], [-15.7861, 14.9567], [-15.7879, 14.9587], [-15.7905, 14.9599], [-15.7918, 14.9611], [-15.7948, 14.9617], [-15.7995, 14.9641], [-15.8015, 14.9676], [-15.8033, 14.969], [-15.8056, 14.9747], [-15.8072, 14.9819], [-15.8055, 14.9879], [-15.8056, 14.9974], [-15.8178, 14.9977], [-15.8329, 14.9977], [-15.848, 14.9976], [-15.8631, 14.9976], [-15.8782, 14.9976], [-15.8929, 14.9976], [-15.8932, 14.9965], [-15.8952, 14.9932], [-15.8973, 14.9907], [-15.8986, 14.9885], [-15.9002, 14.9865], [-15.9019, 14.9848], [-15.9037, 14.9834], [-15.9058, 14.9824], [-15.9083, 14.9815], [-15.9085, 14.9814], [-15.9114, 14.98], [-15.9144, 14.979], [-15.9175, 14.9782], [-15.9206, 14.9775], [-15.9234, 14.977], [-15.9254, 14.9767], [-15.9286, 14.9765], [-15.9341, 14.976], [-15.938, 14.9755], [-15.9444, 14.9748], [-15.9489, 14.9744], [-15.9543, 14.9739], [-15.9586, 14.9734], [-15.964, 14.9729], [-15.9698, 14.9725], [-15.973, 14.972], [-15.9754, 14.972], [-15.9787, 14.972], [-15.9821, 14.972], [-15.9865, 14.9724], [-15.9884, 14.9721], [-15.9895, 14.9719], [-15.9902, 14.9715], [-15.991, 14.9706], [-15.9915, 14.9699], [-15.9921, 14.9684], [-15.9927, 14.9669], [-15.9932, 14.9652], [-15.9939, 14.9632], [-15.9947, 14.9617], [-15.9955, 14.9598], [-15.9964, 14.9582], [-15.9973, 14.9562], [-15.9979, 14.9556], [-15.9983, 14.9552], [-15.9988, 14.9551], [-15.9998, 14.9569], [-16.005, 14.9569], [-16.0134, 14.9577], [-16.0249, 14.9586], [-16.0396, 14.96], [-16.0697, 14.9622], [-16.0759, 14.9628], [-16.0857, 14.9613], [-16.0944, 14.959], [-16.0949, 14.9589], [-16.1013, 14.9574], [-16.1105, 14.9571], [-16.1163, 14.9581], [-16.1257, 14.9605], [-16.1276, 14.961], [-16.1384, 14.9627], [-16.1573, 14.9645], [-16.1622, 14.9647], [-16.1715, 14.9644], [-16.1771, 14.964]]]}}, {"type": "Feature", "properties": {"code": "FK", "name": "Fatick", "region": "Fatick"}, "geometry": {"type": "Polygon", "coordinates": [[[-16.5254, 14.6076], [-16.5241, 14.6045], [-16.5211, 14.5964], [-16.5198, 14.5899], [-16.5188, 14.5857], [-16.519, 14.5798], [-16.5203, 14.5755], [-16.5223, 14.572], [-16.5245, 14.568], [-16.5246, 14.5679], [-16.5251, 14.5669], [-16.5263, 14.5645], [-16.5273, 14.5606], [-16.5286, 14.558], [-16.5291, 14.555], [-16.5298, 14.5523], [-16.5313, 14.5495], [-16.5321, 14.5445], [-16.5319, 14.5396], [-16.5323, 14.5355], [-16.5327, 14.5317], [-16.534, 14.527], [-16.535, 14.5242], [-16.5357, 14.5213], [-16.5371, 14.5183], [-16.5397, 14.5127], [-16.5421, 14.5077], [-16.5447, 14.5039], [-16.5467, 14.502], [-16.5476, 14.5002], [-16.548, 14.4984], [-16.5484, 14.4965], [-16.5519, 14.4924], [-16.5542, 14.4906], [-16.5579, 14.488], [-16.5613, 14.4847], [-16.5657, 14.4807], [-16.5701, 14.4777], [-16.5718, 14.476], [-16.5719, 14.4759], [-16.5725, 14.4753], [-16.5758, 14.4722], [-16.5826, 14.4675], [-16.5859, 14.4648], [-16.5873, 14.4636], [-16.5938, 14.4589], [-16.5959, 14.4571], [-16.5987, 14.4561], [-16.6002, 14.4551], [-16.6021, 14.4542], [-16.6051, 14.4532], [-16.6084, 14.453], [-16.6152, 14.45], [-16.6162, 14.4499], [-16.6185, 14.4486], [-16.6213, 14.4459], [-16.624, 14.4428], [-16.6279, 14.4395], [-16.6308, 14.4349], [-16.6341, 14.431], [-16.6354, 14.4298], [-16.6388, 14.4287], [-16.6439, 14.4282], [-16.65, 14.4282], [-16.659, 14.4275], [-16.6674, 14.4274], [-16.6726, 14.4272], [-16.6771, 14.426], [-16.6812, 14.4233], [-16.6897, 14.4153], [-16.693, 14.4111], [-16.6975, 14.4069], [-16.701, 14.4035], [-16.7038, 14.4008], [-16.7053, 14.3983], [-16.706, 14.3961], [-16.7064, 14.3892], [-16.7065, 14.3882], [-16.7079, 14.3803], [-16.7087, 14.373], [-16.7098, 14.3636], [-16.71, 14.3578], [-16.7103, 14.3562], [-16.7105, 14.355], [-16.7107, 14.3533], [-16.7108, 14.347], [-16.7118, 14.3414], [-16.7115, 14.3383], [-16.7117, 14.3344], [-16.7093, 14.3228], [-16.709, 14.3183], [-16.7087, 14.3142], [-16.7091, 14.309], [-16.7106, 14.3025], [-16.713, 14.2979], [-16.7156, 14.293], [-16.7189, 14.288], [-16.7201, 14.2859], [-16.7208, 14.2849], [-16.7223, 14.2828], [-16.7256, 14.2774], [-16.7292, 14.2728], [-16.7324, 14.2698], [-16.7371, 14.2647], [-16.7403, 14.2605], [-16.7427, 14.2575], [-16.7456, 14.2534], [-16.746, 14.2515], [-16.7486, 14.247], [-16.7497, 14.2432], [-16.7504, 14.2368], [-16.7492, 14.231], [-16.7461, 14.2258], [-16.7439, 14.2209], [-16.7399, 14.2175], [-16.7369, 14.2146], [-16.7314, 14.2119], [-16.7263, 14.2106], [-16.7248, 14.211], [-16.7242, 14.207], [-16.7241, 14.2028], [-16.7249, 14.1983], [-16.7276, 14.1932], [-16.7299, 14.1893], [-16.7336, 14.1873], [-16.7348, 14.1839], [-16.7374, 14.1842], [-16.7409, 14.1839], [-16.7433, 14.1825], [-16.7437, 14.1813], [-16.745, 14.1778], [-16.749, 14.1742], [-16.7529, 14.1729], [-16.7574, 14.1712], [-16.7598, 14.1688], [-16.7642, 14.1649], [-16.7646, 14.1621], [-16.7637, 14.1592], [-16.7616, 14.1565], [-16.7562, 14.1505], [-16.7543, 14.1472], [-16.754, 14.1437], [-16.7554, 14.1414], [-16.7583, 14.1415], [-16.7608, 14.1431], [-16.7633, 14.1429], [-16.7657, 14.1415], [-16.7693, 14.1399], [-16.7722, 14.139], [-16.7757, 14.1394], [-16.7776, 14.1401], [-16.7785, 14.1425], [-16.7806, 14.1429], [-16.7831, 14.1421], [-16.7858, 14.1404], [-16.7894, 14.1364], [-16.7913, 14.1337], [-16.7925, 14.1313], [-16.7931, 14.1255], [-16.7915, 14.1225], [-16.7878, 14.119], [-16.7833, 14.1164], [-16.7807, 14.1143], [-16.7789, 14.1117], [-16.7752, 14.1099], [-16.7708, 14.1081], [-16.768, 14.107], [-16.7679, 14.1046], [-16.7687, 14.1023], [-16.7686, 14.0992], [-16.7646, 14.0972], [-16.7619, 14.0946], [-16.7591, 14.0918], [-16.7576, 14.0893], [-16.7559, 14.0861], [-16.7538, 14.0806], [-16.7538, 14.0779], [-16.7541, 14.0746], [-16.7532, 14.0694], [-16.7546, 14.0669], [-16.7573, 14.0668], [-16.7634, 14.0682], [-16.7656, 14.0682], [-16.7683, 14.0639], [-16.77, 14.0608], [-16.7723, 14.0575], [-16.7737, 14.0561], [-16.777, 14.0539], [-16.7764, 14.0498], [-16.7757, 14.0449], [-16.7754, 14.0431], [-16.7753, 14.0381], [-16.7713, 14.0097], [-16.7711, 14.0005], [-16.771, 14.0004], [-16.7703, 13.9939], [-16.7693, 13.99], [-16.7695, 13.9864], [-16.7694, 13.9835], [-16.7691, 13.9799], [-16.7685, 13.977], [-16.7687, 13.9728], [-16.7685, 13.9684], [-16.7681, 13.9645], [-16.768, 13.9606], [-16.7675, 13.9554], [-16.7678, 13.9506], [-16.7681, 13.9465], [-16.7675, 13.9402], [-16.7677, 13.9353], [-16.7675, 13.926], [-16.7673, 13.9219], [-16.7675, 13.9191], [-16.7677, 13.9138], [-16.7662, 13.9095], [-16.7658, 13.8983], [-16.7662, 13.8978], [-16.7662, 13.897], [-16.7666, 13.8965], [-16.766, 13.8937], [-16.7657, 13.8914], [-16.7653, 13.8894], [-16.765, 13.8814], [-16.7654, 13.878], [-16.7661, 13.8753], [-16.7662, 13.8722], [-16.7662, 13.8695], [-16.765, 13.8677], [-16.7647, 13.864], [-16.7644, 13.8617], [-16.7638, 13.8575], [-16.7639, 13.8547], [-16.7632, 13.8542], [-16.763, 13.854], [-16.7624, 13.8516], [-16.7618, 13.8479], [-16.7616, 13.8446], [-16.7616, 13.8421], [-16.762, 13.8396], [-16.7621, 13.8373], [-16.7612, 13.8354], [-16.7603, 13.8349], [-16.7593, 13.8347], [-16.753, 13.8348], [-16.7332, 13.8351], [-16.7329, 13.8344], [-16.7324, 13.8319], [-16.7317, 13.8291], [-16.7318, 13.828], [-16.7306, 13.826], [-16.7296, 13.8244], [-16.7286, 13.8221], [-16.7274, 13.8197], [-16.7255, 13.8177], [-16.7243, 13.8168], [-16.7234, 13.815], [-16.7222, 13.8131], [-16.7214, 13.8118], [-16.7193, 13.8104], [-16.7173, 13.8095], [-16.7157, 13.8084], [-16.7143, 13.8072], [-16.7126, 13.8061], [-16.7109, 13.8048], [-16.7096, 13.8041], [-16.7082, 13.8031], [-16.7077, 13.8023], [-16.7063, 13.8012], [-16.7054, 13.7998], [-16.7046, 13.7985], [-16.7036, 13.7966], [-16.7029, 13.795], [-16.7019, 13.7931], [-16.7013, 13.7914], [-16.7009, 13.79], [-16.7002, 13.7884], [-16.6992, 13.7867], [-16.6986, 13.7845], [-16.6979, 13.7827], [-16.6974, 13.7815], [-16.6967, 13.7804], [-16.6957, 13.7791], [-16.6944, 13.7782], [-16.6935, 13.7777], [-16.6923, 13.777], [-16.6908, 13.777], [-16.6894, 13.7767], [-16.6704, 13.7635], [-16.6518, 13.7505], [-16.6515, 13.7503], [-16.6511, 13.7501], [-16.6509, 13.7499], [-16.6325, 13.7371], [-16.6327, 13.7364], [-16.6326, 13.7356], [-16.6317, 13.7334], [-16.6307, 13.7318], [-16.6299, 13.7307], [-16.6282, 13.7303], [-16.628, 13.7275], [-16.6288, 13.7275], [-16.6311, 13.7271], [-16.6324, 13.7264], [-16.6332, 13.7256], [-16.6344, 13.7245], [-16.6357, 13.7212], [-16.6373, 13.7148], [-16.6387, 13.7102], [-16.639, 13.7091], [-16.6388, 13.708], [-16.6376, 13.703], [-16.6352, 13.6968], [-16.6326, 13.6906], [-16.6322, 13.6885], [-16.6311, 13.6865], [-16.6261, 13.6777], [-16.6234, 13.6723], [-16.6224, 13.6697], [-16.6217, 13.6676], [-16.6203, 13.6654], [-16.6197, 13.6632], [-16.6191, 13.6606], [-16.618, 13.6578], [-16.6166, 13.6559], [-16.6161, 13.6557], [-16.6156, 13.6556], [-16.6125, 13.6528], [-16.6116, 13.6514], [-16.6104, 13.6505], [-16.6081, 13.6491], [-16.6055, 13.6474], [-16.6038, 13.6462], [-16.6018, 13.6456], [-16.5988, 13.6448], [-16.5966, 13.6438], [-16.5949, 13.6429], [-16.5941, 13.6423], [-16.5938, 13.6423], [-16.5933, 13.6426], [-16.5869, 13.6357], [-16.587, 13.6353], [-16.5868, 13.6351], [-16.5849, 13.6345], [-16.582, 13.6336], [-16.5808, 13.6333], [-16.5793, 13.6324], [-16.5775, 13.6302], [-16.5787, 13.6271], [-16.5788, 13.6271], [-16.5783, 13.6259], [-16.5781, 13.6242], [-16.5779, 13.6232], [-16.5768, 13.6221], [-16.5761, 13.6229], [-16.5752, 13.622], [-16.5734, 13.6215], [-16.5724, 13.6195], [-16.5711, 13.6185], [-16.5692, 13.6166], [-16.5681, 13.6153], [-16.5672, 13.6135], [-16.5664, 13.6123], [-16.5649, 13.6106], [-16.5641, 13.6097], [-16.5633, 13.6084], [-16.5621, 13.6068], [-16.5617, 13.605], [-16.5613, 13.6032], [-16.5612, 13.6013], [-16.5605, 13.6], [-16.5603, 13.6001], [-16.5578, 13.6001], [-16.5563, 13.6007], [-16.5545, 13.601], [-16.5532, 13.6018], [-16.5524, 13.6024], [-16.5519, 13.603], [-16.5507, 13.6036], [-16.5495, 13.6044], [-16.5474, 13.6027], [-16.5482, 13.6017], [-16.5485, 13.6003], [-16.5485, 13.5987], [-16.5485, 13.5967], [-16.5484, 13.5952], [-16.5485, 13.5937], [-16.5468, 13.5937], [-16.546, 13.5938], [-16.519, 13.5937], [-16.5182, 13.5937], [-16.5153, 13.5936], [-16.5133, 13.5937], [-16.5079, 13.5934], [-16.5139, 13.6103], [-16.4697, 13.5945], [-16.4615, 13.5936], [-16.4323, 13.5936], [-16.4035, 13.5933], [-16.3747, 13.5936], [-16.3459, 13.5936], [-16.3173, 13.5938], [-16.2878, 13.5939], [-16.2591, 13.5942], [-16.2305, 13.5939], [-16.2077, 13.5939], [-16.2014, 13.5939], [-16.1724, 13.5937], [-16.1438, 13.5941], [-16.1142, 13.5937], [-16.0947, 13.5935], [-16.0918, 13.5935], [-16.09, 13.5935], [-16.0891, 13.5944], [-16.0879, 13.5947], [-16.0868, 13.597], [-16.0857, 13.5995], [-16.0856, 13.6021], [-16.0865, 13.6045], [-16.0867, 13.6056], [-16.0873, 13.6072], [-16.0885, 13.6087], [-16.0901, 13.6102], [-16.0918, 13.6119], [-16.0937, 13.6133], [-16.0951, 13.6134], [-16.0963, 13.613], [-16.097, 13.6128], [-16.0989, 13.6115], [-16.0995, 13.6103], [-16.1004, 13.609], [-16.1022, 13.6077], [-16.103, 13.6071], [-16.1039, 13.6078], [-16.1044, 13.6091], [-16.105, 13.6105], [-16.105, 13.6125], [-16.1061, 13.6146], [-16.108, 13.6159], [-16.1103, 13.6171], [-16.112, 13.6182], [-16.114, 13.6196], [-16.1147, 13.621], [-16.1151, 13.6224], [-16.1134, 13.6241], [-16.1121, 13.6252], [-16.1106, 13.6262], [-16.109, 13.6276], [-16.1078, 13.629], [-16.1075, 13.6299], [-16.1066, 13.6312], [-16.106, 13.6326], [-16.1053, 13.634], [-16.1045, 13.6357], [-16.1044, 13.6372], [-16.1045, 13.6383], [-16.1048, 13.6395], [-16.106, 13.6407], [-16.1075, 13.6409], [-16.1089, 13.6409], [-16.1106, 13.6406], [-16.1119, 13.6404], [-16.1135, 13.6403], [-16.1152, 13.6395], [-16.1154, 13.6387], [-16.1157, 13.6381], [-16.1156, 13.6368], [-16.1159, 13.6351], [-16.1161, 13.6333], [-16.1165, 13.6322], [-16.1173, 13.631], [-16.1192, 13.6295], [-16.1213, 13.6299], [-16.1232, 13.6308], [-16.1229, 13.6324], [-16.1231, 13.6343], [-16.123, 13.6358], [-16.1243, 13.6373], [-16.1252, 13.6387], [-16.1277, 13.6399], [-16.1294, 13.6402], [-16.1309, 13.6402], [-16.1335, 13.6402], [-16.1356, 13.6397], [-16.1381, 13.6401], [-16.1393, 13.6409], [-16.1405, 13.6426], [-16.1395, 13.6439], [-16.1384, 13.645], [-16.1369, 13.6465], [-16.1365, 13.648], [-16.1369, 13.6496], [-16.1376, 13.6517], [-16.1383, 13.6536], [-16.1388, 13.6551], [-16.1399, 13.6566], [-16.1411, 13.6568], [-16.1423, 13.6563], [-16.1442, 13.6555], [-16.1445, 13.6562], [-16.1454, 13.6567], [-16.1466, 13.658], [-16.1481, 13.6603], [-16.1493, 13.6617], [-16.1505, 13.662], [-16.1521, 13.6629], [-16.1529, 13.6645], [-16.1533, 13.6664], [-16.1533, 13.6678], [-16.1543, 13.6696], [-16.1547, 13.6716], [-16.1552, 13.6731], [-16.1566, 13.6739], [-16.1567, 13.6777], [-16.157, 13.6791], [-16.1567, 13.6807], [-16.157, 13.6827], [-16.1577, 13.6836], [-16.1585, 13.6852], [-16.1587, 13.6852], [-16.1594, 13.6861], [-16.1598, 13.6877], [-16.1599, 13.689], [-16.1599, 13.6903], [-16.1599, 13.6914], [-16.1601, 13.693], [-16.1606, 13.6939], [-16.1609, 13.6956], [-16.161, 13.6969], [-16.1611, 13.699], [-16.1608, 13.6995], [-16.1605, 13.7003], [-16.1603, 13.7018], [-16.1608, 13.7028], [-16.1609, 13.7041], [-16.161, 13.7058], [-16.1609, 13.7065], [-16.1614, 13.7071], [-16.1617, 13.7084], [-16.1612, 13.7105], [-16.1612, 13.7118], [-16.1613, 13.7126], [-16.1616, 13.7143], [-16.162, 13.7158], [-16.1617, 13.7182], [-16.1621, 13.7196], [-16.1622, 13.7211], [-16.1618, 13.7222], [-16.1619, 13.7227], [-16.162, 13.7231], [-16.1624, 13.7235], [-16.1619, 13.7258], [-16.1623, 13.7269], [-16.1623, 13.7271], [-16.1623, 13.7281], [-16.1623, 13.7287], [-16.1624, 13.7311], [-16.1627, 13.7333], [-16.1632, 13.7359], [-16.164, 13.7374], [-16.1643, 13.7377], [-16.1643, 13.7389], [-16.1643, 13.7399], [-16.1642, 13.7417], [-16.1644, 13.7433], [-16.1644, 13.7442], [-16.1645, 13.7457], [-16.1648, 13.7463], [-16.1652, 13.7482], [-16.1654, 13.7494], [-16.1653, 13.7496], [-16.1651, 13.7507], [-16.1652, 13.7514], [-16.1663, 13.7524], [-16.1673, 13.7528], [-16.1689, 13.7533], [-16.1697, 13.7531], [-16.1702, 13.7539], [-16.1717, 13.754], [-16.1738, 13.7548], [-16.1751, 13.7549], [-16.1763, 13.7551], [-16.1773, 13.756], [-16.1778, 13.756], [-16.1803, 13.7564], [-16.1809, 13.7563], [-16.1823, 13.7567], [-16.1842, 13.757], [-16.1858, 13.7573], [-16.1871, 13.7577], [-16.1888, 13.7584], [-16.1906, 13.7586], [-16.1919, 13.7593], [-16.1935, 13.7589], [-16.195, 13.7596], [-16.1968, 13.7607], [-16.1982, 13.7607], [-16.1995, 13.761], [-16.2006, 13.761], [-16.2018, 13.7617], [-16.203, 13.7624], [-16.2032, 13.763], [-16.2052, 13.7641], [-16.2063, 13.7646], [-16.2074, 13.7652], [-16.2085, 13.7663], [-16.2098, 13.7674], [-16.2105, 13.7682], [-16.2124, 13.7699], [-16.2134, 13.7704], [-16.2167, 13.7734], [-16.2173, 13.774], [-16.2184, 13.7745], [-16.2209, 13.777], [-16.2237, 13.7805], [-16.2255, 13.7823], [-16.2268, 13.7834], [-16.2286, 13.7857], [-16.2302, 13.7878], [-16.2314, 13.7881], [-16.2332, 13.7891], [-16.2348, 13.7902], [-16.2364, 13.7914], [-16.2424, 13.795], [-16.2461, 13.7974], [-16.2458, 13.7992], [-16.2452, 13.8026], [-16.2439, 13.809], [-16.2435, 13.8109], [-16.2432, 13.8134], [-16.2433, 13.8163], [-16.2435, 13.8208], [-16.2449, 13.8284], [-16.246, 13.8312], [-16.2465, 13.8336], [-16.2481, 13.8361], [-16.2496, 13.8396], [-16.2504, 13.8433], [-16.2509, 13.8452], [-16.2516, 13.8478], [-16.2502, 13.8485], [-16.2484, 13.8494], [-16.2434, 13.8509], [-16.2357, 13.8547], [-16.2231, 13.8604], [-16.2082, 13.8668], [-16.1961, 13.8731], [-16.1959, 13.8734], [-16.1944, 13.8748], [-16.1929, 13.8767], [-16.1913, 13.8793], [-16.1908, 13.8803], [-16.1902, 13.8822], [-16.1909, 13.8833], [-16.1921, 13.8864], [-16.193, 13.8884], [-16.1943, 13.8913], [-16.1952, 13.8936], [-16.1959, 13.8963], [-16.1961, 13.8973], [-16.1969, 13.8998], [-16.1974, 13.9024], [-16.1974, 13.9048], [-16.1977, 13.9086], [-16.1985, 13.9126], [-16.1987, 13.9159], [-16.1986, 13.9196], [-16.1995, 13.9233], [-16.1991, 13.9256], [-16.1999, 13.9281], [-16.2006, 13.9309], [-16.2009, 13.9344], [-16.201, 13.9376], [-16.2015, 13.9406], [-16.2015, 13.9428], [-16.2018, 13.9447], [-16.2018, 13.9473], [-16.2026, 13.9494], [-16.2022, 13.9511], [-16.2039, 13.9532], [-16.2052, 13.9549], [-16.2063, 13.9573], [-16.2083, 13.9599], [-16.2093, 13.9612], [-16.2088, 13.9633], [-16.2079, 13.9649], [-16.2061, 13.9659], [-16.2042, 13.9679], [-16.2047, 13.9691], [-16.2057, 13.9706], [-16.2067, 13.9721], [-16.2072, 13.9743], [-16.2075, 13.9757], [-16.2074, 13.9777], [-16.2073, 13.9794], [-16.2068, 13.9803], [-16.2064, 13.9824], [-16.2055, 13.9839], [-16.2054, 13.9846], [-16.2066, 13.9863], [-16.2092, 13.9879], [-16.2111, 13.9896], [-16.2121, 13.9909], [-16.2287, 13.9962], [-16.2314, 13.9981], [-16.2335, 13.9984], [-16.2362, 13.9983], [-16.2418, 13.9999], [-16.2425, 14.0009], [-16.2433, 14.0014], [-16.2446, 14.0024], [-16.2461, 14.0032], [-16.2471, 14.0045], [-16.2483, 14.0056], [-16.2495, 14.007], [-16.251, 14.0081], [-16.2525, 14.0091], [-16.2546, 14.011], [-16.2563, 14.0123], [-16.2575, 14.0137], [-16.2598, 14.0159], [-16.2612, 14.0177], [-16.2628, 14.0191], [-16.2639, 14.0211], [-16.2647, 14.0223], [-16.2656, 14.0245], [-16.2655, 14.0269], [-16.2655, 14.0285], [-16.2656, 14.0303], [-16.2655, 14.0317], [-16.2649, 14.0325], [-16.2635, 14.0344], [-16.262, 14.0357], [-16.2603, 14.0372], [-16.2592, 14.0384], [-16.2577, 14.0398], [-16.2561, 14.0406], [-16.255, 14.0413], [-16.253, 14.0421], [-16.2516, 14.0429], [-16.2494, 14.044], [-16.2478, 14.0458], [-16.245, 14.0469], [-16.243, 14.0484], [-16.2404, 14.0492], [-16.2388, 14.0505], [-16.2374, 14.0509], [-16.2355, 14.0521], [-16.2347, 14.0533], [-16.2339, 14.0544], [-16.2325, 14.0561], [-16.2316, 14.0582], [-16.2303, 14.0602], [-16.2298, 14.062], [-16.2287, 14.0641], [-16.2287, 14.0662], [-16.229, 14.0692], [-16.2288, 14.0715], [-16.2288, 14.0737], [-16.229, 14.0749], [-16.2293, 14.0769], [-16.2295, 14.0798], [-16.2293, 14.0815], [-16.2298, 14.0832], [-16.2293, 14.0861], [-16.2295, 14.0888], [-16.2303, 14.0918], [-16.2303, 14.0945], [-16.2303, 14.096], [-16.2304, 14.0978], [-16.2305, 14.1006], [-16.2314, 14.1029], [-16.2316, 14.1054], [-16.232, 14.1074], [-16.2326, 14.1095], [-16.2336, 14.1126], [-16.2348, 14.1147], [-16.237, 14.1159], [-16.2383, 14.117], [-16.2401, 14.1182], [-16.2418, 14.1192], [-16.243, 14.1206], [-16.245, 14.1222], [-16.2474, 14.1232], [-16.2496, 14.1247], [-16.2511, 14.1258], [-16.2523, 14.1272], [-16.2532, 14.129], [-16.2553, 14.1309], [-16.2583, 14.133], [-16.2598, 14.1347], [-16.2615, 14.1356], [-16.263, 14.1371], [-16.2654, 14.1389], [-16.2675, 14.14], [-16.27, 14.1405], [-16.2716, 14.1412], [-16.2737, 14.1422], [-16.2751, 14.1428], [-16.2763, 14.1433], [-16.2785, 14.1437], [-16.2793, 14.1448], [-16.2795, 14.1457], [-16.2795, 14.146], [-16.2797, 14.1472], [-16.2797, 14.1473], [-16.2808, 14.1473], [-16.2809, 14.1473], [-16.2822, 14.1474], [-16.285, 14.1481], [-16.288, 14.1494], [-16.2895, 14.1503], [-16.2913, 14.1516], [-16.293, 14.153], [-16.2952, 14.1553], [-16.2968, 14.1569], [-16.2989, 14.1585], [-16.3004, 14.1599], [-16.3026, 14.1608], [-16.3045, 14.1617], [-16.3074, 14.1621], [-16.3101, 14.1622], [-16.3124, 14.1624], [-16.3153, 14.1626], [-16.3187, 14.1629], [-16.3224, 14.1634], [-16.3251, 14.1641], [-16.3283, 14.1646], [-16.3301, 14.165], [-16.3343, 14.1637], [-16.336, 14.163], [-16.3387, 14.162], [-16.3414, 14.1611], [-16.3429, 14.1601], [-16.3461, 14.1592], [-16.3483, 14.158], [-16.3502, 14.1574], [-16.3523, 14.157], [-16.3543, 14.1571], [-16.3561, 14.157], [-16.3567, 14.1569], [-16.3578, 14.1569], [-16.3593, 14.1571], [-16.3617, 14.1578], [-16.3637, 14.1584], [-16.3659, 14.1586], [-16.3681, 14.159], [-16.3703, 14.1587], [-16.3731, 14.1585], [-16.3741, 14.1583], [-16.3759, 14.1579], [-16.3776, 14.1577], [-16.3794, 14.1566], [-16.3811, 14.1549], [-16.3815, 14.1553], [-16.3849, 14.1598], [-16.3874, 14.1617], [-16.3882, 14.164], [-16.3819, 14.164], [-16.3777, 14.1652], [-16.3765, 14.1661], [-16.3773, 14.1695], [-16.3774, 14.1732], [-16.3745, 14.1725], [-16.3723, 14.1707], [-16.3707, 14.1714], [-16.3694, 14.1732], [-16.3698, 14.1775], [-16.3668, 14.177], [-16.3647, 14.1751], [-16.3636, 14.175], [-16.3612, 14.1737], [-16.3592, 14.1745], [-16.3588, 14.1754], [-16.3606, 14.177], [-16.3608, 14.1783], [-16.3614, 14.1786], [-16.3635, 14.178], [-16.3645, 14.1796], [-16.3668, 14.1814], [-16.3684, 14.184], [-16.3679, 14.1858], [-16.3637, 14.1866], [-16.3617, 14.1874], [-16.3616, 14.1888], [-16.3625, 14.1922], [-16.366, 14.2013], [-16.3676, 14.2034], [-16.3685, 14.2055], [-16.3687, 14.2067], [-16.3673, 14.209], [-16.3667, 14.2123], [-16.3675, 14.2187], [-16.3671, 14.2219], [-16.3681, 14.226], [-16.3678, 14.2272], [-16.3658, 14.2277], [-16.3625, 14.2223], [-16.3613, 14.2221], [-16.3594, 14.2221], [-16.3568, 14.223], [-16.3558, 14.2237], [-16.3545, 14.226], [-16.3534, 14.2266], [-16.353, 14.2249], [-16.3531, 14.2232], [-16.352, 14.2232], [-16.3498, 14.2246], [-16.3495, 14.2256], [-16.3515, 14.2277], [-16.3503, 14.2301], [-16.3505, 14.2308], [-16.3498, 14.233], [-16.3507, 14.2337], [-16.3533, 14.2337], [-16.354, 14.2353], [-16.3583, 14.2403], [-16.3548, 14.2414], [-16.3529, 14.2429], [-16.3548, 14.2478], [-16.354, 14.2523], [-16.3519, 14.257], [-16.3502, 14.2582], [-16.345, 14.2595], [-16.3417, 14.2617], [-16.3309, 14.2667], [-16.3231, 14.2691], [-16.3215, 14.2686], [-16.3196, 14.2692], [-16.3122, 14.2754], [-16.308, 14.2777], [-16.3035, 14.2808], [-16.2981, 14.2862], [-16.2967, 14.2881], [-16.2948, 14.2893], [-16.2903, 14.2935], [-16.2872, 14.2973], [-16.2848, 14.3002], [-16.2836, 14.3021], [-16.2831, 14.3037], [-16.2797, 14.3076], [-16.278, 14.3086], [-16.2736, 14.3127], [-16.2701, 14.3152], [-16.2693, 14.3154], [-16.2657, 14.3186], [-16.2621, 14.3235], [-16.2611, 14.3262], [-16.2581, 14.3296], [-16.2573, 14.3312], [-16.2556, 14.3327], [-16.2499, 14.3363], [-16.2443, 14.3387], [-16.2423, 14.3395], [-16.2349, 14.3398], [-16.2303, 14.3405], [-16.2191, 14.3408], [-16.2099, 14.3425], [-16.2044, 14.3446], [-16.2026, 14.3457], [-16.1949, 14.3478], [-16.1844, 14.3518], [-16.1776, 14.3532], [-16.1759, 14.3541], [-16.1635, 14.358], [-16.1606, 14.3583], [-16.1509, 14.3625], [-16.1468, 14.3637], [-16.1378, 14.3678], [-16.1288, 14.37], [-16.1254, 14.3702], [-16.122, 14.3694], [-16.1102, 14.3686], [-16.1015, 14.3663], [-16.0905, 14.3653], [-16.0903, 14.3653], [-16.087, 14.3653], [-16.081, 14.3666], [-16.077, 14.3669], [-16.0713, 14.3672], [-16.0642, 14.3669], [-16.0602, 14.3662], [-16.0527, 14.3643], [-16.0418, 14.3746], [-16.0379, 14.3753], [-16.0317, 14.3775], [-16.0228, 14.38], [-16.0216, 14.3805], [-16.019, 14.3823], [-16.0146, 14.3841], [-16.0098, 14.387], [-16.0034, 14.3916], [-15.999, 14.3939], [-15.998, 14.3892], [-15.9967, 14.3893], [-15.9936, 14.3894], [-15.9869, 14.3888], [-15.9825, 14.3881], [-15.9773, 14.3881], [-15.9737, 14.3882], [-15.9713, 14.3877], [-15.9602, 14.3843], [-15.9599, 14.3842], [-15.9596, 14.3841], [-15.9586, 14.3838], [-15.9584, 14.3842], [-15.9576, 14.385], [-15.953, 14.3896], [-15.9514, 14.391], [-15.9515, 14.3917], [-15.9491, 14.394], [-15.9469, 14.3956], [-15.9435, 14.397], [-15.9408, 14.3976], [-15.9377, 14.3979], [-15.9335, 14.3968], [-15.9299, 14.3958], [-15.9275, 14.3944], [-15.9255, 14.3932], [-15.9252, 14.393], [-15.9252, 14.393], [-15.9236, 14.392], [-15.9222, 14.3909], [-15.9206, 14.39], [-15.9185, 14.3887], [-15.9174, 14.3873], [-15.9152, 14.3857], [-15.9132, 14.3835], [-15.9101, 14.3812], [-15.9082, 14.38], [-15.9054, 14.3795], [-15.9042, 14.3792], [-15.9005, 14.3795], [-15.8973, 14.3792], [-15.8936, 14.379], [-15.8908, 14.379], [-15.8884, 14.379], [-15.8843, 14.379], [-15.8818, 14.3792], [-15.8782, 14.3789], [-15.8738, 14.3781], [-15.8696, 14.3782], [-15.8614, 14.3782], [-15.856, 14.3781], [-15.853, 14.3778], [-15.8496, 14.3779], [-15.8459, 14.3783], [-15.8394, 14.3776], [-15.8353, 14.3778], [-15.8305, 14.3774], [-15.8266, 14.3775], [-15.8228, 14.3771], [-15.8182, 14.377], [-15.8131, 14.377], [-15.8082, 14.3773], [-15.8034, 14.3769], [-15.8028, 14.3768], [-15.803, 14.3823], [-15.8023, 14.3843], [-15.8013, 14.3865], [-15.8006, 14.3899], [-15.7992, 14.393], [-15.798, 14.3974], [-15.7966, 14.4017], [-15.7949, 14.4057], [-15.7925, 14.4114], [-15.7911, 14.4161], [-15.7897, 14.4193], [-15.7893, 14.4217], [-15.7889, 14.4247], [-15.7881, 14.4272], [-15.786, 14.4296], [-15.7831, 14.4321], [-15.7809, 14.4344], [-15.777, 14.4376], [-15.7735, 14.4412], [-15.7716, 14.4439], [-15.7678, 14.4471], [-15.765, 14.45], [-15.7624, 14.4525], [-15.7599, 14.4542], [-15.7579, 14.4564], [-15.7535, 14.4604], [-15.7503, 14.4635], [-15.7479, 14.4663], [-15.7455, 14.4686], [-15.7438, 14.4702], [-15.7424, 14.472], [-15.7419, 14.4727], [-15.7395, 14.4741], [-15.7376, 14.4764], [-15.7359, 14.4797], [-15.735, 14.4824], [-15.7329, 14.4848], [-15.7308, 14.4874], [-15.7293, 14.49], [-15.7273, 14.4924], [-15.7254, 14.4946], [-15.7232, 14.4966], [-15.7212, 14.4981], [-15.7191, 14.4978], [-15.7173, 14.4977], [-15.715, 14.4972], [-15.7122, 14.4966], [-15.7091, 14.4955], [-15.7063, 14.494], [-15.7043, 14.4927], [-15.7019, 14.4905], [-15.7006, 14.489], [-15.6983, 14.4868], [-15.6963, 14.4851], [-15.6945, 14.4832], [-15.6934, 14.4809], [-15.6917, 14.4792], [-15.6914, 14.4777], [-15.6914, 14.4777], [-15.6903, 14.4762], [-15.6874, 14.4765], [-15.6846, 14.477], [-15.6813, 14.4786], [-15.6777, 14.4799], [-15.6746, 14.4813], [-15.6721, 14.4819], [-15.6692, 14.4823], [-15.666, 14.4816], [-15.663, 14.4809], [-15.6607, 14.4807], [-15.6575, 14.4799], [-15.6548, 14.4794], [-15.6514, 14.479], [-15.649, 14.4792], [-15.6457, 14.4793], [-15.6435, 14.4804], [-15.6416, 14.4813], [-15.6392, 14.4827], [-15.6388, 14.4841], [-15.6389, 14.486], [-15.6391, 14.4879], [-15.6403, 14.4901], [-15.6419, 14.4923], [-15.6463, 14.494], [-15.651, 14.4958], [-15.6557, 14.4972], [-15.6587, 14.4988], [-15.661, 14.5009], [-15.6615, 14.5035], [-15.6619, 14.5064], [-15.6607, 14.5087], [-15.6592, 14.5102], [-15.6576, 14.5114], [-15.6551, 14.5124], [-15.652, 14.513], [-15.6516, 14.5131], [-15.6478, 14.5142], [-15.6441, 14.5156], [-15.6404, 14.5168], [-15.6375, 14.518], [-15.6342, 14.5197], [-15.6066, 14.5297], [-15.579, 14.5397], [-15.5515, 14.5497], [-15.5239, 14.5598], [-15.4964, 14.5698], [-15.4688, 14.5798], [-15.4685, 14.5822], [-15.4652, 14.607], [-15.4622, 14.6291], [-15.4797, 14.6386], [-15.4983, 14.6428], [-15.5169, 14.647], [-15.5355, 14.6512], [-15.554, 14.6554], [-15.5688, 14.6624], [-15.5835, 14.6695], [-15.5982, 14.6765], [-15.6106, 14.6849], [-15.623, 14.6934], [-15.6354, 14.7018], [-15.65, 14.7112], [-15.6517, 14.7124], [-15.6633, 14.7102], [-15.6703, 14.6996], [-15.6888, 14.6911], [-15.719, 14.7016], [-15.7345, 14.7185], [-15.75, 14.7354], [-15.7644, 14.7513], [-15.7654, 14.7524], [-15.7665, 14.7507], [-15.7665, 14.7494], [-15.7687, 14.7487], [-15.7701, 14.7471], [-15.7718, 14.7461], [-15.7736, 14.7452], [-15.7758, 14.744], [-15.7788, 14.743], [-15.7811, 14.742], [-15.7827, 14.7414], [-15.7849, 14.7406], [-15.7874, 14.7396], [-15.7896, 14.739], [-15.7923, 14.738], [-15.7952, 14.7373], [-15.7964, 14.7341], [-15.7969, 14.7303], [-15.7975, 14.7276], [-15.7984, 14.7243], [-15.7992, 14.7215], [-15.8002, 14.7175], [-15.8005, 14.7141], [-15.8012, 14.7086], [-15.8017, 14.7055], [-15.8028, 14.7011], [-15.803, 14.6992], [-15.804, 14.6951], [-15.8041, 14.6905], [-15.8039, 14.6886], [-15.8038, 14.688], [-15.803, 14.6847], [-15.8023, 14.6821], [-15.8019, 14.6776], [-15.8009, 14.6728], [-15.8003, 14.6706], [-15.8, 14.6673], [-15.7995, 14.6631], [-15.7992, 14.6598], [-15.7987, 14.6557], [-15.7979, 14.6507], [-15.7968, 14.6465], [-15.7965, 14.6423], [-15.796, 14.6395], [-15.7959, 14.6358], [-15.7953, 14.6324], [-15.7957, 14.6299], [-15.7965, 14.6258], [-15.7967, 14.623], [-15.7968, 14.621], [-15.7977, 14.6177], [-15.7981, 14.6149], [-15.7995, 14.6119], [-15.8011, 14.6089], [-15.8017, 14.6063], [-15.8028, 14.6038], [-15.8032, 14.6029], [-15.8044, 14.6008], [-15.8052, 14.5978], [-15.8061, 14.596], [-15.8066, 14.5954], [-15.8078, 14.5936], [-15.8091, 14.5906], [-15.8101, 14.5885], [-15.8123, 14.5869], [-15.8142, 14.5852], [-15.8162, 14.5828], [-15.8188, 14.5794], [-15.8214, 14.5782], [-15.8239, 14.5765], [-15.8266, 14.5748], [-15.8297, 14.5728], [-15.833, 14.5704], [-15.8349, 14.5682], [-15.837, 14.5665], [-15.8377, 14.5649], [-15.8402, 14.5638], [-15.8422, 14.5613], [-15.8456, 14.5596], [-15.8474, 14.5579], [-15.8503, 14.5562], [-15.8536, 14.5542], [-15.8562, 14.5525], [-15.8592, 14.551], [-15.8626, 14.5495], [-15.8655, 14.5483], [-15.8689, 14.5463], [-15.8717, 14.5456], [-15.8749, 14.5443], [-15.8771, 14.5439], [-15.8807, 14.5426], [-15.885, 14.5415], [-15.8884, 14.5405], [-15.8923, 14.5402], [-15.8965, 14.5386], [-15.8991, 14.5385], [-15.9036, 14.5375], [-15.9083, 14.5367], [-15.9155, 14.5361], [-15.9158, 14.536], [-15.9164, 14.536], [-15.918, 14.5357], [-15.9222, 14.536], [-15.9251, 14.5348], [-15.9286, 14.5344], [-15.931, 14.5334], [-15.9331, 14.5327], [-15.9358, 14.532], [-15.9397, 14.5322], [-15.9438, 14.5315], [-15.9454, 14.5306], [-15.948, 14.5309], [-15.9515, 14.5308], [-15.9542, 14.5308], [-15.958, 14.5319], [-15.9619, 14.5327], [-15.9655, 14.5321], [-15.9683, 14.5317], [-15.9703, 14.5308], [-15.9731, 14.5294], [-15.9763, 14.5278], [-15.9803, 14.5251], [-15.983, 14.5237], [-15.9867, 14.5212], [-15.989, 14.5202], [-15.9911, 14.519], [-15.994, 14.5176], [-15.9969, 14.5162], [-15.9977, 14.515], [-15.9985, 14.5148], [-15.9998, 14.5145], [-16.0, 14.5144], [-16.0, 14.5343], [-16.0, 14.5347], [-16.0002, 14.5351], [-16.0014, 14.5355], [-16.0095, 14.5368], [-16.0162, 14.538], [-16.0214, 14.539], [-16.0294, 14.5398], [-16.0364, 14.541], [-16.0401, 14.5413], [-16.0442, 14.5416], [-16.0539, 14.5422], [-16.0573, 14.5425], [-16.0618, 14.5429], [-16.0722, 14.5437], [-16.0824, 14.5445], [-16.0948, 14.546], [-16.0968, 14.5462], [-16.1088, 14.5478], [-16.123, 14.5484], [-16.131, 14.5475], [-16.1425, 14.5473], [-16.1486, 14.548], [-16.1491, 14.5481], [-16.1533, 14.5492], [-16.1604, 14.5544], [-16.1655, 14.5574], [-16.1699, 14.5583], [-16.1728, 14.5586], [-16.1799, 14.561], [-16.187, 14.5631], [-16.1933, 14.5661], [-16.1991, 14.5716], [-16.2017, 14.5723], [-16.2116, 14.5723], [-16.2198, 14.5726], [-16.2276, 14.5734], [-16.2285, 14.5734], [-16.2412, 14.577], [-16.2464, 14.5774], [-16.2555, 14.5775], [-16.2619, 14.5778], [-16.2664, 14.5787], [-16.2708, 14.5793], [-16.274, 14.5791], [-16.2809, 14.5782], [-16.2851, 14.5772], [-16.2947, 14.5764], [-16.2949, 14.5764], [-16.2954, 14.5763], [-16.3027, 14.5757], [-16.3089, 14.5753], [-16.3166, 14.5738], [-16.3228, 14.5722], [-16.3271, 14.5721], [-16.3334, 14.5716], [-16.339, 14.5733], [-16.3437, 14.5793], [-16.3461, 14.582], [-16.3499, 14.5869], [-16.3532, 14.5921], [-16.3569, 14.598], [-16.3607, 14.6042], [-16.3613, 14.6042], [-16.363, 14.6043], [-16.371, 14.6033], [-16.3762, 14.6026], [-16.3829, 14.6014], [-16.3937, 14.6006], [-16.3987, 14.6002], [-16.409, 14.5994], [-16.4198, 14.5996], [-16.4269, 14.5993], [-16.4311, 14.598], [-16.4335, 14.5974], [-16.4378, 14.5963], [-16.4435, 14.5959], [-16.4519, 14.5956], [-16.4607, 14.5968], [-16.4703, 14.597], [-16.4759, 14.5959], [-16.4817, 14.5933], [-16.4865, 14.5928], [-16.49, 14.5954], [-16.4951, 14.5994], [-16.5014, 14.6031], [-16.5072, 14.6054], [-16.5137, 14.6068], [-16.515, 14.6071], [-16.5234, 14.6076], [-16.5254, 14.6076]]]}}, {"type": "Feature", "properties": {"code": "KF", "name": "Kaffrine", "region": "Kaffrine"}, "geometry": {"type": "Polygon", "coordinates": [[[-15.4622, 14.6291], [-15.4652, 14.607], [-15.4685, 14.5822], [-15.4688, 14.5798], [-15.4964, 14.5698], [-15.5239, 14.5598], [-15.5515, 14.5497], [-15.579, 14.5397], [-15.6066, 14.5297], [-15.6342, 14.5197], [-15.6375, 14.518], [-15.6404, 14.5168], [-15.6441, 14.5156], [-15.6478, 14.5142], [-15.6516, 14.5131], [-15.652, 14.513], [-15.6551, 14.5124], [-15.6576, 14.5114], [-15.6592, 14.5102], [-15.6607, 14.5087], [-15.6619, 14.5064], [-15.6615, 14.5035], [-15.661, 14.5009], [-15.6587, 14.4988], [-15.6557, 14.4972], [-15.651, 14.4958], [-15.6463, 14.494], [-15.6419, 14.4923], [-15.6403, 14.4901], [-15.6391, 14.4879], [-15.6389, 14.486], [-15.6388, 14.4841], [-15.6392, 14.4827], [-15.6416, 14.4813], [-15.6435, 14.4804], [-15.6457, 14.4793], [-15.649, 14.4792], [-15.6514, 14.479], [-15.6548, 14.4794], [-15.6575, 14.4799], [-15.6607, 14.4807], [-15.663, 14.4809], [-15.666, 14.4816], [-15.6692, 14.4823], [-15.6721, 14.4819], [-15.6746, 14.4813], [-15.6777, 14.4799], [-15.6813, 14.4786], [-15.6846, 14.477], [-15.6874, 14.4765], [-15.6903, 14.4762], [-15.6914, 14.4777], [-15.6914, 14.4777], [-15.6913, 14.4726], [-15.6919, 14.4695], [-15.6923, 14.4672], [-15.6934, 14.4642], [-15.693, 14.4634], [-15.6933, 14.4601], [-15.6942, 14.457], [-15.6949, 14.4537], [-15.6955, 14.4516], [-15.6956, 14.4477], [-15.6962, 14.4459], [-15.6974, 14.4415], [-15.6979, 14.4379], [-15.6985, 14.4336], [-15.6992, 14.4309], [-15.6996, 14.4275], [-15.6991, 14.4244], [-15.6986, 14.4223], [-15.6987, 14.4187], [-15.6982, 14.4154], [-15.6982, 14.4128], [-15.6978, 14.41], [-15.6975, 14.407], [-15.6971, 14.4042], [-15.6967, 14.3995], [-15.6958, 14.3957], [-15.6948, 14.3921], [-15.6943, 14.3881], [-15.6939, 14.3848], [-15.6935, 14.3811], [-15.6926, 14.3781], [-15.692, 14.3754], [-15.6914, 14.3719], [-15.6911, 14.3688], [-15.6902, 14.3649], [-15.6895, 14.3614], [-15.6891, 14.3578], [-15.6884, 14.355], [-15.6887, 14.3522], [-15.689, 14.3494], [-15.6891, 14.347], [-15.6895, 14.3437], [-15.6899, 14.3395], [-15.6901, 14.3374], [-15.6902, 14.3358], [-15.6894, 14.3331], [-15.6898, 14.33], [-15.6895, 14.3276], [-15.6893, 14.3257], [-15.6893, 14.3237], [-15.6895, 14.3219], [-15.6898, 14.3199], [-15.6901, 14.3179], [-15.6899, 14.3151], [-15.6904, 14.311], [-15.6907, 14.3074], [-15.6908, 14.3048], [-15.691, 14.3029], [-15.6908, 14.2997], [-15.6906, 14.2984], [-15.69, 14.2966], [-15.6912, 14.2966], [-15.7985, 14.2938], [-15.8005, 14.2932], [-15.801, 14.2931], [-15.8014, 14.293], [-15.8014, 14.2917], [-15.8012, 14.2903], [-15.8017, 14.2885], [-15.8025, 14.2868], [-15.8033, 14.2842], [-15.8052, 14.2803], [-15.8061, 14.2775], [-15.8067, 14.2747], [-15.8076, 14.2717], [-15.8085, 14.2695], [-15.8095, 14.2657], [-15.8108, 14.2633], [-15.8118, 14.2614], [-15.8128, 14.2596], [-15.8138, 14.2579], [-15.8146, 14.2556], [-15.816, 14.2527], [-15.8173, 14.2496], [-15.8182, 14.2482], [-15.8194, 14.2454], [-15.8208, 14.2432], [-15.8224, 14.2402], [-15.8243, 14.2371], [-15.8258, 14.2336], [-15.8262, 14.2326], [-15.8264, 14.2322], [-15.8284, 14.2286], [-15.8297, 14.2253], [-15.8313, 14.2223], [-15.8329, 14.2195], [-15.834, 14.2164], [-15.8355, 14.2129], [-15.8371, 14.2096], [-15.8387, 14.2065], [-15.8399, 14.2031], [-15.8417, 14.1996], [-15.8427, 14.1968], [-15.8441, 14.1939], [-15.8452, 14.1912], [-15.8461, 14.1883], [-15.8479, 14.1851], [-15.8491, 14.1828], [-15.8501, 14.1797], [-15.8509, 14.1775], [-15.8519, 14.1749], [-15.8523, 14.1726], [-15.8526, 14.1701], [-15.8522, 14.167], [-15.8521, 14.1642], [-15.8521, 14.1614], [-15.852, 14.1574], [-15.8522, 14.1542], [-15.8522, 14.1507], [-15.8525, 14.1463], [-15.8526, 14.1419], [-15.8524, 14.1392], [-15.8523, 14.1363], [-15.852, 14.1329], [-15.8516, 14.129], [-15.8514, 14.1264], [-15.8512, 14.1227], [-15.8506, 14.1191], [-15.8507, 14.1165], [-15.853, 14.1149], [-15.8554, 14.1159], [-15.8603, 14.1117], [-15.8615, 14.1111], [-15.8622, 14.1105], [-15.8629, 14.1101], [-15.8628, 14.1094], [-15.8625, 14.1084], [-15.8623, 14.108], [-15.8616, 14.1067], [-15.8604, 14.1053], [-15.86, 14.1048], [-15.8591, 14.104], [-15.8577, 14.1024], [-15.8572, 14.1008], [-15.8566, 14.0991], [-15.8552, 14.0967], [-15.8531, 14.0922], [-15.8508, 14.0873], [-15.8472, 14.0828], [-15.844, 14.079], [-15.8402, 14.0763], [-15.838, 14.0746], [-15.8353, 14.0723], [-15.8327, 14.0707], [-15.8302, 14.0688], [-15.8279, 14.0677], [-15.8266, 14.0673], [-15.8254, 14.0664], [-15.8241, 14.066], [-15.8226, 14.065], [-15.8213, 14.0632], [-15.8202, 14.0622], [-15.8179, 14.0608], [-15.8152, 14.0606], [-15.8129, 14.0582], [-15.8121, 14.0576], [-15.8109, 14.057], [-15.8084, 14.057], [-15.8041, 14.0561], [-15.8018, 14.0561], [-15.8, 14.0552], [-15.799, 14.0527], [-15.7947, 14.053], [-15.7912, 14.0524], [-15.7908, 14.0523], [-15.7901, 14.0522], [-15.7893, 14.052], [-15.7877, 14.0431], [-15.7881, 14.0328], [-15.7889, 14.0231], [-15.7853, 14.0184], [-15.7838, 14.0164], [-15.7839, 14.0063], [-15.7839, 14.0053], [-15.7828, 14.0034], [-15.7823, 13.9971], [-15.7822, 13.9944], [-15.7769, 13.9893], [-15.7721, 13.9844], [-15.7673, 13.9786], [-15.7576, 13.9683], [-15.7573, 13.9682], [-15.7449, 13.9599], [-15.7372, 13.9565], [-15.7302, 13.9525], [-15.7228, 13.9478], [-15.7149, 13.9432], [-15.7065, 13.9378], [-15.6992, 13.9321], [-15.6921, 13.9236], [-15.6886, 13.9185], [-15.6838, 13.9126], [-15.6839, 13.9041], [-15.6847, 13.9016], [-15.6898, 13.8897], [-15.6911, 13.8873], [-15.6947, 13.8825], [-15.7002, 13.8768], [-15.7044, 13.873], [-15.7081, 13.8696], [-15.7112, 13.8666], [-15.7112, 13.8666], [-15.7113, 13.8656], [-15.7111, 13.8626], [-15.7108, 13.8607], [-15.7106, 13.8589], [-15.7099, 13.858], [-15.7096, 13.8564], [-15.709, 13.8543], [-15.7088, 13.8534], [-15.7083, 13.8512], [-15.7082, 13.8487], [-15.7079, 13.8471], [-15.7075, 13.8447], [-15.707, 13.8422], [-15.706, 13.8403], [-15.7051, 13.8379], [-15.7051, 13.8378], [-15.7042, 13.8362], [-15.7038, 13.8352], [-15.7028, 13.834], [-15.7019, 13.8328], [-15.7009, 13.8316], [-15.6999, 13.831], [-15.6983, 13.83], [-15.6952, 13.8295], [-15.6942, 13.8291], [-15.6916, 13.8276], [-15.6896, 13.8268], [-15.6886, 13.826], [-15.6871, 13.8248], [-15.6852, 13.8236], [-15.6835, 13.8223], [-15.6818, 13.8206], [-15.6815, 13.8196], [-15.6803, 13.8189], [-15.6792, 13.8178], [-15.6773, 13.8168], [-15.6761, 13.816], [-15.675, 13.8146], [-15.6735, 13.8138], [-15.6719, 13.812], [-15.671, 13.811], [-15.6692, 13.8099], [-15.6684, 13.8086], [-15.6662, 13.8062], [-15.6657, 13.8048], [-15.6645, 13.8037], [-15.6645, 13.8026], [-15.6633, 13.8007], [-15.661, 13.798], [-15.6586, 13.7951], [-15.6574, 13.7938], [-15.6554, 13.7923], [-15.655, 13.7916], [-15.6546, 13.7913], [-15.6541, 13.7907], [-15.653, 13.7893], [-15.652, 13.7887], [-15.6503, 13.7877], [-15.6501, 13.7872], [-15.649, 13.7865], [-15.6481, 13.7858], [-15.6473, 13.7854], [-15.6466, 13.7847], [-15.6453, 13.7832], [-15.6446, 13.7825], [-15.6435, 13.7812], [-15.6423, 13.7806], [-15.6414, 13.7794], [-15.6389, 13.7784], [-15.6371, 13.7774], [-15.6349, 13.7759], [-15.6353, 13.7746], [-15.6334, 13.7749], [-15.6319, 13.7753], [-15.6291, 13.7764], [-15.6272, 13.7772], [-15.6254, 13.7782], [-15.6244, 13.7789], [-15.6243, 13.7789], [-15.6236, 13.7795], [-15.6219, 13.7837], [-15.6211, 13.7865], [-15.617, 13.7918], [-15.6146, 13.7932], [-15.6124, 13.7945], [-15.6107, 13.7957], [-15.6096, 13.7966], [-15.6084, 13.7982], [-15.6078, 13.7987], [-15.6068, 13.8016], [-15.6062, 13.8038], [-15.6053, 13.8065], [-15.6041, 13.809], [-15.6025, 13.8114], [-15.6006, 13.8137], [-15.5989, 13.8159], [-15.598, 13.8183], [-15.597, 13.8198], [-15.5952, 13.8229], [-15.5936, 13.8252], [-15.5909, 13.828], [-15.5902, 13.8291], [-15.5892, 13.8282], [-15.5884, 13.8291], [-15.5859, 13.8308], [-15.5811, 13.831], [-15.5767, 13.8297], [-15.5723, 13.828], [-15.5679, 13.8263], [-15.5651, 13.8238], [-15.5609, 13.8221], [-15.5558, 13.8199], [-15.5516, 13.8185], [-15.5481, 13.8168], [-15.5442, 13.8151], [-15.5409, 13.8137], [-15.5369, 13.8102], [-15.5351, 13.8083], [-15.5328, 13.8067], [-15.5312, 13.8056], [-15.5292, 13.8046], [-15.5276, 13.8034], [-15.5254, 13.8021], [-15.5236, 13.8013], [-15.522, 13.8004], [-15.5196, 13.8002], [-15.5173, 13.7994], [-15.5149, 13.7989], [-15.5143, 13.7988], [-15.5126, 13.7986], [-15.5094, 13.7984], [-15.5066, 13.7985], [-15.5035, 13.7984], [-15.5008, 13.7987], [-15.4981, 13.7987], [-15.4953, 13.7992], [-15.4935, 13.8003], [-15.4917, 13.8011], [-15.4895, 13.8014], [-15.4874, 13.8014], [-15.4854, 13.8016], [-15.4821, 13.802], [-15.479, 13.8022], [-15.4758, 13.8023], [-15.4716, 13.8021], [-15.4678, 13.8013], [-15.4652, 13.8008], [-15.4621, 13.8006], [-15.4582, 13.801], [-15.4555, 13.8008], [-15.4525, 13.8012], [-15.4494, 13.8013], [-15.4468, 13.8015], [-15.4441, 13.8017], [-15.442, 13.8011], [-15.4401, 13.7996], [-15.4393, 13.7982], [-15.4391, 13.797], [-15.4386, 13.7948], [-15.4372, 13.7927], [-15.4366, 13.7905], [-15.4359, 13.7889], [-15.4348, 13.7869], [-15.4338, 13.7852], [-15.433, 13.7835], [-15.4322, 13.7816], [-15.4309, 13.778], [-15.4296, 13.7765], [-15.4286, 13.7739], [-15.4277, 13.7719], [-15.4266, 13.7691], [-15.4252, 13.7666], [-15.424, 13.764], [-15.4229, 13.7614], [-15.4218, 13.7591], [-15.4209, 13.7574], [-15.4197, 13.7549], [-15.4188, 13.752], [-15.4177, 13.7507], [-15.4174, 13.7487], [-15.4166, 13.7473], [-15.4161, 13.7461], [-15.4144, 13.7432], [-15.4144, 13.7432], [-15.4123, 13.7467], [-15.4101, 13.7491], [-15.4045, 13.7527], [-15.4017, 13.7541], [-15.3994, 13.7563], [-15.3926, 13.7614], [-15.3884, 13.7644], [-15.3831, 13.767], [-15.3792, 13.7689], [-15.3729, 13.7719], [-15.3675, 13.7741], [-15.3625, 13.7762], [-15.3602, 13.7773], [-15.3569, 13.7783], [-15.3543, 13.7792], [-15.3514, 13.78], [-15.3419, 13.7838], [-15.336, 13.7851], [-15.3325, 13.7855], [-15.3274, 13.7865], [-15.3201, 13.787], [-15.3147, 13.7868], [-15.3079, 13.7864], [-15.307, 13.7863], [-15.2997, 13.7854], [-15.2832, 13.7819], [-15.2734, 13.7781], [-15.2671, 13.7743], [-15.2599, 13.7692], [-15.2537, 13.7642], [-15.2475, 13.7582], [-15.2428, 13.7537], [-15.2405, 13.751], [-15.2164, 13.7515], [-15.2063, 13.7576], [-15.1959, 13.7638], [-15.1904, 13.7672], [-15.184, 13.771], [-15.1768, 13.7757], [-15.1666, 13.7815], [-15.1514, 13.7904], [-15.1402, 13.7975], [-15.136, 13.8004], [-15.1276, 13.8052], [-15.1237, 13.8076], [-15.1183, 13.8093], [-15.1114, 13.8107], [-15.1057, 13.8123], [-15.1046, 13.8126], [-15.1016, 13.8157], [-15.0948, 13.8171], [-15.0905, 13.8188], [-15.0858, 13.8205], [-15.0809, 13.8223], [-15.076, 13.8236], [-15.066, 13.8279], [-15.0613, 13.8283], [-15.0545, 13.8255], [-15.0458, 13.8222], [-15.0293, 13.8166], [-15.014, 13.8111], [-15.0019, 13.8063], [-15.0008, 13.806], [-14.9999, 13.8055], [-14.999, 13.8053], [-14.9974, 13.8048], [-14.9958, 13.8041], [-14.9942, 13.8036], [-14.9927, 13.8028], [-14.9902, 13.8022], [-14.9887, 13.8018], [-14.9871, 13.8018], [-14.9826, 13.8003], [-14.9812, 13.7994], [-14.9787, 13.799], [-14.9767, 13.7984], [-14.9742, 13.7981], [-14.9715, 13.7967], [-14.9685, 13.7973], [-14.9661, 13.7978], [-14.9637, 13.7986], [-14.9608, 13.7995], [-14.9581, 13.7999], [-14.9553, 13.8011], [-14.9527, 13.8014], [-14.9495, 13.8022], [-14.9475, 13.8027], [-14.9444, 13.8026], [-14.9417, 13.8027], [-14.9391, 13.8023], [-14.9357, 13.8029], [-14.9333, 13.8024], [-14.9302, 13.8024], [-14.9274, 13.802], [-14.9247, 13.8016], [-14.9218, 13.8015], [-14.9193, 13.8007], [-14.9161, 13.8004], [-14.9139, 13.8], [-14.9126, 13.7999], [-14.9113, 13.7995], [-14.9101, 13.7992], [-14.9089, 13.7986], [-14.9084, 13.7985], [-14.9064, 13.7987], [-14.9059, 13.7987], [-14.9045, 13.7986], [-14.9022, 13.7987], [-14.9, 13.7973], [-14.8986, 13.7966], [-14.8963, 13.7959], [-14.8933, 13.7951], [-14.8906, 13.7944], [-14.8878, 13.7943], [-14.887, 13.7933], [-14.8842, 13.7931], [-14.883, 13.7922], [-14.8816, 13.7917], [-14.8803, 13.7918], [-14.8773, 13.7905], [-14.8746, 13.7888], [-14.8727, 13.7882], [-14.87, 13.7875], [-14.8663, 13.7861], [-14.8637, 13.7848], [-14.8616, 13.7843], [-14.8602, 13.7838], [-14.8578, 13.7824], [-14.8549, 13.7811], [-14.8506, 13.7794], [-14.849, 13.7784], [-14.8457, 13.7771], [-14.8442, 13.7758], [-14.8428, 13.7752], [-14.8425, 13.7749], [-14.8414, 13.7747], [-14.8395, 13.7739], [-14.8381, 13.7726], [-14.836, 13.7708], [-14.8347, 13.7702], [-14.8336, 13.7695], [-14.8336, 13.7707], [-14.8331, 13.7714], [-14.8321, 13.7723], [-14.832, 13.773], [-14.8326, 13.7763], [-14.8304, 13.778], [-14.829, 13.7791], [-14.8269, 13.7804], [-14.827, 13.7834], [-14.826, 13.784], [-14.8233, 13.7854], [-14.8221, 13.789], [-14.8207, 13.7908], [-14.8184, 13.7938], [-14.8186, 13.7951], [-14.8163, 13.7972], [-14.8145, 13.8003], [-14.8124, 13.8024], [-14.8108, 13.8057], [-14.8094, 13.8091], [-14.8064, 13.8103], [-14.8048, 13.8122], [-14.8047, 13.8123], [-14.8042, 13.8124], [-14.8006, 13.8132], [-14.7976, 13.813], [-14.793, 13.8125], [-14.7874, 13.8134], [-14.7814, 13.8136], [-14.7772, 13.8141], [-14.7728, 13.8134], [-14.7665, 13.8147], [-14.7608, 13.8147], [-14.7557, 13.8141], [-14.7525, 13.8152], [-14.7459, 13.8151], [-14.7381, 13.8168], [-14.7311, 13.8168], [-14.724, 13.8179], [-14.7211, 13.8187], [-14.7208, 13.8188], [-14.7206, 13.8191], [-14.7202, 13.8207], [-14.7195, 13.8232], [-14.7179, 13.8276], [-14.7156, 13.8302], [-14.7145, 13.8329], [-14.7143, 13.8361], [-14.7125, 13.8402], [-14.7109, 13.8437], [-14.7087, 13.8491], [-14.706, 13.8551], [-14.706, 13.8551], [-14.7054, 13.8567], [-14.7038, 13.8607], [-14.7018, 13.8657], [-14.6989, 13.8721], [-14.6967, 13.8777], [-14.694, 13.8845], [-14.6924, 13.8871], [-14.6884, 13.8887], [-14.6832, 13.8912], [-14.6801, 13.8929], [-14.677, 13.8936], [-14.6722, 13.8969], [-14.6684, 13.8993], [-14.666, 13.9019], [-14.6606, 13.9046], [-14.6572, 13.9074], [-14.653, 13.9094], [-14.6509, 13.9102], [-14.6479, 13.9129], [-14.6451, 13.9159], [-14.6397, 13.9182], [-14.6356, 13.9205], [-14.6328, 13.9218], [-14.6277, 13.9266], [-14.6242, 13.928], [-14.6203, 13.9301], [-14.6153, 13.9326], [-14.6123, 13.936], [-14.6079, 13.9371], [-14.6061, 13.9395], [-14.6024, 13.941], [-14.6016, 13.9434], [-14.6003, 13.9471], [-14.5996, 13.9498], [-14.5983, 13.952], [-14.5969, 13.9562], [-14.5956, 13.9597], [-14.5945, 13.9628], [-14.5935, 13.9663], [-14.5925, 13.9697], [-14.5918, 13.9722], [-14.59, 13.9759], [-14.5889, 13.9785], [-14.5881, 13.9809], [-14.5873, 13.9832], [-14.5864, 13.9861], [-14.5854, 13.9885], [-14.5846, 13.9908], [-14.5839, 13.9938], [-14.5833, 13.9955], [-14.5829, 13.9982], [-14.5826, 13.9999], [-14.5829, 14.0005], [-14.5832, 14.0012], [-14.5834, 14.002], [-14.5837, 14.0039], [-14.584, 14.0064], [-14.5844, 14.0077], [-14.5844, 14.0099], [-14.5843, 14.0112], [-14.5847, 14.0125], [-14.5857, 14.0163], [-14.586, 14.019], [-14.5859, 14.0191], [-14.5864, 14.0219], [-14.5868, 14.0247], [-14.5874, 14.0267], [-14.5873, 14.0305], [-14.588, 14.0342], [-14.5878, 14.0388], [-14.5884, 14.0406], [-14.5889, 14.0434], [-14.589, 14.046], [-14.5893, 14.0492], [-14.5899, 14.0515], [-14.5904, 14.0535], [-14.5905, 14.057], [-14.5912, 14.0589], [-14.591, 14.0615], [-14.5915, 14.0627], [-14.5916, 14.0674], [-14.5924, 14.0693], [-14.5924, 14.0721], [-14.5932, 14.0741], [-14.5931, 14.0771], [-14.5934, 14.0792], [-14.5934, 14.0822], [-14.5939, 14.0835], [-14.5942, 14.0852], [-14.5943, 14.0871], [-14.5946, 14.089], [-14.595, 14.0907], [-14.5948, 14.0921], [-14.5941, 14.0945], [-14.5938, 14.0962], [-14.5935, 14.0979], [-14.5934, 14.0991], [-14.5926, 14.1023], [-14.5923, 14.1035], [-14.5922, 14.1051], [-14.5918, 14.1076], [-14.5912, 14.1103], [-14.591, 14.1116], [-14.5909, 14.1125], [-14.5908, 14.1129], [-14.5906, 14.1138], [-14.5904, 14.1146], [-14.59, 14.116], [-14.5899, 14.1164], [-14.5896, 14.1179], [-14.589, 14.1213], [-14.5884, 14.1229], [-14.5883, 14.1247], [-14.5875, 14.1276], [-14.5873, 14.1298], [-14.587, 14.1323], [-14.5863, 14.1349], [-14.5859, 14.1365], [-14.5856, 14.1376], [-14.5857, 14.1383], [-14.5858, 14.1394], [-14.5856, 14.1414], [-14.5857, 14.1438], [-14.5859, 14.1463], [-14.5862, 14.1491], [-14.5865, 14.1525], [-14.5871, 14.1549], [-14.5873, 14.1579], [-14.5876, 14.1609], [-14.5877, 14.1618], [-14.5879, 14.1636], [-14.5878, 14.1661], [-14.5882, 14.169], [-14.5887, 14.1719], [-14.5887, 14.1749], [-14.589, 14.1764], [-14.5893, 14.1782], [-14.5895, 14.181], [-14.5897, 14.1832], [-14.59, 14.1857], [-14.5902, 14.1882], [-14.5905, 14.1906], [-14.5905, 14.1926], [-14.5909, 14.1942], [-14.5912, 14.1956], [-14.5912, 14.1969], [-14.5912, 14.1987], [-14.5912, 14.201], [-14.5915, 14.2024], [-14.5917, 14.2054], [-14.5919, 14.2072], [-14.592, 14.2089], [-14.5924, 14.213], [-14.5926, 14.2154], [-14.5929, 14.2171], [-14.593, 14.219], [-14.5931, 14.2211], [-14.5935, 14.2241], [-14.5941, 14.2252], [-14.5944, 14.228], [-14.5943, 14.2308], [-14.5946, 14.2346], [-14.5949, 14.2379], [-14.5952, 14.24], [-14.5957, 14.2429], [-14.5957, 14.2455], [-14.596, 14.2482], [-14.5964, 14.2512], [-14.5965, 14.255], [-14.5972, 14.2579], [-14.5972, 14.259], [-14.5983, 14.2602], [-14.5996, 14.262], [-14.6014, 14.263], [-14.604, 14.2657], [-14.606, 14.2677], [-14.6068, 14.2686], [-14.6075, 14.2694], [-14.6077, 14.2697], [-14.6103, 14.2722], [-14.6121, 14.2739], [-14.6158, 14.277], [-14.62, 14.2813], [-14.6239, 14.2844], [-14.6267, 14.2873], [-14.6298, 14.2895], [-14.6327, 14.2924], [-14.6364, 14.296], [-14.6384, 14.2976], [-14.64, 14.2989], [-14.6417, 14.3012], [-14.6421, 14.3124], [-14.6409, 14.3275], [-14.6396, 14.3543], [-14.6378, 14.381], [-14.636, 14.4079], [-14.6347, 14.4346], [-14.6338, 14.4522], [-14.6324, 14.4615], [-14.631, 14.4883], [-14.6295, 14.5151], [-14.6287, 14.528], [-14.628, 14.5419], [-14.6266, 14.5669], [-14.6534, 14.5749], [-14.6814, 14.5829], [-14.7093, 14.5909], [-14.7371, 14.5992], [-14.754, 14.6042], [-14.7544, 14.6043], [-14.7652, 14.6075], [-14.7922, 14.6155], [-14.8208, 14.6241], [-14.8493, 14.6315], [-14.8692, 14.6557], [-14.8895, 14.6791], [-14.9104, 14.7036], [-14.9378, 14.6868], [-14.9645, 14.6698], [-14.9914, 14.6536], [-14.9998, 14.6469], [-15.0, 14.6468], [-15.0173, 14.6363], [-15.0238, 14.6125], [-15.0392, 14.6149], [-15.0547, 14.6173], [-15.0701, 14.6196], [-15.0766, 14.6206], [-15.0855, 14.622], [-15.1033, 14.6253], [-15.121, 14.6286], [-15.1387, 14.6319], [-15.1605, 14.6358], [-15.1736, 14.6382], [-15.1866, 14.6407], [-15.1996, 14.6432], [-15.2119, 14.6457], [-15.2243, 14.6481], [-15.2367, 14.6506], [-15.2528, 14.6534], [-15.2689, 14.6562], [-15.2849, 14.659], [-15.301, 14.6618], [-15.3099, 14.6639], [-15.3278, 14.6744], [-15.3458, 14.6849], [-15.3662, 14.6924], [-15.3865, 14.6999], [-15.4069, 14.7074], [-15.4272, 14.7149], [-15.4497, 14.7232], [-15.4506, 14.7161], [-15.4542, 14.6888], [-15.4579, 14.6615], [-15.4615, 14.6343], [-15.4622, 14.6291]]]}}, {"type": "Feature", "properties": {"code": "KL", "name": "Kaolack", "region": "Kaolack"}, "geometry": {"type": "Polygon", "coordinates": [[[-16.09, 13.5935], [-16.0853, 13.5934], [-16.0832, 13.5932], [-16.0569, 13.5936], [-16.0294, 13.5942], [-16.0015, 13.5929], [-15.9996, 13.5928], [-15.9912, 13.5923], [-15.985, 13.5928], [-15.9732, 13.5926], [-15.9595, 13.5926], [-15.9524, 13.5924], [-15.944, 13.5925], [-15.9287, 13.5926], [-15.9216, 13.5925], [-15.9086, 13.5926], [-15.8956, 13.5927], [-15.8924, 13.5928], [-15.8923, 13.5928], [-15.8826, 13.5929], [-15.8565, 13.5923], [-15.8376, 13.5922], [-15.7911, 13.5924], [-15.7756, 13.5924], [-15.7602, 13.5924], [-15.7576, 13.5924], [-15.7574, 13.5924], [-15.7415, 13.5925], [-15.7228, 13.5926], [-15.6998, 13.5929], [-15.6861, 13.5931], [-15.6773, 13.5924], [-15.6699, 13.5923], [-15.6672, 13.592], [-15.6643, 13.592], [-15.6611, 13.592], [-15.6578, 13.5922], [-15.6531, 13.5922], [-15.6505, 13.5921], [-15.6448, 13.5921], [-15.6414, 13.5922], [-15.6394, 13.5924], [-15.6367, 13.5925], [-15.6283, 13.5925], [-15.6257, 13.5924], [-15.6225, 13.5923], [-15.6195, 13.5921], [-15.6134, 13.5921], [-15.592, 13.5926], [-15.584, 13.5925], [-15.571, 13.5925], [-15.5653, 13.5921], [-15.5608, 13.5924], [-15.5566, 13.5923], [-15.5462, 13.5922], [-15.5355, 13.5923], [-15.5175, 13.5922], [-15.5102, 13.5922], [-15.4975, 13.5921], [-15.4889, 13.5921], [-15.4761, 13.5917], [-15.4747, 13.5917], [-15.4724, 13.6042], [-15.4717, 13.61], [-15.4694, 13.6204], [-15.4677, 13.6312], [-15.4646, 13.6453], [-15.4614, 13.6568], [-15.4572, 13.6729], [-15.4499, 13.6921], [-15.4449, 13.7024], [-15.4411, 13.7109], [-15.4349, 13.7197], [-15.4305, 13.7265], [-15.4199, 13.7392], [-15.4152, 13.7429], [-15.4144, 13.7432], [-15.4161, 13.7461], [-15.4166, 13.7473], [-15.4174, 13.7487], [-15.4177, 13.7507], [-15.4188, 13.752], [-15.4197, 13.7549], [-15.4209, 13.7574], [-15.4218, 13.7591], [-15.4229, 13.7614], [-15.424, 13.764], [-15.4252, 13.7666], [-15.4266, 13.7691], [-15.4277, 13.7719], [-15.4286, 13.7739], [-15.4296, 13.7765], [-15.4309, 13.778], [-15.4322, 13.7816], [-15.433, 13.7835], [-15.4338, 13.7852], [-15.4348, 13.7869], [-15.4359, 13.7889], [-15.4366, 13.7905], [-15.4372, 13.7927], [-15.4386, 13.7948], [-15.4391, 13.797], [-15.4393, 13.7982], [-15.4401, 13.7996], [-15.442, 13.8011], [-15.4441, 13.8017], [-15.4468, 13.8015], [-15.4494, 13.8013], [-15.4525, 13.8012], [-15.4555, 13.8008], [-15.4582, 13.801], [-15.4621, 13.8006], [-15.4652, 13.8008], [-15.4678, 13.8013], [-15.4716, 13.8021], [-15.4758, 13.8023], [-15.479, 13.8022], [-15.4821, 13.802], [-15.4854, 13.8016], [-15.4874, 13.8014], [-15.4895, 13.8014], [-15.4917, 13.8011], [-15.4935, 13.8003], [-15.4953, 13.7992], [-15.4981, 13.7987], [-15.5008, 13.7987], [-15.5035, 13.7984], [-15.5066, 13.7985], [-15.5094, 13.7984], [-15.5126, 13.7986], [-15.5143, 13.7988], [-15.5149, 13.7989], [-15.5173, 13.7994], [-15.5196, 13.8002], [-15.522, 13.8004], [-15.5236, 13.8013], [-15.5254, 13.8021], [-15.5276, 13.8034], [-15.5292, 13.8046], [-15.5312, 13.8056], [-15.5328, 13.8067], [-15.5351, 13.8083], [-15.5369, 13.8102], [-15.5409, 13.8137], [-15.5442, 13.8151], [-15.5481, 13.8168], [-15.5516, 13.8185], [-15.5558, 13.8199], [-15.5609, 13.8221], [-15.5651, 13.8238], [-15.5679, 13.8263], [-15.5723, 13.828], [-15.5767, 13.8297], [-15.5811, 13.831], [-15.5859, 13.8308], [-15.5884, 13.8291], [-15.5892, 13.8282], [-15.5902, 13.8291], [-15.5909, 13.828], [-15.5936, 13.8252], [-15.5952, 13.8229], [-15.597, 13.8198], [-15.598, 13.8183], [-15.5989, 13.8159], [-15.6006, 13.8137], [-15.6025, 13.8114], [-15.6041, 13.809], [-15.6053, 13.8065], [-15.6062, 13.8038], [-15.6068, 13.8016], [-15.6078, 13.7987], [-15.6084, 13.7982], [-15.6096, 13.7966], [-15.6107, 13.7957], [-15.6124, 13.7945], [-15.6146, 13.7932], [-15.617, 13.7918], [-15.6211, 13.7865], [-15.6219, 13.7837], [-15.6236, 13.7795], [-15.6243, 13.7789], [-15.6244, 13.7789], [-15.6254, 13.7782], [-15.6272, 13.7772], [-15.6291, 13.7764], [-15.6319, 13.7753], [-15.6334, 13.7749], [-15.6353, 13.7746], [-15.6349, 13.7759], [-15.6371, 13.7774], [-15.6389, 13.7784], [-15.6414, 13.7794], [-15.6423, 13.7806], [-15.6435, 13.7812], [-15.6446, 13.7825], [-15.6453, 13.7832], [-15.6466, 13.7847], [-15.6473, 13.7854], [-15.6481, 13.7858], [-15.649, 13.7865], [-15.6501, 13.7872], [-15.6503, 13.7877], [-15.652, 13.7887], [-15.653, 13.7893], [-15.6541, 13.7907], [-15.6546, 13.7913], [-15.655, 13.7916], [-15.6554, 13.7923], [-15.6574, 13.7938], [-15.6586, 13.7951], [-15.661, 13.798], [-15.6633, 13.8007], [-15.6645, 13.8026], [-15.6645, 13.8037], [-15.6657, 13.8048], [-15.6662, 13.8062], [-15.6684, 13.8086], [-15.6692, 13.8099], [-15.671, 13.811], [-15.6719, 13.812], [-15.6735, 13.8138], [-15.675, 13.8146], [-15.6761, 13.816], [-15.6773, 13.8168], [-15.6792, 13.8178], [-15.6803, 13.8189], [-15.6815, 13.8196], [-15.6818, 13.8206], [-15.6835, 13.8223], [-15.6852, 13.8236], [-15.6871, 13.8248], [-15.6886, 13.826], [-15.6896, 13.8268], [-15.6916, 13.8276], [-15.6942, 13.8291], [-15.6952, 13.8295], [-15.6983, 13.83], [-15.6999, 13.831], [-15.7009, 13.8316], [-15.7019, 13.8328], [-15.7028, 13.834], [-15.7038, 13.8352], [-15.7042, 13.8362], [-15.7051, 13.8378], [-15.7051, 13.8379], [-15.706, 13.8403], [-15.707, 13.8422], [-15.7075, 13.8447], [-15.7079, 13.8471], [-15.7082, 13.8487], [-15.7083, 13.8512], [-15.7088, 13.8534], [-15.709, 13.8543], [-15.7096, 13.8564], [-15.7099, 13.858], [-15.7106, 13.8589], [-15.7108, 13.8607], [-15.7111, 13.8626], [-15.7113, 13.8656], [-15.7112, 13.8666], [-15.7112, 13.8666], [-15.7081, 13.8696], [-15.7044, 13.873], [-15.7002, 13.8768], [-15.6947, 13.8825], [-15.6911, 13.8873], [-15.6898, 13.8897], [-15.6847, 13.9016], [-15.6839, 13.9041], [-15.6838, 13.9126], [-15.6886, 13.9185], [-15.6921, 13.9236], [-15.6992, 13.9321], [-15.7065, 13.9378], [-15.7149, 13.9432], [-15.7228, 13.9478], [-15.7302, 13.9525], [-15.7372, 13.9565], [-15.7449, 13.9599], [-15.7573, 13.9682], [-15.7576, 13.9683], [-15.7673, 13.9786], [-15.7721, 13.9844], [-15.7769, 13.9893], [-15.7822, 13.9944], [-15.7823, 13.9971], [-15.7828, 14.0034], [-15.7839, 14.0053], [-15.7839, 14.0063], [-15.7838, 14.0164], [-15.7853, 14.0184], [-15.7889, 14.0231], [-15.7881, 14.0328], [-15.7877, 14.0431], [-15.7893, 14.052], [-15.7901, 14.0522], [-15.7908, 14.0523], [-15.7912, 14.0524], [-15.7947, 14.053], [-15.799, 14.0527], [-15.8, 14.0552], [-15.8018, 14.0561], [-15.8041, 14.0561], [-15.8084, 14.057], [-15.8109, 14.057], [-15.8121, 14.0576], [-15.8129, 14.0582], [-15.8152, 14.0606], [-15.8179, 14.0608], [-15.8202, 14.0622], [-15.8213, 14.0632], [-15.8226, 14.065], [-15.8241, 14.066], [-15.8254, 14.0664], [-15.8266, 14.0673], [-15.8279, 14.0677], [-15.8302, 14.0688], [-15.8327, 14.0707], [-15.8353, 14.0723], [-15.838, 14.0746], [-15.8402, 14.0763], [-15.844, 14.079], [-15.8472, 14.0828], [-15.8508, 14.0873], [-15.8531, 14.0922], [-15.8552, 14.0967], [-15.8566, 14.0991], [-15.8572, 14.1008], [-15.8577, 14.1024], [-15.8591, 14.104], [-15.86, 14.1048], [-15.8604, 14.1053], [-15.8616, 14.1067], [-15.8623, 14.108], [-15.8625, 14.1084], [-15.8628, 14.1094], [-15.8629, 14.1101], [-15.8622, 14.1105], [-15.8615, 14.1111], [-15.8603, 14.1117], [-15.8554, 14.1159], [-15.853, 14.1149], [-15.8507, 14.1165], [-15.8506, 14.1191], [-15.8512, 14.1227], [-15.8514, 14.1264], [-15.8516, 14.129], [-15.852, 14.1329], [-15.8523, 14.1363], [-15.8524, 14.1392], [-15.8526, 14.1419], [-15.8525, 14.1463], [-15.8522, 14.1507], [-15.8522, 14.1542], [-15.852, 14.1574], [-15.8521, 14.1614], [-15.8521, 14.1642], [-15.8522, 14.167], [-15.8526, 14.1701], [-15.8523, 14.1726], [-15.8519, 14.1749], [-15.8509, 14.1775], [-15.8501, 14.1797], [-15.8491, 14.1828], [-15.8479, 14.1851], [-15.8461, 14.1883], [-15.8452, 14.1912], [-15.8441, 14.1939], [-15.8427, 14.1968], [-15.8417, 14.1996], [-15.8399, 14.2031], [-15.8387, 14.2065], [-15.8371, 14.2096], [-15.8355, 14.2129], [-15.834, 14.2164], [-15.8329, 14.2195], [-15.8313, 14.2223], [-15.8297, 14.2253], [-15.8284, 14.2286], [-15.8264, 14.2322], [-15.8262, 14.2326], [-15.8258, 14.2336], [-15.8243, 14.2371], [-15.8224, 14.2402], [-15.8208, 14.2432], [-15.8194, 14.2454], [-15.8182, 14.2482], [-15.8173, 14.2496], [-15.816, 14.2527], [-15.8146, 14.2556], [-15.8138, 14.2579], [-15.8128, 14.2596], [-15.8118, 14.2614], [-15.8108, 14.2633], [-15.8095, 14.2657], [-15.8085, 14.2695], [-15.8076, 14.2717], [-15.8067, 14.2747], [-15.8061, 14.2775], [-15.8052, 14.2803], [-15.8033, 14.2842], [-15.8025, 14.2868], [-15.8017, 14.2885], [-15.8012, 14.2903], [-15.8014, 14.2917], [-15.8014, 14.293], [-15.801, 14.2931], [-15.8005, 14.2932], [-15.7985, 14.2938], [-15.6912, 14.2966], [-15.69, 14.2966], [-15.6906, 14.2984], [-15.6908, 14.2997], [-15.691, 14.3029], [-15.6908, 14.3048], [-15.6907, 14.3074], [-15.6904, 14.311], [-15.6899, 14.3151], [-15.6901, 14.3179], [-15.6898, 14.3199], [-15.6895, 14.3219], [-15.6893, 14.3237], [-15.6893, 14.3257], [-15.6895, 14.3276], [-15.6898, 14.33], [-15.6894, 14.3331], [-15.6902, 14.3358], [-15.6901, 14.3374], [-15.6899, 14.3395], [-15.6895, 14.3437], [-15.6891, 14.347], [-15.689, 14.3494], [-15.6887, 14.3522], [-15.6884, 14.355], [-15.6891, 14.3578], [-15.6895, 14.3614], [-15.6902, 14.3649], [-15.6911, 14.3688], [-15.6914, 14.3719], [-15.692, 14.3754], [-15.6926, 14.3781], [-15.6935, 14.3811], [-15.6939, 14.3848], [-15.6943, 14.3881], [-15.6948, 14.3921], [-15.6958, 14.3957], [-15.6967, 14.3995], [-15.6971, 14.4042], [-15.6975, 14.407], [-15.6978, 14.41], [-15.6982, 14.4128], [-15.6982, 14.4154], [-15.6987, 14.4187], [-15.6986, 14.4223], [-15.6991, 14.4244], [-15.6996, 14.4275], [-15.6992, 14.4309], [-15.6985, 14.4336], [-15.6979, 14.4379], [-15.6974, 14.4415], [-15.6962, 14.4459], [-15.6956, 14.4477], [-15.6955, 14.4516], [-15.6949, 14.4537], [-15.6942, 14.457], [-15.6933, 14.4601], [-15.693, 14.4634], [-15.6934, 14.4642], [-15.6923, 14.4672], [-15.6919, 14.4695], [-15.6913, 14.4726], [-15.6914, 14.4777], [-15.6917, 14.4792], [-15.6934, 14.4809], [-15.6945, 14.4832], [-15.6963, 14.4851], [-15.6983, 14.4868], [-15.7006, 14.489], [-15.7019, 14.4905], [-15.7043, 14.4927], [-15.7063, 14.494], [-15.7091, 14.4955], [-15.7122, 14.4966], [-15.715, 14.4972], [-15.7173, 14.4977], [-15.7191, 14.4978], [-15.7212, 14.4981], [-15.7232, 14.4966], [-15.7254, 14.4946], [-15.7273, 14.4924], [-15.7293, 14.49], [-15.7308, 14.4874], [-15.7329, 14.4848], [-15.735, 14.4824], [-15.7359, 14.4797], [-15.7376, 14.4764], [-15.7395, 14.4741], [-15.7419, 14.4727], [-15.7424, 14.472], [-15.7438, 14.4702], [-15.7455, 14.4686], [-15.7479, 14.4663], [-15.7503, 14.4635], [-15.7535, 14.4604], [-15.7579, 14.4564], [-15.7599, 14.4542], [-15.7624, 14.4525], [-15.765, 14.45], [-15.7678, 14.4471], [-15.7716, 14.4439], [-15.7735, 14.4412], [-15.777, 14.4376], [-15.7809, 14.4344], [-15.7831, 14.4321], [-15.786, 14.4296], [-15.7881, 14.4272], [-15.7889, 14.4247], [-15.7893, 14.4217], [-15.7897, 14.4193], [-15.7911, 14.4161], [-15.7925, 14.4114], [-15.7949, 14.4057], [-15.7966, 14.4017], [-15.798, 14.3974], [-15.7992, 14.393], [-15.8006, 14.3899], [-15.8013, 14.3865], [-15.8023, 14.3843], [-15.803, 14.3823], [-15.8028, 14.3768], [-15.8034, 14.3769], [-15.8082, 14.3773], [-15.8131, 14.377], [-15.8182, 14.377], [-15.8228, 14.3771], [-15.8266, 14.3775], [-15.8305, 14.3774], [-15.8353, 14.3778], [-15.8394, 14.3776], [-15.8459, 14.3783], [-15.8496, 14.3779], [-15.853, 14.3778], [-15.856, 14.3781], [-15.8614, 14.3782], [-15.8696, 14.3782], [-15.8738, 14.3781], [-15.8782, 14.3789], [-15.8818, 14.3792], [-15.8843, 14.379], [-15.8884, 14.379], [-15.8908, 14.379], [-15.8936, 14.379], [-15.8973, 14.3792], [-15.9005, 14.3795], [-15.9042, 14.3792], [-15.9054, 14.3795], [-15.9082, 14.38], [-15.9101, 14.3812], [-15.9132, 14.3835], [-15.9152, 14.3857], [-15.9174, 14.3873], [-15.9185, 14.3887], [-15.9206, 14.39], [-15.9222, 14.3909], [-15.9236, 14.392], [-15.9252, 14.393], [-15.9252, 14.393], [-15.9255, 14.3932], [-15.9275, 14.3944], [-15.9299, 14.3958], [-15.9335, 14.3968], [-15.9377, 14.3979], [-15.9408, 14.3976], [-15.9435, 14.397], [-15.9469, 14.3956], [-15.9491, 14.394], [-15.9515, 14.3917], [-15.9514, 14.391], [-15.953, 14.3896], [-15.9576, 14.385], [-15.9584, 14.3842], [-15.9586, 14.3838], [-15.9596, 14.3841], [-15.9599, 14.3842], [-15.9602, 14.3843], [-15.9713, 14.3877], [-15.9737, 14.3882], [-15.9773, 14.3881], [-15.9825, 14.3881], [-15.9869, 14.3888], [-15.9936, 14.3894], [-15.9967, 14.3893], [-15.998, 14.3892], [-15.999, 14.3939], [-16.0034, 14.3916], [-16.0098, 14.387], [-16.0146, 14.3841], [-16.019, 14.3823], [-16.0216, 14.3805], [-16.0228, 14.38], [-16.0317, 14.3775], [-16.0379, 14.3753], [-16.0418, 14.3746], [-16.0527, 14.3643], [-16.0602, 14.3662], [-16.0642, 14.3669], [-16.0713, 14.3672], [-16.077, 14.3669], [-16.081, 14.3666], [-16.087, 14.3653], [-16.0903, 14.3653], [-16.0905, 14.3653], [-16.1015, 14.3663], [-16.1102, 14.3686], [-16.122, 14.3694], [-16.1254, 14.3702], [-16.1288, 14.37], [-16.1378, 14.3678], [-16.1468, 14.3637], [-16.1509, 14.3625], [-16.1606, 14.3583], [-16.1635, 14.358], [-16.1759, 14.3541], [-16.1776, 14.3532], [-16.1844, 14.3518], [-16.1949, 14.3478], [-16.2026, 14.3457], [-16.2044, 14.3446], [-16.2099, 14.3425], [-16.2191, 14.3408], [-16.2303, 14.3405], [-16.2349, 14.3398], [-16.2423, 14.3395], [-16.2443, 14.3387], [-16.2499, 14.3363], [-16.2556, 14.3327], [-16.2573, 14.3312], [-16.2581, 14.3296], [-16.2611, 14.3262], [-16.2621, 14.3235], [-16.2657, 14.3186], [-16.2693, 14.3154], [-16.2701, 14.3152], [-16.2736, 14.3127], [-16.278, 14.3086], [-16.2797, 14.3076], [-16.2831, 14.3037], [-16.2836, 14.3021], [-16.2848, 14.3002], [-16.2872, 14.2973], [-16.2903, 14.2935], [-16.2948, 14.2893], [-16.2967, 14.2881], [-16.2981, 14.2862], [-16.3035, 14.2808], [-16.308, 14.2777], [-16.3122, 14.2754], [-16.3196, 14.2692], [-16.3215, 14.2686], [-16.3231, 14.2691], [-16.3309, 14.2667], [-16.3417, 14.2617], [-16.345, 14.2595], [-16.3502, 14.2582], [-16.3519, 14.257], [-16.354, 14.2523], [-16.3548, 14.2478], [-16.3529, 14.2429], [-16.3548, 14.2414], [-16.3583, 14.2403], [-16.354, 14.2353], [-16.3533, 14.2337], [-16.3507, 14.2337], [-16.3498, 14.233], [-16.3505, 14.2308], [-16.3503, 14.2301], [-16.3515, 14.2277], [-16.3495, 14.2256], [-16.3498, 14.2246], [-16.352, 14.2232], [-16.3531, 14.2232], [-16.353, 14.2249], [-16.3534, 14.2266], [-16.3545, 14.226], [-16.3558, 14.2237], [-16.3568, 14.223], [-16.3594, 14.2221], [-16.3613, 14.2221], [-16.3625, 14.2223], [-16.3658, 14.2277], [-16.3678, 14.2272], [-16.3681, 14.226], [-16.3671, 14.2219], [-16.3675, 14.2187], [-16.3667, 14.2123], [-16.3673, 14.209], [-16.3687, 14.2067], [-16.3685, 14.2055], [-16.3676, 14.2034], [-16.366, 14.2013], [-16.3625, 14.1922], [-16.3616, 14.1888], [-16.3617, 14.1874], [-16.3637, 14.1866], [-16.3679, 14.1858], [-16.3684, 14.184], [-16.3668, 14.1814], [-16.3645, 14.1796], [-16.3635, 14.178], [-16.3614, 14.1786], [-16.3608, 14.1783], [-16.3606, 14.177], [-16.3588, 14.1754], [-16.3592, 14.1745], [-16.3612, 14.1737], [-16.3636, 14.175], [-16.3647, 14.1751], [-16.3668, 14.177], [-16.3698, 14.1775], [-16.3694, 14.1732], [-16.3707, 14.1714], [-16.3723, 14.1707], [-16.3745, 14.1725], [-16.3774, 14.1732], [-16.3773, 14.1695], [-16.3765, 14.1661], [-16.3777, 14.1652], [-16.3819, 14.164], [-16.3882, 14.164], [-16.3874, 14.1617], [-16.3849, 14.1598], [-16.3815, 14.1553], [-16.3811, 14.1549], [-16.3794, 14.1566], [-16.3776, 14.1577], [-16.3759, 14.1579], [-16.3741, 14.1583], [-16.3731, 14.1585], [-16.3703, 14.1587], [-16.3681, 14.159], [-16.3659, 14.1586], [-16.3637, 14.1584], [-16.3617, 14.1578], [-16.3593, 14.1571], [-16.3578, 14.1569], [-16.3567, 14.1569], [-16.3561, 14.157], [-16.3543, 14.1571], [-16.3523, 14.157], [-16.3502, 14.1574], [-16.3483, 14.158], [-16.3461, 14.1592], [-16.3429, 14.1601], [-16.3414, 14.1611], [-16.3387, 14.162], [-16.336, 14.163], [-16.3343, 14.1637], [-16.3301, 14.165], [-16.3283, 14.1646], [-16.3251, 14.1641], [-16.3224, 14.1634], [-16.3187, 14.1629], [-16.3153, 14.1626], [-16.3124, 14.1624], [-16.3101, 14.1622], [-16.3074, 14.1621], [-16.3045, 14.1617], [-16.3026, 14.1608], [-16.3004, 14.1599], [-16.2989, 14.1585], [-16.2968, 14.1569], [-16.2952, 14.1553], [-16.293, 14.153], [-16.2913, 14.1516], [-16.2895, 14.1503], [-16.288, 14.1494], [-16.285, 14.1481], [-16.2822, 14.1474], [-16.2809, 14.1473], [-16.2808, 14.1473], [-16.2797, 14.1473], [-16.2797, 14.1472], [-16.2795, 14.146], [-16.2795, 14.1457], [-16.2793, 14.1448], [-16.2785, 14.1437], [-16.2763, 14.1433], [-16.2751, 14.1428], [-16.2737, 14.1422], [-16.2716, 14.1412], [-16.27, 14.1405], [-16.2675, 14.14], [-16.2654, 14.1389], [-16.263, 14.1371], [-16.2615, 14.1356], [-16.2598, 14.1347], [-16.2583, 14.133], [-16.2553, 14.1309], [-16.2532, 14.129], [-16.2523, 14.1272], [-16.2511, 14.1258], [-16.2496, 14.1247], [-16.2474, 14.1232], [-16.245, 14.1222], [-16.243, 14.1206], [-16.2418, 14.1192], [-16.2401, 14.1182], [-16.2383, 14.117], [-16.237, 14.1159], [-16.2348, 14.1147], [-16.2336, 14.1126], [-16.2326, 14.1095], [-16.232, 14.1074], [-16.2316, 14.1054], [-16.2314, 14.1029], [-16.2305, 14.1006], [-16.2304, 14.0978], [-16.2303, 14.096], [-16.2303, 14.0945], [-16.2303, 14.0918], [-16.2295, 14.0888], [-16.2293, 14.0861], [-16.2298, 14.0832], [-16.2293, 14.0815], [-16.2295, 14.0798], [-16.2293, 14.0769], [-16.229, 14.0749], [-16.2288, 14.0737], [-16.2288, 14.0715], [-16.229, 14.0692], [-16.2287, 14.0662], [-16.2287, 14.0641], [-16.2298, 14.062], [-16.2303, 14.0602], [-16.2316, 14.0582], [-16.2325, 14.0561], [-16.2339, 14.0544], [-16.2347, 14.0533], [-16.2355, 14.0521], [-16.2374, 14.0509], [-16.2388, 14.0505], [-16.2404, 14.0492], [-16.243, 14.0484], [-16.245, 14.0469], [-16.2478, 14.0458], [-16.2494, 14.044], [-16.2516, 14.0429], [-16.253, 14.0421], [-16.255, 14.0413], [-16.2561, 14.0406], [-16.2577, 14.0398], [-16.2592, 14.0384], [-16.2603, 14.0372], [-16.262, 14.0357], [-16.2635, 14.0344], [-16.2649, 14.0325], [-16.2655, 14.0317], [-16.2656, 14.0303], [-16.2655, 14.0285], [-16.2655, 14.0269], [-16.2656, 14.0245], [-16.2647, 14.0223], [-16.2639, 14.0211], [-16.2628, 14.0191], [-16.2612, 14.0177], [-16.2598, 14.0159], [-16.2575, 14.0137], [-16.2563, 14.0123], [-16.2546, 14.011], [-16.2525, 14.0091], [-16.251, 14.0081], [-16.2495, 14.007], [-16.2483, 14.0056], [-16.2471, 14.0045], [-16.2461, 14.0032], [-16.2446, 14.0024], [-16.2433, 14.0014], [-16.2425, 14.0009], [-16.2418, 13.9999], [-16.2362, 13.9983], [-16.2335, 13.9984], [-16.2314, 13.9981], [-16.2287, 13.9962], [-16.2121, 13.9909], [-16.2111, 13.9896], [-16.2092, 13.9879], [-16.2066, 13.9863], [-16.2054, 13.9846], [-16.2055, 13.9839], [-16.2064, 13.9824], [-16.2068, 13.9803], [-16.2073, 13.9794], [-16.2074, 13.9777], [-16.2075, 13.9757], [-16.2072, 13.9743], [-16.2067, 13.9721], [-16.2057, 13.9706], [-16.2047, 13.9691], [-16.2042, 13.9679], [-16.2061, 13.9659], [-16.2079, 13.9649], [-16.2088, 13.9633], [-16.2093, 13.9612], [-16.2083, 13.9599], [-16.2063, 13.9573], [-16.2052, 13.9549], [-16.2039, 13.9532], [-16.2022, 13.9511], [-16.2026, 13.9494], [-16.2018, 13.9473], [-16.2018, 13.9447], [-16.2015, 13.9428], [-16.2015, 13.9406], [-16.201, 13.9376], [-16.2009, 13.9344], [-16.2006, 13.9309], [-16.1999, 13.9281], [-16.1991, 13.9256], [-16.1995, 13.9233], [-16.1986, 13.9196], [-16.1987, 13.9159], [-16.1985, 13.9126], [-16.1977, 13.9086], [-16.1974, 13.9048], [-16.1974, 13.9024], [-16.1969, 13.8998], [-16.1961, 13.8973], [-16.1959, 13.8963], [-16.1952, 13.8936], [-16.1943, 13.8913], [-16.193, 13.8884], [-16.1921, 13.8864], [-16.1909, 13.8833], [-16.1902, 13.8822], [-16.1908, 13.8803], [-16.1913, 13.8793], [-16.1929, 13.8767], [-16.1944, 13.8748], [-16.1959, 13.8734], [-16.1961, 13.8731], [-16.2082, 13.8668], [-16.2231, 13.8604], [-16.2357, 13.8547], [-16.2434, 13.8509], [-16.2484, 13.8494], [-16.2502, 13.8485], [-16.2516, 13.8478], [-16.2509, 13.8452], [-16.2504, 13.8433], [-16.2496, 13.8396], [-16.2481, 13.8361], [-16.2465, 13.8336], [-16.246, 13.8312], [-16.2449, 13.8284], [-16.2435, 13.8208], [-16.2433, 13.8163], [-16.2432, 13.8134], [-16.2435, 13.8109], [-16.2439, 13.809], [-16.2452, 13.8026], [-16.2458, 13.7992], [-16.2461, 13.7974], [-16.2424, 13.795], [-16.2364, 13.7914], [-16.2348, 13.7902], [-16.2332, 13.7891], [-16.2314, 13.7881], [-16.2302, 13.7878], [-16.2286, 13.7857], [-16.2268, 13.7834], [-16.2255, 13.7823], [-16.2237, 13.7805], [-16.2209, 13.777], [-16.2184, 13.7745], [-16.2173, 13.774], [-16.2167, 13.7734], [-16.2134, 13.7704], [-16.2124, 13.7699], [-16.2105, 13.7682], [-16.2098, 13.7674], [-16.2085, 13.7663], [-16.2074, 13.7652], [-16.2063, 13.7646], [-16.2052, 13.7641], [-16.2032, 13.763], [-16.203, 13.7624], [-16.2018, 13.7617], [-16.2006, 13.761], [-16.1995, 13.761], [-16.1982, 13.7607], [-16.1968, 13.7607], [-16.195, 13.7596], [-16.1935, 13.7589], [-16.1919, 13.7593], [-16.1906, 13.7586], [-16.1888, 13.7584], [-16.1871, 13.7577], [-16.1858, 13.7573], [-16.1842, 13.757], [-16.1823, 13.7567], [-16.1809, 13.7563], [-16.1803, 13.7564], [-16.1778, 13.756], [-16.1773, 13.756], [-16.1763, 13.7551], [-16.1751, 13.7549], [-16.1738, 13.7548], [-16.1717, 13.754], [-16.1702, 13.7539], [-16.1697, 13.7531], [-16.1689, 13.7533], [-16.1673, 13.7528], [-16.1663, 13.7524], [-16.1652, 13.7514], [-16.1651, 13.7507], [-16.1653, 13.7496], [-16.1654, 13.7494], [-16.1652, 13.7482], [-16.1648, 13.7463], [-16.1645, 13.7457], [-16.1644, 13.7442], [-16.1644, 13.7433], [-16.1642, 13.7417], [-16.1643, 13.7399], [-16.1643, 13.7389], [-16.1643, 13.7377], [-16.164, 13.7374], [-16.1632, 13.7359], [-16.1627, 13.7333], [-16.1624, 13.7311], [-16.1623, 13.7287], [-16.1623, 13.7281], [-16.1623, 13.7271], [-16.1623, 13.7269], [-16.1619, 13.7258], [-16.1624, 13.7235], [-16.162, 13.7231], [-16.1619, 13.7227], [-16.1618, 13.7222], [-16.1622, 13.7211], [-16.1621, 13.7196], [-16.1617, 13.7182], [-16.162, 13.7158], [-16.1616, 13.7143], [-16.1613, 13.7126], [-16.1612, 13.7118], [-16.1612, 13.7105], [-16.1617, 13.7084], [-16.1614, 13.7071], [-16.1609, 13.7065], [-16.161, 13.7058], [-16.1609, 13.7041], [-16.1608, 13.7028], [-16.1603, 13.7018], [-16.1605, 13.7003], [-16.1608, 13.6995], [-16.1611, 13.699], [-16.161, 13.6969], [-16.1609, 13.6956], [-16.1606, 13.6939], [-16.1601, 13.693], [-16.1599, 13.6914], [-16.1599, 13.6903], [-16.1599, 13.689], [-16.1598, 13.6877], [-16.1594, 13.6861], [-16.1587, 13.6852], [-16.1585, 13.6852], [-16.1577, 13.6836], [-16.157, 13.6827], [-16.1567, 13.6807], [-16.157, 13.6791], [-16.1567, 13.6777], [-16.1566, 13.6739], [-16.1552, 13.6731], [-16.1547, 13.6716], [-16.1543, 13.6696], [-16.1533, 13.6678], [-16.1533, 13.6664], [-16.1529, 13.6645], [-16.1521, 13.6629], [-16.1505, 13.662], [-16.1493, 13.6617], [-16.1481, 13.6603], [-16.1466, 13.658], [-16.1454, 13.6567], [-16.1445, 13.6562], [-16.1442, 13.6555], [-16.1423, 13.6563], [-16.1411, 13.6568], [-16.1399, 13.6566], [-16.1388, 13.6551], [-16.1383, 13.6536], [-16.1376, 13.6517], [-16.1369, 13.6496], [-16.1365, 13.648], [-16.1369, 13.6465], [-16.1384, 13.645], [-16.1395, 13.6439], [-16.1405, 13.6426], [-16.1393, 13.6409], [-16.1381, 13.6401], [-16.1356, 13.6397], [-16.1335, 13.6402], [-16.1309, 13.6402], [-16.1294, 13.6402], [-16.1277, 13.6399], [-16.1252, 13.6387], [-16.1243, 13.6373], [-16.123, 13.6358], [-16.1231, 13.6343], [-16.1229, 13.6324], [-16.1232, 13.6308], [-16.1213, 13.6299], [-16.1192, 13.6295], [-16.1173, 13.631], [-16.1165, 13.6322], [-16.1161, 13.6333], [-16.1159, 13.6351], [-16.1156, 13.6368], [-16.1157, 13.6381], [-16.1154, 13.6387], [-16.1152, 13.6395], [-16.1135, 13.6403], [-16.1119, 13.6404], [-16.1106, 13.6406], [-16.1089, 13.6409], [-16.1075, 13.6409], [-16.106, 13.6407], [-16.1048, 13.6395], [-16.1045, 13.6383], [-16.1044, 13.6372], [-16.1045, 13.6357], [-16.1053, 13.634], [-16.106, 13.6326], [-16.1066, 13.6312], [-16.1075, 13.6299], [-16.1078, 13.629], [-16.109, 13.6276], [-16.1106, 13.6262], [-16.1121, 13.6252], [-16.1134, 13.6241], [-16.1151, 13.6224], [-16.1147, 13.621], [-16.114, 13.6196], [-16.112, 13.6182], [-16.1103, 13.6171], [-16.108, 13.6159], [-16.1061, 13.6146], [-16.105, 13.6125], [-16.105, 13.6105], [-16.1044, 13.6091], [-16.1039, 13.6078], [-16.103, 13.6071], [-16.1022, 13.6077], [-16.1004, 13.609], [-16.0995, 13.6103], [-16.0989, 13.6115], [-16.097, 13.6128], [-16.0963, 13.613], [-16.0951, 13.6134], [-16.0937, 13.6133], [-16.0918, 13.6119], [-16.0901, 13.6102], [-16.0885, 13.6087], [-16.0873, 13.6072], [-16.0867, 13.6056], [-16.0865, 13.6045], [-16.0856, 13.6021], [-16.0857, 13.5995], [-16.0868, 13.597], [-16.0879, 13.5947], [-16.0891, 13.5944], [-16.09, 13.5935]]]}}, {"type": "Feature", "properties": {"code": "KD", "name": "Kolda", "region": "Kolda"}, "geometry": {"type": "Polygon", "coordinates": [[[-13.8605, 13.5109], [-13.86, 13.5102], [-13.8599, 13.5099], [-13.8551, 13.5081], [-13.8524, 13.5064], [-13.85, 13.5047], [-13.8468, 13.5032], [-13.8455, 13.5021], [-13.8415, 13.4998], [-13.8374, 13.4977], [-13.8376, 13.4961], [-13.8369, 13.4959], [-13.8363, 13.495], [-13.8347, 13.4928], [-13.8282, 13.4806], [-13.8266, 13.4778], [-13.8254, 13.475], [-13.824, 13.4719], [-13.823, 13.4693], [-13.8212, 13.466], [-13.817, 13.4592], [-13.8164, 13.46], [-13.8131, 13.4572], [-13.8109, 13.4544], [-13.8069, 13.4513], [-13.8043, 13.4499], [-13.8019, 13.4495], [-13.7987, 13.448], [-13.797, 13.4459], [-13.7963, 13.4439], [-13.7953, 13.4429], [-13.7939, 13.4406], [-13.7927, 13.4383], [-13.7926, 13.4358], [-13.7927, 13.4337], [-13.7927, 13.4324], [-13.7927, 13.4309], [-13.7923, 13.4288], [-13.7921, 13.4263], [-13.7923, 13.4221], [-13.7927, 13.4186], [-13.7928, 13.4175], [-13.7931, 13.4152], [-13.7932, 13.4135], [-13.7936, 13.4123], [-13.794, 13.4108], [-13.7943, 13.4097], [-13.7947, 13.4081], [-13.795, 13.4064], [-13.7955, 13.4047], [-13.7958, 13.4031], [-13.7962, 13.4019], [-13.7967, 13.3997], [-13.7971, 13.3977], [-13.7975, 13.3957], [-13.7989, 13.3908], [-13.7994, 13.3892], [-13.8004, 13.386], [-13.8007, 13.3846], [-13.8023, 13.3816], [-13.8026, 13.3811], [-13.8028, 13.3798], [-13.8039, 13.378], [-13.8051, 13.3761], [-13.8065, 13.3743], [-13.8083, 13.3721], [-13.8095, 13.37], [-13.8119, 13.3672], [-13.8134, 13.3648], [-13.8149, 13.3629], [-13.8157, 13.3617], [-13.8166, 13.3607], [-13.8172, 13.3595], [-13.8193, 13.3544], [-13.8201, 13.3525], [-13.8215, 13.3507], [-13.8252, 13.3465], [-13.8279, 13.3442], [-13.8338, 13.3382], [-13.837, 13.3353], [-13.8395, 13.3335], [-13.8423, 13.332], [-13.8453, 13.3306], [-13.8486, 13.329], [-13.8521, 13.3273], [-13.857, 13.3243], [-13.8608, 13.3222], [-13.8638, 13.3213], [-13.8668, 13.3202], [-13.8699, 13.3197], [-13.8732, 13.3188], [-13.8761, 13.3183], [-13.8796, 13.3177], [-13.8827, 13.3174], [-13.8859, 13.3169], [-13.8893, 13.3167], [-13.8931, 13.3161], [-13.8954, 13.3157], [-13.8989, 13.3158], [-13.9022, 13.3157], [-13.9056, 13.3161], [-13.9091, 13.3161], [-13.9131, 13.3164], [-13.9156, 13.3165], [-13.9185, 13.3166], [-13.9218, 13.317], [-13.9248, 13.3177], [-13.9299, 13.3186], [-13.9345, 13.3193], [-13.9373, 13.3198], [-13.941, 13.3206], [-13.9445, 13.3207], [-13.947, 13.3206], [-13.9501, 13.3214], [-13.9519, 13.3214], [-13.9531, 13.3208], [-13.9548, 13.3202], [-13.9579, 13.319], [-13.9637, 13.3152], [-13.9694, 13.312], [-13.9778, 13.3069], [-13.9859, 13.3021], [-13.9938, 13.2975], [-13.9975, 13.2954], [-13.9998, 13.2945], [-14.0001, 13.2943], [-14.002, 13.2931], [-14.0032, 13.2926], [-14.0051, 13.2912], [-14.0064, 13.2912], [-14.0077, 13.291], [-14.0092, 13.2909], [-14.0107, 13.2907], [-14.0116, 13.2905], [-14.0139, 13.2906], [-14.0161, 13.2903], [-14.0175, 13.2902], [-14.0196, 13.2899], [-14.0225, 13.2897], [-14.025, 13.2894], [-14.0277, 13.2891], [-14.0296, 13.2889], [-14.0314, 13.2889], [-14.0341, 13.2885], [-14.0364, 13.2887], [-14.0393, 13.2887], [-14.0403, 13.2886], [-14.0408, 13.2886], [-14.0419, 13.2885], [-14.0443, 13.2886], [-14.0474, 13.2883], [-14.0491, 13.2883], [-14.0509, 13.2885], [-14.0531, 13.2885], [-14.0548, 13.2886], [-14.0571, 13.2891], [-14.0585, 13.2895], [-14.0599, 13.2899], [-14.0615, 13.2907], [-14.0637, 13.2909], [-14.0656, 13.2915], [-14.0672, 13.291], [-14.0685, 13.2903], [-14.07, 13.2898], [-14.0719, 13.2891], [-14.0726, 13.2887], [-14.074, 13.2878], [-14.075, 13.2876], [-14.0768, 13.2871], [-14.0785, 13.2868], [-14.0791, 13.2868], [-14.0804, 13.2865], [-14.0821, 13.2863], [-14.0835, 13.2858], [-14.0854, 13.2855], [-14.087, 13.2851], [-14.0887, 13.2846], [-14.0911, 13.284], [-14.093, 13.2836], [-14.0952, 13.2831], [-14.0968, 13.2827], [-14.0991, 13.2823], [-14.1017, 13.282], [-14.1046, 13.2814], [-14.1068, 13.2814], [-14.1088, 13.2809], [-14.1105, 13.2804], [-14.1128, 13.28], [-14.1144, 13.2797], [-14.1155, 13.2794], [-14.1162, 13.2783], [-14.1163, 13.2771], [-14.1162, 13.276], [-14.116, 13.2749], [-14.1159, 13.2734], [-14.1161, 13.2722], [-14.1162, 13.2711], [-14.116, 13.2695], [-14.116, 13.2677], [-14.116, 13.2664], [-14.1158, 13.2644], [-14.1158, 13.2634], [-14.1154, 13.2617], [-14.1153, 13.2603], [-14.1153, 13.2584], [-14.1154, 13.2572], [-14.1151, 13.2559], [-14.1151, 13.2546], [-14.1151, 13.2538], [-14.1156, 13.2527], [-14.116, 13.2513], [-14.1164, 13.2499], [-14.1166, 13.2489], [-14.1171, 13.2478], [-14.1175, 13.2468], [-14.1177, 13.2457], [-14.1178, 13.2446], [-14.1182, 13.2437], [-14.1188, 13.2424], [-14.1193, 13.2416], [-14.1204, 13.2405], [-14.1215, 13.2394], [-14.1229, 13.2382], [-14.1239, 13.2371], [-14.1248, 13.2359], [-14.1261, 13.2345], [-14.1268, 13.2332], [-14.1282, 13.2319], [-14.1291, 13.2308], [-14.1305, 13.2301], [-14.1314, 13.2285], [-14.1335, 13.2268], [-14.1354, 13.2255], [-14.1372, 13.2244], [-14.1388, 13.2236], [-14.1407, 13.2222], [-14.1421, 13.2216], [-14.1438, 13.2212], [-14.1456, 13.2208], [-14.1471, 13.2207], [-14.1489, 13.2205], [-14.1508, 13.2204], [-14.1519, 13.2205], [-14.1552, 13.2202], [-14.1574, 13.2205], [-14.1595, 13.2209], [-14.1623, 13.2214], [-14.1633, 13.2218], [-14.1643, 13.2221], [-14.1648, 13.222], [-14.1674, 13.2224], [-14.1686, 13.2233], [-14.17, 13.2242], [-14.172, 13.2249], [-14.1731, 13.2254], [-14.1745, 13.2254], [-14.176, 13.2261], [-14.1778, 13.2271], [-14.1793, 13.2281], [-14.1807, 13.2287], [-14.1829, 13.2299], [-14.1849, 13.2295], [-14.1869, 13.2294], [-14.1899, 13.2289], [-14.1917, 13.2281], [-14.1932, 13.2276], [-14.1947, 13.2277], [-14.1958, 13.2277], [-14.1973, 13.2265], [-14.1981, 13.2262], [-14.1998, 13.2254], [-14.2001, 13.2253], [-14.2015, 13.2244], [-14.2026, 13.2238], [-14.2037, 13.2232], [-14.2059, 13.2228], [-14.2079, 13.2221], [-14.2105, 13.2211], [-14.2134, 13.2203], [-14.2155, 13.2196], [-14.2172, 13.219], [-14.2188, 13.2187], [-14.2229, 13.2185], [-14.2246, 13.2183], [-14.2264, 13.2183], [-14.2291, 13.2176], [-14.2303, 13.218], [-14.2322, 13.2178], [-14.235, 13.2179], [-14.2368, 13.2183], [-14.2382, 13.2186], [-14.2402, 13.2189], [-14.2422, 13.2196], [-14.243, 13.22], [-14.2444, 13.221], [-14.2456, 13.2216], [-14.2477, 13.2229], [-14.2491, 13.2238], [-14.2503, 13.225], [-14.2522, 13.226], [-14.2533, 13.2272], [-14.2552, 13.2284], [-14.2562, 13.2294], [-14.2576, 13.231], [-14.2586, 13.2326], [-14.2596, 13.2339], [-14.2603, 13.2351], [-14.2617, 13.2372], [-14.2631, 13.2391], [-14.2647, 13.2411], [-14.2658, 13.242], [-14.2673, 13.2428], [-14.2688, 13.2421], [-14.27, 13.2415], [-14.2709, 13.241], [-14.273, 13.2402], [-14.2743, 13.2397], [-14.2771, 13.2397], [-14.28, 13.2397], [-14.2826, 13.2392], [-14.285, 13.2396], [-14.2873, 13.2389], [-14.2892, 13.2376], [-14.291, 13.2384], [-14.2931, 13.2388], [-14.2964, 13.2384], [-14.3002, 13.2388], [-14.3031, 13.2381], [-14.3054, 13.2376], [-14.3068, 13.2375], [-14.3091, 13.2372], [-14.3137, 13.2361], [-14.3175, 13.235], [-14.3205, 13.2347], [-14.3231, 13.2343], [-14.3253, 13.2336], [-14.3274, 13.2332], [-14.3288, 13.233], [-14.331, 13.2333], [-14.3332, 13.2324], [-14.3349, 13.2323], [-14.3371, 13.2315], [-14.3391, 13.2313], [-14.3414, 13.231], [-14.3431, 13.2304], [-14.3441, 13.2302], [-14.3474, 13.2296], [-14.3497, 13.2294], [-14.3525, 13.2295], [-14.3544, 13.2294], [-14.3559, 13.2293], [-14.3589, 13.2297], [-14.3618, 13.2307], [-14.3636, 13.2313], [-14.3641, 13.2321], [-14.3664, 13.2333], [-14.3694, 13.2336], [-14.3727, 13.2344], [-14.3753, 13.235], [-14.3769, 13.2355], [-14.3795, 13.2365], [-14.382, 13.2372], [-14.3837, 13.2379], [-14.3855, 13.2385], [-14.3879, 13.2397], [-14.3902, 13.2401], [-14.3919, 13.2412], [-14.3948, 13.2427], [-14.397, 13.2436], [-14.3994, 13.2442], [-14.4008, 13.2454], [-14.4028, 13.2465], [-14.4047, 13.2475], [-14.4071, 13.2492], [-14.4087, 13.2504], [-14.4106, 13.2515], [-14.4114, 13.252], [-14.4121, 13.2522], [-14.4128, 13.2526], [-14.4143, 13.2534], [-14.4159, 13.2545], [-14.4183, 13.2561], [-14.4211, 13.2581], [-14.4228, 13.2592], [-14.4253, 13.2609], [-14.4273, 13.2628], [-14.4295, 13.2645], [-14.4318, 13.2661], [-14.4344, 13.2675], [-14.4366, 13.2695], [-14.4384, 13.2708], [-14.44, 13.2735], [-14.4419, 13.2756], [-14.4433, 13.2778], [-14.4448, 13.2795], [-14.4461, 13.2817], [-14.4476, 13.2834], [-14.4494, 13.2856], [-14.4506, 13.287], [-14.4511, 13.2875], [-14.452, 13.2895], [-14.4535, 13.2915], [-14.4544, 13.2927], [-14.456, 13.2943], [-14.4577, 13.2958], [-14.4586, 13.2985], [-14.4595, 13.3002], [-14.4611, 13.3007], [-14.4632, 13.3002], [-14.4653, 13.3004], [-14.4679, 13.3005], [-14.4705, 13.3005], [-14.4733, 13.3003], [-14.4759, 13.3001], [-14.4788, 13.3003], [-14.4807, 13.3007], [-14.4833, 13.3009], [-14.4863, 13.3009], [-14.4898, 13.3006], [-14.4923, 13.3013], [-14.4952, 13.3022], [-14.4987, 13.3022], [-14.501, 13.3027], [-14.5045, 13.3029], [-14.5078, 13.3034], [-14.5103, 13.3038], [-14.5124, 13.3043], [-14.5148, 13.3048], [-14.5172, 13.3057], [-14.5203, 13.3074], [-14.523, 13.3085], [-14.5252, 13.3099], [-14.5271, 13.3107], [-14.5282, 13.3112], [-14.5299, 13.312], [-14.5313, 13.3124], [-14.5327, 13.3131], [-14.5353, 13.3149], [-14.5378, 13.3167], [-14.5394, 13.3182], [-14.5419, 13.3202], [-14.544, 13.3214], [-14.5476, 13.3232], [-14.5493, 13.3245], [-14.5515, 13.3261], [-14.5539, 13.3279], [-14.5549, 13.3289], [-14.5561, 13.3306], [-14.5574, 13.3324], [-14.559, 13.3345], [-14.5615, 13.3369], [-14.563, 13.3385], [-14.5644, 13.3403], [-14.5666, 13.3425], [-14.5689, 13.345], [-14.5704, 13.347], [-14.5718, 13.3492], [-14.5736, 13.3519], [-14.5752, 13.3539], [-14.577, 13.3569], [-14.5781, 13.3587], [-14.5808, 13.3581], [-14.5834, 13.357], [-14.5854, 13.3557], [-14.588, 13.3542], [-14.5904, 13.3535], [-14.5932, 13.3518], [-14.5964, 13.3502], [-14.5988, 13.3492], [-14.6013, 13.3475], [-14.6034, 13.3468], [-14.606, 13.3453], [-14.6086, 13.3443], [-14.6113, 13.3431], [-14.6138, 13.3424], [-14.6163, 13.3423], [-14.6192, 13.3423], [-14.622, 13.3416], [-14.6254, 13.341], [-14.6281, 13.341], [-14.6305, 13.3404], [-14.6331, 13.3409], [-14.6361, 13.3407], [-14.6402, 13.3406], [-14.6429, 13.3402], [-14.6454, 13.3403], [-14.648, 13.3407], [-14.6503, 13.3408], [-14.6534, 13.3417], [-14.6556, 13.3417], [-14.6584, 13.342], [-14.6615, 13.3425], [-14.6648, 13.3428], [-14.6676, 13.3434], [-14.6702, 13.3438], [-14.6726, 13.3443], [-14.6754, 13.3454], [-14.6781, 13.3465], [-14.6806, 13.3473], [-14.6827, 13.3483], [-14.6849, 13.3502], [-14.6873, 13.3513], [-14.6899, 13.3527], [-14.6926, 13.3537], [-14.6948, 13.3554], [-14.6965, 13.3563], [-14.699, 13.3576], [-14.7025, 13.3583], [-14.704, 13.3601], [-14.7066, 13.3604], [-14.7089, 13.3616], [-14.7107, 13.3626], [-14.7128, 13.3637], [-14.715, 13.3649], [-14.7165, 13.3658], [-14.718, 13.3667], [-14.7198, 13.3674], [-14.721, 13.3683], [-14.722, 13.369], [-14.7235, 13.3697], [-14.7256, 13.3706], [-14.7275, 13.3717], [-14.7283, 13.3725], [-14.729, 13.3732], [-14.7303, 13.3742], [-14.7313, 13.3746], [-14.7323, 13.3753], [-14.7329, 13.376], [-14.7333, 13.3766], [-14.7343, 13.3778], [-14.735, 13.3784], [-14.7359, 13.3797], [-14.7363, 13.3799], [-14.7374, 13.381], [-14.7384, 13.382], [-14.7391, 13.3838], [-14.7402, 13.3842], [-14.7415, 13.3854], [-14.7423, 13.3862], [-14.7435, 13.3873], [-14.7456, 13.3892], [-14.7461, 13.3899], [-14.7468, 13.3908], [-14.7477, 13.392], [-14.7481, 13.393], [-14.7487, 13.3943], [-14.7505, 13.3967], [-14.7508, 13.3978], [-14.7511, 13.3978], [-14.7514, 13.3987], [-14.7526, 13.4007], [-14.7531, 13.402], [-14.7534, 13.4026], [-14.7544, 13.4048], [-14.7555, 13.4062], [-14.7563, 13.4076], [-14.7564, 13.4081], [-14.7565, 13.4081], [-14.7572, 13.4091], [-14.7575, 13.4104], [-14.7578, 13.4118], [-14.7582, 13.4126], [-14.7588, 13.4139], [-14.7592, 13.4151], [-14.7599, 13.4159], [-14.7601, 13.4167], [-14.7604, 13.4173], [-14.7605, 13.4174], [-14.7612, 13.4176], [-14.7618, 13.4176], [-14.763, 13.4175], [-14.764, 13.417], [-14.7646, 13.417], [-14.7663, 13.4167], [-14.7668, 13.4165], [-14.7683, 13.4161], [-14.7698, 13.4158], [-14.771, 13.4155], [-14.7719, 13.4154], [-14.7738, 13.4151], [-14.7746, 13.4151], [-14.7758, 13.415], [-14.7764, 13.4149], [-14.7767, 13.4148], [-14.7787, 13.415], [-14.78, 13.4149], [-14.7814, 13.4149], [-14.784, 13.4148], [-14.7856, 13.4147], [-14.7873, 13.4146], [-14.7883, 13.4147], [-14.7894, 13.415], [-14.7918, 13.4154], [-14.7935, 13.4153], [-14.795, 13.4152], [-14.7958, 13.4151], [-14.7973, 13.4153], [-14.7988, 13.4155], [-14.7998, 13.4156], [-14.8019, 13.4159], [-14.803, 13.4159], [-14.8042, 13.416], [-14.8054, 13.4165], [-14.8057, 13.4165], [-14.808, 13.4169], [-14.8097, 13.4173], [-14.8121, 13.4177], [-14.814, 13.4182], [-14.8156, 13.419], [-14.8169, 13.4195], [-14.8176, 13.4203], [-14.8187, 13.4205], [-14.8202, 13.4214], [-14.822, 13.4225], [-14.8239, 13.4233], [-14.8253, 13.4241], [-14.8281, 13.4255], [-14.8294, 13.4262], [-14.8305, 13.427], [-14.8318, 13.4279], [-14.834, 13.4296], [-14.8352, 13.4307], [-14.8367, 13.432], [-14.8377, 13.4327], [-14.8392, 13.4341], [-14.8417, 13.4362], [-14.8433, 13.4377], [-14.8447, 13.4391], [-14.8457, 13.4401], [-14.8466, 13.4416], [-14.8477, 13.4424], [-14.8486, 13.4435], [-14.8498, 13.4446], [-14.8503, 13.445], [-14.8508, 13.4453], [-14.8519, 13.4456], [-14.8526, 13.446], [-14.8537, 13.4461], [-14.8548, 13.4461], [-14.8553, 13.446], [-14.8564, 13.4459], [-14.8572, 13.4457], [-14.8596, 13.4454], [-14.8609, 13.4452], [-14.8633, 13.4449], [-14.864, 13.4448], [-14.8668, 13.4451], [-14.8688, 13.4454], [-14.8701, 13.4454], [-14.8737, 13.4457], [-14.876, 13.4456], [-14.8761, 13.4456], [-14.8793, 13.4459], [-14.8822, 13.4462], [-14.8841, 13.4463], [-14.8859, 13.4463], [-14.889, 13.4463], [-14.8907, 13.4466], [-14.8925, 13.4469], [-14.8947, 13.447], [-14.8959, 13.447], [-14.897, 13.4472], [-14.8995, 13.4475], [-14.9016, 13.4482], [-14.9034, 13.4486], [-14.9056, 13.4492], [-14.9073, 13.4495], [-14.9101, 13.4504], [-14.913, 13.4513], [-14.9139, 13.452], [-14.9161, 13.4527], [-14.9167, 13.4531], [-14.9197, 13.4542], [-14.9214, 13.4547], [-14.9245, 13.4558], [-14.9262, 13.4561], [-14.9276, 13.457], [-14.9292, 13.4581], [-14.9304, 13.4587], [-14.9328, 13.4597], [-14.9347, 13.4606], [-14.9382, 13.4623], [-14.9404, 13.4626], [-14.9419, 13.463], [-14.9435, 13.4641], [-14.9457, 13.4653], [-14.9482, 13.4667], [-14.9502, 13.4674], [-14.9516, 13.4678], [-14.9546, 13.4691], [-14.958, 13.4707], [-14.9606, 13.4716], [-14.9631, 13.4732], [-14.9659, 13.4745], [-14.9688, 13.4758], [-14.9715, 13.4774], [-14.9749, 13.4786], [-14.9773, 13.4799], [-14.9801, 13.4813], [-14.9818, 13.4822], [-14.9837, 13.4836], [-14.9857, 13.485], [-14.9883, 13.4867], [-14.9905, 13.4876], [-14.9919, 13.4882], [-14.9944, 13.4894], [-14.9959, 13.4899], [-14.9973, 13.4909], [-14.9991, 13.4916], [-14.9995, 13.4921], [-15.0031, 13.4955], [-15.0088, 13.4989], [-15.0159, 13.5047], [-15.0231, 13.5103], [-15.0342, 13.5204], [-15.0411, 13.526], [-15.0509, 13.5352], [-15.0592, 13.545], [-15.0679, 13.5539], [-15.0745, 13.5627], [-15.0762, 13.5653], [-15.0789, 13.5708], [-15.0802, 13.5732], [-15.0822, 13.5784], [-15.0857, 13.5899], [-15.0881, 13.5955], [-15.0901, 13.6005], [-15.0964, 13.5972], [-15.1189, 13.5905], [-15.1413, 13.5828], [-15.1447, 13.5715], [-15.152, 13.5655], [-15.1666, 13.5522], [-15.1704, 13.5499], [-15.1732, 13.5472], [-15.1783, 13.5427], [-15.1843, 13.5368], [-15.1873, 13.5347], [-15.1918, 13.5327], [-15.1955, 13.5305], [-15.1973, 13.5295], [-15.2002, 13.5188], [-15.2011, 13.5128], [-15.2044, 13.4971], [-15.2072, 13.4824], [-15.2087, 13.476], [-15.2137, 13.4597], [-15.2178, 13.4437], [-15.2204, 13.4371], [-15.2214, 13.4329], [-15.2241, 13.4272], [-15.2273, 13.4221], [-15.2288, 13.4191], [-15.2313, 13.4178], [-15.2486, 13.4023], [-15.2716, 13.383], [-15.2865, 13.3732], [-15.2994, 13.3665], [-15.2998, 13.3655], [-15.301, 13.3665], [-15.3196, 13.3641], [-15.3381, 13.3606], [-15.3387, 13.3603], [-15.3391, 13.3602], [-15.3395, 13.3568], [-15.3396, 13.3547], [-15.3393, 13.3509], [-15.3389, 13.348], [-15.3389, 13.3446], [-15.3392, 13.3409], [-15.3391, 13.3379], [-15.3389, 13.3341], [-15.3392, 13.3317], [-15.339, 13.3292], [-15.3394, 13.326], [-15.3394, 13.3234], [-15.3394, 13.3211], [-15.3392, 13.3175], [-15.3393, 13.3145], [-15.3393, 13.312], [-15.3391, 13.3099], [-15.3387, 13.3077], [-15.3389, 13.3053], [-15.3387, 13.302], [-15.3389, 13.2998], [-15.3386, 13.2972], [-15.3387, 13.295], [-15.3392, 13.2937], [-15.3398, 13.2914], [-15.3404, 13.2898], [-15.3425, 13.2866], [-15.3434, 13.2842], [-15.3456, 13.2819], [-15.3469, 13.2791], [-15.3478, 13.2777], [-15.3504, 13.2762], [-15.3513, 13.2738], [-15.3531, 13.2729], [-15.3527, 13.2711], [-15.3542, 13.2695], [-15.3551, 13.2672], [-15.3554, 13.264], [-15.3552, 13.2621], [-15.3557, 13.2585], [-15.3548, 13.2557], [-15.3548, 13.2532], [-15.3544, 13.2499], [-15.3536, 13.2477], [-15.3532, 13.2459], [-15.3533, 13.2436], [-15.353, 13.2406], [-15.3525, 13.2385], [-15.3525, 13.2365], [-15.3526, 13.2345], [-15.3527, 13.2327], [-15.3526, 13.2313], [-15.3529, 13.228], [-15.3525, 13.2258], [-15.3516, 13.2237], [-15.3509, 13.2216], [-15.3498, 13.2204], [-15.3492, 13.2194], [-15.3464, 13.2181], [-15.3449, 13.2171], [-15.3433, 13.2155], [-15.342, 13.2139], [-15.3398, 13.2115], [-15.3384, 13.2094], [-15.3373, 13.2083], [-15.3364, 13.2076], [-15.3355, 13.2065], [-15.334, 13.2063], [-15.3333, 13.2046], [-15.3312, 13.203], [-15.3296, 13.2023], [-15.3271, 13.2012], [-15.326, 13.2009], [-15.3233, 13.2], [-15.3218, 13.1981], [-15.3202, 13.1969], [-15.3191, 13.1959], [-15.3173, 13.1955], [-15.3153, 13.1947], [-15.3137, 13.1943], [-15.3118, 13.1934], [-15.3102, 13.1915], [-15.3089, 13.1897], [-15.3077, 13.187], [-15.3062, 13.1864], [-15.3037, 13.1844], [-15.3017, 13.1873], [-15.3011, 13.1899], [-15.3007, 13.1915], [-15.2992, 13.1934], [-15.2976, 13.1942], [-15.2959, 13.1933], [-15.2939, 13.1923], [-15.2916, 13.1916], [-15.2891, 13.1907], [-15.2847, 13.1894], [-15.2839, 13.188], [-15.2809, 13.1873], [-15.2782, 13.1863], [-15.274, 13.1848], [-15.2707, 13.1833], [-15.2681, 13.1828], [-15.2647, 13.1823], [-15.2621, 13.1812], [-15.2599, 13.18], [-15.2566, 13.1782], [-15.2552, 13.1778], [-15.2546, 13.178], [-15.2541, 13.1759], [-15.254, 13.1739], [-15.254, 13.171], [-15.2529, 13.1691], [-15.253, 13.1666], [-15.2526, 13.1637], [-15.2527, 13.1627], [-15.2531, 13.1611], [-15.2539, 13.1591], [-15.254, 13.1566], [-15.2537, 13.1552], [-15.2541, 13.1531], [-15.2543, 13.1515], [-15.2543, 13.1501], [-15.2545, 13.1478], [-15.2538, 13.1448], [-15.2531, 13.1421], [-15.2522, 13.139], [-15.2506, 13.137], [-15.2503, 13.1368], [-15.2493, 13.1341], [-15.2463, 13.131], [-15.2441, 13.1285], [-15.2408, 13.1243], [-15.2395, 13.1227], [-15.239, 13.121], [-15.2382, 13.118], [-15.2371, 13.1154], [-15.2358, 13.1122], [-15.2353, 13.1092], [-15.2347, 13.1072], [-15.2337, 13.1043], [-15.2332, 13.1021], [-15.2325, 13.0995], [-15.232, 13.0963], [-15.231, 13.0937], [-15.23, 13.0908], [-15.2294, 13.0885], [-15.2286, 13.0857], [-15.227, 13.0836], [-15.2258, 13.0806], [-15.2256, 13.0782], [-15.2255, 13.0765], [-15.226, 13.0743], [-15.2273, 13.0711], [-15.2283, 13.0673], [-15.2287, 13.0641], [-15.2294, 13.0605], [-15.2293, 13.0583], [-15.2297, 13.0558], [-15.2295, 13.0523], [-15.2297, 13.0507], [-15.2296, 13.0487], [-15.2293, 13.0472], [-15.2279, 13.0501], [-15.2257, 13.0499], [-15.2245, 13.0491], [-15.2225, 13.0461], [-15.2212, 13.0469], [-15.2195, 13.0465], [-15.2184, 13.0449], [-15.2145, 13.0443], [-15.2143, 13.0428], [-15.2126, 13.043], [-15.2118, 13.041], [-15.2077, 13.0397], [-15.2055, 13.0379], [-15.203, 13.0369], [-15.1993, 13.0364], [-15.1981, 13.0353], [-15.1964, 13.0338], [-15.1937, 13.0328], [-15.1918, 13.033], [-15.1884, 13.0321], [-15.1865, 13.0317], [-15.1815, 13.0294], [-15.1801, 13.028], [-15.1779, 13.0261], [-15.1778, 13.0261], [-15.1778, 13.026], [-15.174, 13.0239], [-15.172, 13.0234], [-15.1707, 13.0211], [-15.171, 13.0205], [-15.1688, 13.0192], [-15.1681, 13.0183], [-15.1659, 13.0172], [-15.1634, 13.0157], [-15.1612, 13.0142], [-15.1603, 13.0129], [-15.1591, 13.0111], [-15.1582, 13.0083], [-15.1577, 13.0067], [-15.1572, 13.0041], [-15.1571, 13.0026], [-15.1568, 13.001], [-15.1566, 13.0003], [-15.1565, 12.9999], [-15.157, 12.9951], [-15.16, 12.9905], [-15.1624, 12.9864], [-15.1638, 12.9838], [-15.1652, 12.9817], [-15.1661, 12.9796], [-15.1679, 12.9752], [-15.1679, 12.9711], [-15.1671, 12.9682], [-15.1667, 12.9675], [-15.1634, 12.9639], [-15.1619, 12.9607], [-15.1604, 12.9567], [-15.1594, 12.9549], [-15.1598, 12.9534], [-15.1593, 12.9499], [-15.1589, 12.9482], [-15.1583, 12.9469], [-15.1579, 12.9459], [-15.1569, 12.9442], [-15.1559, 12.9428], [-15.1535, 12.9422], [-15.1521, 12.9409], [-15.139, 12.9264], [-15.1258, 12.9119], [-15.1127, 12.8975], [-15.1123, 12.896], [-15.1123, 12.8952], [-15.1127, 12.893], [-15.113, 12.8917], [-15.1133, 12.8894], [-15.1136, 12.8881], [-15.1153, 12.8838], [-15.116, 12.8814], [-15.1163, 12.88], [-15.1166, 12.8747], [-15.1159, 12.8694], [-15.1157, 12.8662], [-15.116, 12.8641], [-15.116, 12.8584], [-15.1161, 12.8524], [-15.116, 12.8483], [-15.1157, 12.8381], [-15.1155, 12.8358], [-15.1151, 12.8276], [-15.115, 12.8241], [-15.115, 12.8206], [-15.1154, 12.8185], [-15.116, 12.8164], [-15.1163, 12.8138], [-15.1172, 12.8119], [-15.1188, 12.8095], [-15.1205, 12.8075], [-15.124, 12.8049], [-15.1258, 12.8033], [-15.1273, 12.8006], [-15.1274, 12.7984], [-15.1274, 12.7977], [-15.1275, 12.7973], [-15.1273, 12.796], [-15.1274, 12.7951], [-15.1269, 12.7927], [-15.1272, 12.792], [-15.1277, 12.791], [-15.1281, 12.7901], [-15.1287, 12.7894], [-15.1296, 12.7887], [-15.1304, 12.7876], [-15.1314, 12.7867], [-15.1328, 12.786], [-15.1349, 12.7855], [-15.1358, 12.7852], [-15.1366, 12.7849], [-15.138, 12.7837], [-15.1385, 12.7822], [-15.1387, 12.7802], [-15.1387, 12.7792], [-15.1379, 12.7775], [-15.1374, 12.7758], [-15.1372, 12.7741], [-15.1369, 12.7726], [-15.1373, 12.7704], [-15.1379, 12.769], [-15.1389, 12.7679], [-15.1402, 12.766], [-15.1414, 12.7644], [-15.1442, 12.7578], [-15.145, 12.7565], [-15.1461, 12.7548], [-15.1466, 12.7539], [-15.1476, 12.7518], [-15.1484, 12.7503], [-15.1521, 12.7462], [-15.1542, 12.7426], [-15.1551, 12.7414], [-15.1554, 12.7411], [-15.1557, 12.7401], [-15.1561, 12.7385], [-15.1555, 12.7366], [-15.1543, 12.7354], [-15.1524, 12.734], [-15.1505, 12.7308], [-15.1491, 12.7281], [-15.1482, 12.7265], [-15.1471, 12.7233], [-15.1458, 12.7202], [-15.1452, 12.7184], [-15.145, 12.7167], [-15.1446, 12.714], [-15.1446, 12.712], [-15.1442, 12.7097], [-15.1438, 12.7074], [-15.1434, 12.7053], [-15.1432, 12.7033], [-15.1432, 12.7027], [-15.1427, 12.7014], [-15.1414, 12.6997], [-15.1405, 12.6984], [-15.1404, 12.6974], [-15.14, 12.6971], [-15.1389, 12.6959], [-15.1359, 12.696], [-15.1324, 12.6948], [-15.1323, 12.6939], [-15.131, 12.6939], [-15.1284, 12.6928], [-15.1282, 12.6919], [-15.1268, 12.6915], [-15.1251, 12.69], [-15.1241, 12.689], [-15.1235, 12.6881], [-15.1242, 12.6876], [-15.1235, 12.6871], [-15.1227, 12.6863], [-15.1224, 12.6858], [-15.1224, 12.6858], [-15.1165, 12.6858], [-15.1055, 12.6859], [-15.0945, 12.686], [-15.0836, 12.6862], [-15.0669, 12.6864], [-15.0528, 12.6863], [-15.038, 12.6862], [-15.0308, 12.6862], [-15.0207, 12.6862], [-15.0106, 12.6862], [-15.0006, 12.6863], [-15.0004, 12.686], [-15.0, 12.6826], [-14.9971, 12.6825], [-14.9918, 12.6821], [-14.979, 12.6819], [-14.9655, 12.6816], [-14.9521, 12.6813], [-14.9386, 12.681], [-14.9207, 12.6806], [-14.9028, 12.6803], [-14.885, 12.6799], [-14.8671, 12.6795], [-14.8433, 12.6789], [-14.8427, 12.6789], [-14.8378, 12.6788], [-14.8233, 12.6788], [-14.8088, 12.6788], [-14.7944, 12.6788], [-14.7779, 12.6788], [-14.7615, 12.6789], [-14.7451, 12.6789], [-14.7286, 12.6789], [-14.7186, 12.6791], [-14.7085, 12.6791], [-14.6984, 12.6793], [-14.6837, 12.6796], [-14.6691, 12.6799], [-14.6544, 12.6802], [-14.643, 12.6804], [-14.6317, 12.6806], [-14.6216, 12.6808], [-14.6203, 12.6808], [-14.6064, 12.6809], [-14.5785, 12.6811], [-14.5592, 12.6812], [-14.5353, 12.6814], [-14.5212, 12.6814], [-14.507, 12.6814], [-14.4928, 12.6814], [-14.4772, 12.6813], [-14.4616, 12.6811], [-14.446, 12.681], [-14.4196, 12.6813], [-14.4031, 12.681], [-14.392, 12.681], [-14.3808, 12.681], [-14.3697, 12.681], [-14.3526, 12.6809], [-14.3355, 12.6807], [-14.3261, 12.6807], [-14.3184, 12.6806], [-14.3013, 12.6804], [-14.2892, 12.6803], [-14.2772, 12.6802], [-14.2652, 12.6801], [-14.2535, 12.6797], [-14.2418, 12.6794], [-14.23, 12.679], [-14.2196, 12.6789], [-14.2091, 12.6788], [-14.1986, 12.6787], [-14.1801, 12.6782], [-14.1615, 12.6778], [-14.143, 12.6774], [-14.1317, 12.677], [-14.1204, 12.6766], [-14.1092, 12.6762], [-14.0814, 12.6761], [-14.0796, 12.6761], [-14.0648, 12.676], [-14.0353, 12.6759], [-14.024, 12.6758], [-14.0127, 12.6757], [-14.0014, 12.6756], [-14.001, 12.6756], [-13.9982, 12.6762], [-13.9883, 12.6762], [-13.9675, 12.6758], [-13.9466, 12.6759], [-13.9257, 12.6761], [-13.9048, 12.6762], [-13.8839, 12.6763], [-13.874, 12.6762], [-13.8603, 12.6761], [-13.8451, 12.6762], [-13.83, 12.6762], [-13.8148, 12.6763], [-13.7957, 12.6765], [-13.7887, 12.6764], [-13.7667, 12.6765], [-13.7386, 12.676], [-13.7205, 12.6758], [-13.6921, 12.6761], [-13.6766, 12.6765], [-13.6535, 12.6764], [-13.631, 12.6764], [-13.616, 12.6764], [-13.6135, 12.6764], [-13.612, 12.6764], [-13.599, 12.6765], [-13.586, 12.6766], [-13.573, 12.6767], [-13.5695, 12.6763], [-13.5572, 12.6763], [-13.5489, 12.6764], [-13.5392, 12.6766], [-13.5367, 12.6766], [-13.5313, 12.6765], [-13.5279, 12.6764], [-13.5218, 12.6763], [-13.5185, 12.6764], [-13.5159, 12.6765], [-13.5133, 12.6763], [-13.5104, 12.6765], [-13.5077, 12.6764], [-13.5045, 12.6764], [-13.5022, 12.6763], [-13.4999, 12.6764], [-13.4966, 12.6757], [-13.4937, 12.6754], [-13.4852, 12.6745], [-13.485, 12.6753], [-13.4849, 12.6754], [-13.4845, 12.6761], [-13.484, 12.6771], [-13.4837, 12.6774], [-13.4832, 12.6777], [-13.4822, 12.6785], [-13.4816, 12.679], [-13.481, 12.6797], [-13.4806, 12.6809], [-13.4798, 12.6802], [-13.4791, 12.681], [-13.4777, 12.6814], [-13.4765, 12.6817], [-13.4754, 12.6822], [-13.4743, 12.6832], [-13.4736, 12.6843], [-13.4731, 12.685], [-13.4726, 12.686], [-13.4716, 12.6877], [-13.4711, 12.6894], [-13.4698, 12.6903], [-13.4688, 12.6908], [-13.4676, 12.6915], [-13.4661, 12.6922], [-13.4655, 12.6929], [-13.464, 12.6941], [-13.4634, 12.6943], [-13.4633, 12.6953], [-13.4637, 12.6962], [-13.4645, 12.6977], [-13.4653, 12.6977], [-13.4663, 12.6972], [-13.4668, 12.697], [-13.468, 12.6967], [-13.4682, 12.6964], [-13.4688, 12.696], [-13.4695, 12.696], [-13.4695, 12.6963], [-13.4698, 12.6972], [-13.4693, 12.6981], [-13.4691, 12.6986], [-13.469, 12.699], [-13.4687, 12.6999], [-13.4683, 12.7007], [-13.4681, 12.7018], [-13.4678, 12.7022], [-13.4675, 12.7029], [-13.467, 12.7033], [-13.4668, 12.7048], [-13.4661, 12.7045], [-13.4648, 12.7049], [-13.464, 12.7038], [-13.4636, 12.704], [-13.4638, 12.7056], [-13.4626, 12.7053], [-13.4623, 12.7061], [-13.4622, 12.7073], [-13.4622, 12.7076], [-13.4622, 12.7079], [-13.4626, 12.7084], [-13.463, 12.7091], [-13.4635, 12.7097], [-13.4637, 12.7105], [-13.4638, 12.7116], [-13.4642, 12.7132], [-13.4647, 12.7139], [-13.4652, 12.7153], [-13.4654, 12.7156], [-13.4656, 12.7162], [-13.4658, 12.7172], [-13.4659, 12.7176], [-13.4659, 12.7184], [-13.4658, 12.7188], [-13.4652, 12.7192], [-13.4645, 12.7197], [-13.4637, 12.7199], [-13.4633, 12.7206], [-13.4629, 12.7207], [-13.4622, 12.7212], [-13.4613, 12.7213], [-13.4607, 12.7221], [-13.4596, 12.7232], [-13.4595, 12.7236], [-13.4588, 12.7243], [-13.4591, 12.7248], [-13.4592, 12.7251], [-13.4586, 12.7274], [-13.459, 12.7285], [-13.459, 12.7298], [-13.459, 12.7299], [-13.4594, 12.7307], [-13.4598, 12.7314], [-13.4602, 12.7321], [-13.4604, 12.733], [-13.4606, 12.7333], [-13.4608, 12.7339], [-13.461, 12.7345], [-13.4612, 12.7347], [-13.4611, 12.7351], [-13.4608, 12.7359], [-13.4607, 12.7372], [-13.4601, 12.7381], [-13.4594, 12.7389], [-13.4588, 12.7394], [-13.4587, 12.7402], [-13.4585, 12.7416], [-13.4579, 12.7428], [-13.4583, 12.7433], [-13.4588, 12.7437], [-13.4586, 12.7442], [-13.4593, 12.7446], [-13.4599, 12.746], [-13.4612, 12.747], [-13.4624, 12.7471], [-13.4633, 12.746], [-13.4642, 12.7453], [-13.4645, 12.7442], [-13.4646, 12.743], [-13.465, 12.7423], [-13.4655, 12.7421], [-13.4661, 12.742], [-13.4668, 12.7418], [-13.4674, 12.7418], [-13.4677, 12.7421], [-13.4677, 12.7422], [-13.4679, 12.743], [-13.4684, 12.7437], [-13.4687, 12.7443], [-13.4687, 12.7448], [-13.4684, 12.7451], [-13.4678, 12.7451], [-13.4675, 12.7453], [-13.4672, 12.7457], [-13.4669, 12.7463], [-13.4666, 12.7471], [-13.4666, 12.7473], [-13.4663, 12.7492], [-13.466, 12.7508], [-13.4646, 12.7506], [-13.4639, 12.7502], [-13.4634, 12.7497], [-13.4629, 12.7495], [-13.4621, 12.7491], [-13.4617, 12.7489], [-13.4611, 12.7486], [-13.4604, 12.7486], [-13.4602, 12.7486], [-13.4596, 12.7488], [-13.4592, 12.749], [-13.459, 12.7493], [-13.4589, 12.7501], [-13.459, 12.7505], [-13.4597, 12.7517], [-13.4602, 12.7526], [-13.4604, 12.7531], [-13.4605, 12.7539], [-13.4606, 12.754], [-13.4609, 12.7544], [-13.4612, 12.7556], [-13.4613, 12.7571], [-13.4616, 12.7577], [-13.4617, 12.7578], [-13.4618, 12.7585], [-13.4622, 12.7597], [-13.4622, 12.76], [-13.4623, 12.7606], [-13.4623, 12.7606], [-13.4623, 12.7607], [-13.4623, 12.7607], [-13.4625, 12.7608], [-13.4623, 12.7608], [-13.4623, 12.7608], [-13.4622, 12.7608], [-13.4619, 12.7623], [-13.462, 12.763], [-13.4616, 12.7638], [-13.4613, 12.7644], [-13.461, 12.7649], [-13.4605, 12.7653], [-13.4603, 12.7659], [-13.4598, 12.7662], [-13.4597, 12.7665], [-13.4591, 12.767], [-13.459, 12.7674], [-13.4584, 12.7686], [-13.4586, 12.7694], [-13.4586, 12.7712], [-13.459, 12.773], [-13.4593, 12.7733], [-13.4597, 12.774], [-13.4602, 12.7764], [-13.4602, 12.7762], [-13.4609, 12.7777], [-13.4613, 12.7791], [-13.4614, 12.7802], [-13.4616, 12.782], [-13.4617, 12.7838], [-13.4619, 12.7846], [-13.4628, 12.785], [-13.4631, 12.7851], [-13.4634, 12.7851], [-13.4637, 12.785], [-13.464, 12.7848], [-13.4653, 12.784], [-13.4654, 12.7829], [-13.466, 12.7826], [-13.4661, 12.7823], [-13.4665, 12.7818], [-13.4665, 12.7817], [-13.4679, 12.7804], [-13.4681, 12.7803], [-13.4693, 12.7791], [-13.4696, 12.7791], [-13.4699, 12.7794], [-13.4699, 12.7799], [-13.4699, 12.7803], [-13.4695, 12.7806], [-13.4696, 12.7809], [-13.4697, 12.7812], [-13.4695, 12.7813], [-13.4694, 12.7822], [-13.4685, 12.7823], [-13.4684, 12.7825], [-13.4683, 12.7826], [-13.4683, 12.7829], [-13.4682, 12.7831], [-13.4674, 12.7837], [-13.4672, 12.7841], [-13.4669, 12.7844], [-13.4669, 12.7848], [-13.4669, 12.7851], [-13.4666, 12.7861], [-13.4666, 12.7864], [-13.4666, 12.7875], [-13.466, 12.7885], [-13.4654, 12.7899], [-13.4652, 12.7907], [-13.4645, 12.7916], [-13.4631, 12.7927], [-13.4627, 12.7929], [-13.462, 12.7941], [-13.4615, 12.7952], [-13.4613, 12.7962], [-13.4607, 12.7968], [-13.4607, 12.7971], [-13.4606, 12.7983], [-13.4606, 12.7986], [-13.4605, 12.7994], [-13.4605, 12.7998], [-13.4607, 12.8012], [-13.4607, 12.8016], [-13.4608, 12.8022], [-13.4608, 12.8025], [-13.4614, 12.8047], [-13.4616, 12.8046], [-13.4621, 12.8045], [-13.4626, 12.8045], [-13.4633, 12.8047], [-13.4634, 12.8047], [-13.4643, 12.8045], [-13.4649, 12.8047], [-13.4659, 12.8046], [-13.4665, 12.8044], [-13.4675, 12.8046], [-13.4678, 12.8047], [-13.468, 12.8047], [-13.4695, 12.8046], [-13.4713, 12.805], [-13.4716, 12.805], [-13.4721, 12.8051], [-13.4726, 12.8051], [-13.4739, 12.8066], [-13.474, 12.8067], [-13.4743, 12.8067], [-13.4746, 12.8071], [-13.4754, 12.8086], [-13.4755, 12.81], [-13.476, 12.8115], [-13.476, 12.8118], [-13.4759, 12.8128], [-13.4761, 12.8143], [-13.4765, 12.8156], [-13.477, 12.8164], [-13.4776, 12.8173], [-13.478, 12.8187], [-13.4784, 12.8205], [-13.4783, 12.8225], [-13.4782, 12.8242], [-13.4776, 12.8245], [-13.477, 12.8245], [-13.4766, 12.8246], [-13.4762, 12.8249], [-13.4759, 12.8251], [-13.4756, 12.8252], [-13.4752, 12.8254], [-13.475, 12.8256], [-13.4747, 12.826], [-13.474, 12.826], [-13.473, 12.8263], [-13.4726, 12.8265], [-13.4721, 12.8268], [-13.4716, 12.827], [-13.471, 12.8275], [-13.4705, 12.8285], [-13.4699, 12.8288], [-13.4691, 12.8292], [-13.4681, 12.8297], [-13.4669, 12.83], [-13.4659, 12.8308], [-13.4661, 12.8307], [-13.4656, 12.8318], [-13.4654, 12.8328], [-13.4656, 12.8343], [-13.4659, 12.8362], [-13.4662, 12.838], [-13.4661, 12.8381], [-13.4663, 12.8405], [-13.4664, 12.8411], [-13.4665, 12.8422], [-13.4663, 12.8428], [-13.4665, 12.8442], [-13.4667, 12.8444], [-13.4672, 12.8452], [-13.4676, 12.8458], [-13.4678, 12.846], [-13.4681, 12.8464], [-13.4688, 12.8474], [-13.4694, 12.8473], [-13.4699, 12.8474], [-13.4705, 12.8475], [-13.4716, 12.848], [-13.4733, 12.8485], [-13.4749, 12.8483], [-13.4757, 12.8486], [-13.4763, 12.8488], [-13.477, 12.8486], [-13.4776, 12.8488], [-13.4781, 12.8499], [-13.4782, 12.8502], [-13.4782, 12.8506], [-13.4782, 12.851], [-13.478, 12.8512], [-13.478, 12.8517], [-13.4773, 12.8527], [-13.4756, 12.8524], [-13.4749, 12.8523], [-13.4737, 12.8525], [-13.4727, 12.8524], [-13.4716, 12.8515], [-13.4702, 12.851], [-13.468, 12.8502], [-13.4666, 12.8503], [-13.4654, 12.8497], [-13.4648, 12.8491], [-13.464, 12.8488], [-13.4631, 12.848], [-13.4622, 12.8462], [-13.4613, 12.8463], [-13.4603, 12.8457], [-13.4594, 12.845], [-13.4588, 12.8443], [-13.4589, 12.8431], [-13.4576, 12.8434], [-13.4571, 12.8448], [-13.4556, 12.8453], [-13.4541, 12.8465], [-13.4533, 12.8472], [-13.4523, 12.8479], [-13.4516, 12.8489], [-13.4511, 12.8504], [-13.4512, 12.8506], [-13.4513, 12.8515], [-13.4516, 12.8525], [-13.4519, 12.8532], [-13.4521, 12.8537], [-13.4521, 12.8541], [-13.4528, 12.8551], [-13.4537, 12.8564], [-13.4542, 12.8572], [-13.4543, 12.8584], [-13.4545, 12.8587], [-13.4546, 12.8588], [-13.4546, 12.8591], [-13.4546, 12.8592], [-13.4547, 12.8593], [-13.4551, 12.8598], [-13.4554, 12.8604], [-13.4561, 12.861], [-13.4576, 12.8624], [-13.458, 12.8631], [-13.4592, 12.8637], [-13.4597, 12.8646], [-13.4606, 12.8655], [-13.4608, 12.8655], [-13.4617, 12.8666], [-13.4623, 12.8672], [-13.463, 12.8679], [-13.4636, 12.8689], [-13.4643, 12.8697], [-13.465, 12.8698], [-13.4656, 12.8701], [-13.4665, 12.8708], [-13.4675, 12.8713], [-13.4681, 12.8718], [-13.4692, 12.8725], [-13.4693, 12.8725], [-13.4701, 12.8728], [-13.4708, 12.8729], [-13.4709, 12.8729], [-13.4717, 12.8732], [-13.4723, 12.8736], [-13.4726, 12.8738], [-13.473, 12.8743], [-13.4733, 12.8745], [-13.4736, 12.875], [-13.4739, 12.8756], [-13.4739, 12.8762], [-13.4734, 12.8764], [-13.4723, 12.8762], [-13.4716, 12.8757], [-13.4704, 12.8757], [-13.4696, 12.8756], [-13.4686, 12.8756], [-13.4678, 12.8752], [-13.4661, 12.8755], [-13.4648, 12.8754], [-13.4638, 12.876], [-13.4632, 12.877], [-13.4621, 12.8787], [-13.4623, 12.8789], [-13.463, 12.8797], [-13.4649, 12.881], [-13.4667, 12.8821], [-13.4669, 12.8821], [-13.467, 12.8824], [-13.4671, 12.8832], [-13.4666, 12.8838], [-13.466, 12.8853], [-13.466, 12.8854], [-13.4651, 12.8869], [-13.4645, 12.8885], [-13.4645, 12.889], [-13.464, 12.8904], [-13.4631, 12.8926], [-13.4633, 12.8949], [-13.4634, 12.8968], [-13.4634, 12.8973], [-13.4634, 12.8976], [-13.4639, 12.8978], [-13.4653, 12.8988], [-13.4678, 12.8996], [-13.4683, 12.8997], [-13.4706, 12.9011], [-13.4711, 12.9001], [-13.4716, 12.8997], [-13.4723, 12.8997], [-13.4735, 12.8995], [-13.4749, 12.899], [-13.4761, 12.8987], [-13.4765, 12.8987], [-13.4772, 12.8986], [-13.478, 12.8985], [-13.4786, 12.8985], [-13.4788, 12.8988], [-13.4794, 12.8993], [-13.4808, 12.8998], [-13.4818, 12.9003], [-13.4832, 12.9015], [-13.4844, 12.9022], [-13.4846, 12.9023], [-13.4848, 12.9025], [-13.4861, 12.9046], [-13.4871, 12.9051], [-13.4888, 12.9058], [-13.4894, 12.9068], [-13.4896, 12.9079], [-13.4901, 12.9081], [-13.4906, 12.9089], [-13.4913, 12.9092], [-13.4923, 12.9095], [-13.4929, 12.9097], [-13.4939, 12.9103], [-13.4945, 12.9103], [-13.4953, 12.9104], [-13.4963, 12.9106], [-13.4976, 12.9107], [-13.4988, 12.9109], [-13.4999, 12.9113], [-13.5007, 12.9129], [-13.5006, 12.9133], [-13.5003, 12.9144], [-13.5004, 12.9148], [-13.5005, 12.917], [-13.5004, 12.9174], [-13.5004, 12.9175], [-13.5003, 12.9188], [-13.5004, 12.9195], [-13.501, 12.9203], [-13.5013, 12.9214], [-13.502, 12.9228], [-13.503, 12.9241], [-13.5035, 12.9246], [-13.5045, 12.9251], [-13.5049, 12.926], [-13.505, 12.926], [-13.5053, 12.9265], [-13.5058, 12.927], [-13.5058, 12.9272], [-13.5063, 12.9286], [-13.5063, 12.9288], [-13.5062, 12.9287], [-13.5064, 12.9293], [-13.5064, 12.9298], [-13.5053, 12.9299], [-13.5039, 12.9302], [-13.5031, 12.9297], [-13.502, 12.9297], [-13.5015, 12.9295], [-13.5006, 12.9294], [-13.5, 12.9293], [-13.4987, 12.9314], [-13.4981, 12.9318], [-13.4976, 12.9331], [-13.4967, 12.9349], [-13.4962, 12.9352], [-13.496, 12.9355], [-13.4957, 12.9365], [-13.4944, 12.9376], [-13.4942, 12.9383], [-13.493, 12.9396], [-13.4925, 12.9414], [-13.4925, 12.9427], [-13.4929, 12.9442], [-13.493, 12.945], [-13.4937, 12.9456], [-13.4945, 12.9471], [-13.4953, 12.9481], [-13.4956, 12.9485], [-13.4967, 12.9496], [-13.4979, 12.9507], [-13.498, 12.9508], [-13.4988, 12.9513], [-13.499, 12.9513], [-13.4997, 12.9509], [-13.5004, 12.9505], [-13.501, 12.9504], [-13.5014, 12.9488], [-13.5016, 12.9484], [-13.5014, 12.9463], [-13.5009, 12.9456], [-13.5015, 12.9456], [-13.5024, 12.9456], [-13.5037, 12.9456], [-13.5048, 12.9453], [-13.5061, 12.9451], [-13.5102, 12.9458], [-13.5114, 12.9473], [-13.5116, 12.9477], [-13.5126, 12.9498], [-13.5136, 12.951], [-13.514, 12.9519], [-13.5148, 12.9529], [-13.5144, 12.9539], [-13.5138, 12.954], [-13.5127, 12.9542], [-13.5119, 12.9562], [-13.5117, 12.9562], [-13.5109, 12.9563], [-13.5103, 12.9582], [-13.5082, 12.961], [-13.5075, 12.9615], [-13.5067, 12.9618], [-13.5058, 12.9619], [-13.504, 12.962], [-13.5025, 12.9626], [-13.5011, 12.9625], [-13.4997, 12.9628], [-13.4993, 12.9627], [-13.4977, 12.9631], [-13.4961, 12.964], [-13.4952, 12.9647], [-13.4944, 12.9669], [-13.4942, 12.9668], [-13.4935, 12.969], [-13.4932, 12.9705], [-13.4932, 12.9715], [-13.4933, 12.9717], [-13.4934, 12.9722], [-13.494, 12.9735], [-13.4942, 12.9735], [-13.495, 12.974], [-13.4959, 12.9742], [-13.4969, 12.974], [-13.498, 12.9734], [-13.499, 12.9723], [-13.5004, 12.9704], [-13.5026, 12.9704], [-13.5039, 12.9712], [-13.5044, 12.9721], [-13.5044, 12.9726], [-13.5046, 12.9748], [-13.5045, 12.9752], [-13.5045, 12.9759], [-13.5046, 12.9762], [-13.5038, 12.9775], [-13.5039, 12.9786], [-13.5039, 12.9787], [-13.5038, 12.9791], [-13.5038, 12.9792], [-13.5037, 12.9799], [-13.5039, 12.98], [-13.5045, 12.9808], [-13.5056, 12.9823], [-13.5068, 12.9833], [-13.5084, 12.9847], [-13.509, 12.9852], [-13.5094, 12.9863], [-13.5104, 12.988], [-13.5106, 12.9885], [-13.5108, 12.9887], [-13.51, 12.9897], [-13.509, 12.9901], [-13.5076, 12.9909], [-13.5064, 12.9921], [-13.5052, 12.9935], [-13.5044, 12.9941], [-13.5036, 12.9956], [-13.5027, 12.9963], [-13.5013, 12.9984], [-13.5015, 12.9987], [-13.5016, 12.9992], [-13.5016, 12.9995], [-13.5017, 13.0004], [-13.5019, 13.0026], [-13.5021, 13.0046], [-13.5048, 13.006], [-13.5067, 13.0081], [-13.509, 13.0111], [-13.5111, 13.0131], [-13.5126, 13.0147], [-13.5141, 13.0158], [-13.5166, 13.0161], [-13.5183, 13.0149], [-13.5201, 13.014], [-13.5201, 13.0115], [-13.5209, 13.0102], [-13.5223, 13.009], [-13.5235, 13.0084], [-13.5269, 13.0073], [-13.529, 13.0059], [-13.5311, 13.005], [-13.5319, 13.0049], [-13.5332, 13.0059], [-13.5333, 13.0059], [-13.5342, 13.0076], [-13.5347, 13.011], [-13.5343, 13.0128], [-13.5335, 13.0135], [-13.5323, 13.0145], [-13.532, 13.0149], [-13.5316, 13.0151], [-13.5312, 13.0171], [-13.5306, 13.018], [-13.5303, 13.0194], [-13.5299, 13.0202], [-13.5293, 13.0209], [-13.5294, 13.022], [-13.5294, 13.023], [-13.5289, 13.0244], [-13.5286, 13.0249], [-13.5276, 13.0252], [-13.527, 13.0253], [-13.5261, 13.0253], [-13.525, 13.0253], [-13.5234, 13.0257], [-13.5221, 13.026], [-13.521, 13.0278], [-13.5205, 13.0297], [-13.5206, 13.0316], [-13.5207, 13.0327], [-13.5209, 13.0342], [-13.521, 13.0356], [-13.5217, 13.0361], [-13.5221, 13.0362], [-13.5233, 13.0363], [-13.524, 13.0363], [-13.525, 13.0362], [-13.5258, 13.0361], [-13.5264, 13.0359], [-13.5267, 13.0359], [-13.5276, 13.0354], [-13.5283, 13.0347], [-13.5292, 13.0342], [-13.5301, 13.0343], [-13.5311, 13.035], [-13.5316, 13.0352], [-13.5323, 13.0355], [-13.5332, 13.0352], [-13.5341, 13.0345], [-13.535, 13.0338], [-13.5349, 13.034], [-13.5354, 13.0346], [-13.5359, 13.0355], [-13.5362, 13.036], [-13.537, 13.0366], [-13.538, 13.0371], [-13.5392, 13.0377], [-13.5397, 13.038], [-13.541, 13.0389], [-13.5428, 13.0399], [-13.5429, 13.0398], [-13.5446, 13.0406], [-13.5452, 13.0412], [-13.5459, 13.0424], [-13.5459, 13.0433], [-13.5461, 13.0448], [-13.5459, 13.046], [-13.5458, 13.0469], [-13.5459, 13.0472], [-13.5453, 13.0489], [-13.5446, 13.0493], [-13.544, 13.0493], [-13.5427, 13.0481], [-13.5424, 13.0482], [-13.542, 13.0488], [-13.5417, 13.0495], [-13.5424, 13.0515], [-13.5425, 13.0512], [-13.5432, 13.0518], [-13.5436, 13.0526], [-13.5448, 13.0534], [-13.5457, 13.0541], [-13.5465, 13.0544], [-13.5479, 13.055], [-13.5489, 13.0548], [-13.5499, 13.0543], [-13.5503, 13.0536], [-13.5506, 13.053], [-13.5512, 13.052], [-13.5524, 13.0517], [-13.5532, 13.0515], [-13.5541, 13.0514], [-13.5554, 13.0517], [-13.5562, 13.0521], [-13.5562, 13.0533], [-13.5562, 13.0541], [-13.5562, 13.0548], [-13.556, 13.0559], [-13.5562, 13.057], [-13.557, 13.0573], [-13.5575, 13.0573], [-13.5577, 13.0584], [-13.5575, 13.0594], [-13.5573, 13.0603], [-13.5572, 13.061], [-13.5565, 13.0621], [-13.5551, 13.0632], [-13.5541, 13.0642], [-13.5536, 13.0652], [-13.5534, 13.0661], [-13.5529, 13.0667], [-13.5518, 13.0676], [-13.5512, 13.068], [-13.5507, 13.0689], [-13.5507, 13.0698], [-13.5516, 13.0702], [-13.5523, 13.0703], [-13.5535, 13.0702], [-13.554, 13.0704], [-13.5541, 13.0715], [-13.5555, 13.0726], [-13.556, 13.0732], [-13.5573, 13.0748], [-13.5579, 13.0751], [-13.5586, 13.0753], [-13.5599, 13.0745], [-13.56, 13.0744], [-13.5604, 13.0724], [-13.5604, 13.0715], [-13.5609, 13.0707], [-13.5626, 13.071], [-13.5638, 13.0709], [-13.5648, 13.0704], [-13.5648, 13.0693], [-13.5649, 13.0682], [-13.5653, 13.0673], [-13.5655, 13.0664], [-13.5663, 13.0649], [-13.5667, 13.0646], [-13.5674, 13.0636], [-13.5678, 13.0631], [-13.5682, 13.0628], [-13.569, 13.0626], [-13.5704, 13.0637], [-13.5728, 13.0644], [-13.5745, 13.0649], [-13.5759, 13.0658], [-13.5768, 13.0667], [-13.5778, 13.0678], [-13.5781, 13.0687], [-13.5786, 13.0699], [-13.5785, 13.0711], [-13.5784, 13.072], [-13.5785, 13.0731], [-13.5782, 13.0739], [-13.5781, 13.0756], [-13.5784, 13.0765], [-13.5788, 13.0778], [-13.5786, 13.0786], [-13.5783, 13.0797], [-13.5783, 13.08], [-13.5777, 13.0806], [-13.5774, 13.081], [-13.5757, 13.0815], [-13.5742, 13.0815], [-13.5738, 13.0816], [-13.5735, 13.0829], [-13.5727, 13.0848], [-13.5722, 13.0855], [-13.5727, 13.0866], [-13.574, 13.0871], [-13.5745, 13.0891], [-13.5742, 13.0904], [-13.5742, 13.0915], [-13.5746, 13.0918], [-13.5754, 13.0914], [-13.5765, 13.0906], [-13.5771, 13.0903], [-13.5776, 13.0894], [-13.578, 13.0886], [-13.5783, 13.0874], [-13.5786, 13.0865], [-13.5788, 13.0862], [-13.5788, 13.0854], [-13.5796, 13.0848], [-13.5805, 13.0841], [-13.5818, 13.0841], [-13.583, 13.0845], [-13.5832, 13.0851], [-13.5836, 13.0863], [-13.5838, 13.0874], [-13.5835, 13.088], [-13.5846, 13.0898], [-13.5849, 13.0902], [-13.5849, 13.0912], [-13.5846, 13.0917], [-13.5842, 13.092], [-13.5838, 13.0939], [-13.5833, 13.094], [-13.583, 13.0942], [-13.5827, 13.0944], [-13.5825, 13.0959], [-13.5838, 13.0966], [-13.5845, 13.0987], [-13.5858, 13.1001], [-13.5863, 13.1017], [-13.5861, 13.1026], [-13.5854, 13.1034], [-13.5847, 13.1042], [-13.5843, 13.1053], [-13.585, 13.1069], [-13.5867, 13.1077], [-13.5873, 13.1075], [-13.5877, 13.107], [-13.5883, 13.1054], [-13.5897, 13.1052], [-13.5907, 13.1056], [-13.5922, 13.1072], [-13.5928, 13.1079], [-13.5934, 13.1082], [-13.5952, 13.1096], [-13.5962, 13.1099], [-13.598, 13.1112], [-13.5997, 13.112], [-13.5999, 13.1136], [-13.5997, 13.1149], [-13.5991, 13.1168], [-13.5992, 13.1189], [-13.5993, 13.1201], [-13.5992, 13.1223], [-13.5994, 13.1243], [-13.5995, 13.1256], [-13.5994, 13.1269], [-13.5993, 13.1274], [-13.5989, 13.1287], [-13.5985, 13.1291], [-13.5969, 13.1295], [-13.5962, 13.1291], [-13.5957, 13.1291], [-13.5951, 13.1291], [-13.5947, 13.129], [-13.5945, 13.1291], [-13.5941, 13.1295], [-13.5942, 13.1306], [-13.5948, 13.131], [-13.5953, 13.1308], [-13.5954, 13.1309], [-13.5964, 13.1308], [-13.597, 13.1308], [-13.5984, 13.1306], [-13.5995, 13.1308], [-13.6004, 13.1313], [-13.6012, 13.1312], [-13.6019, 13.1313], [-13.6022, 13.131], [-13.6021, 13.1308], [-13.6023, 13.1304], [-13.6026, 13.13], [-13.6041, 13.1288], [-13.6043, 13.1289], [-13.6055, 13.1294], [-13.6063, 13.1298], [-13.6074, 13.13], [-13.6079, 13.1307], [-13.6087, 13.1328], [-13.6093, 13.134], [-13.6108, 13.1341], [-13.6112, 13.1335], [-13.6121, 13.1323], [-13.6131, 13.1318], [-13.6148, 13.1319], [-13.6154, 13.1319], [-13.617, 13.1318], [-13.6174, 13.1323], [-13.6175, 13.1332], [-13.6171, 13.1342], [-13.6166, 13.135], [-13.616, 13.1371], [-13.6166, 13.1393], [-13.6162, 13.1413], [-13.6156, 13.1418], [-13.6146, 13.1426], [-13.614, 13.1429], [-13.6132, 13.1432], [-13.6113, 13.1436], [-13.6094, 13.1444], [-13.6087, 13.1445], [-13.6075, 13.1457], [-13.6073, 13.1464], [-13.6079, 13.1474], [-13.6093, 13.1469], [-13.6101, 13.1466], [-13.6106, 13.1464], [-13.6118, 13.1463], [-13.6128, 13.1463], [-13.6138, 13.148], [-13.6133, 13.1488], [-13.6127, 13.1497], [-13.6125, 13.1507], [-13.6124, 13.152], [-13.6122, 13.1533], [-13.6121, 13.1547], [-13.612, 13.1557], [-13.6117, 13.1566], [-13.6106, 13.1569], [-13.6097, 13.1569], [-13.6091, 13.1568], [-13.6083, 13.156], [-13.6079, 13.1549], [-13.6076, 13.1542], [-13.6065, 13.152], [-13.6055, 13.1518], [-13.6052, 13.1521], [-13.6048, 13.1525], [-13.6034, 13.1544], [-13.6031, 13.1549], [-13.6026, 13.1559], [-13.6037, 13.1576], [-13.6042, 13.1579], [-13.6051, 13.1585], [-13.6055, 13.1595], [-13.6062, 13.1595], [-13.6071, 13.1593], [-13.6077, 13.1591], [-13.6085, 13.1589], [-13.6095, 13.1589], [-13.6099, 13.1593], [-13.6107, 13.1605], [-13.6114, 13.1617], [-13.6121, 13.1627], [-13.6121, 13.164], [-13.6124, 13.1652], [-13.6119, 13.1663], [-13.6114, 13.167], [-13.6109, 13.1674], [-13.6101, 13.1681], [-13.6099, 13.1692], [-13.6101, 13.1694], [-13.6108, 13.1691], [-13.6116, 13.1691], [-13.6124, 13.1687], [-13.6131, 13.1686], [-13.6144, 13.169], [-13.6152, 13.1706], [-13.6161, 13.1717], [-13.6167, 13.1731], [-13.616, 13.1742], [-13.6159, 13.1767], [-13.6152, 13.1769], [-13.6143, 13.1782], [-13.614, 13.1788], [-13.6152, 13.1812], [-13.6151, 13.182], [-13.6136, 13.183], [-13.6132, 13.1848], [-13.6116, 13.1862], [-13.6089, 13.1855], [-13.6085, 13.1854], [-13.6076, 13.1856], [-13.606, 13.1895], [-13.6055, 13.1909], [-13.6057, 13.1909], [-13.6061, 13.1908], [-13.6068, 13.1909], [-13.6076, 13.1923], [-13.6067, 13.1943], [-13.6066, 13.196], [-13.6065, 13.1967], [-13.606, 13.1992], [-13.6064, 13.1992], [-13.6071, 13.1996], [-13.6085, 13.1998], [-13.61, 13.2003], [-13.6122, 13.2], [-13.6151, 13.1993], [-13.6156, 13.2016], [-13.6145, 13.2037], [-13.6135, 13.2057], [-13.6124, 13.2064], [-13.609, 13.2076], [-13.6072, 13.2077], [-13.606, 13.2079], [-13.6048, 13.2081], [-13.6041, 13.2081], [-13.6026, 13.2082], [-13.6019, 13.2105], [-13.6018, 13.2124], [-13.6019, 13.2136], [-13.6019, 13.2149], [-13.6026, 13.2172], [-13.6033, 13.2186], [-13.6035, 13.2197], [-13.6042, 13.2204], [-13.6053, 13.2216], [-13.6066, 13.2215], [-13.6074, 13.2213], [-13.6082, 13.2207], [-13.6101, 13.2225], [-13.6116, 13.2278], [-13.6115, 13.2294], [-13.6106, 13.2325], [-13.6096, 13.2327], [-13.6092, 13.2321], [-13.6089, 13.2318], [-13.6076, 13.2328], [-13.6081, 13.2354], [-13.6086, 13.2376], [-13.6088, 13.2378], [-13.6093, 13.2387], [-13.611, 13.2381], [-13.6111, 13.2383], [-13.6123, 13.2393], [-13.6127, 13.2399], [-13.6134, 13.2403], [-13.6141, 13.2408], [-13.6145, 13.2418], [-13.6146, 13.2426], [-13.6146, 13.2432], [-13.6145, 13.2446], [-13.6149, 13.2454], [-13.6153, 13.2462], [-13.6167, 13.2463], [-13.6175, 13.2461], [-13.619, 13.2457], [-13.6199, 13.2446], [-13.6215, 13.2435], [-13.6236, 13.2425], [-13.6249, 13.2421], [-13.6257, 13.2419], [-13.6273, 13.2415], [-13.6284, 13.2408], [-13.6303, 13.2411], [-13.6324, 13.2409], [-13.6355, 13.2415], [-13.6386, 13.242], [-13.6433, 13.244], [-13.6453, 13.2477], [-13.6458, 13.2491], [-13.6459, 13.2508], [-13.6459, 13.2528], [-13.6456, 13.2545], [-13.6455, 13.2573], [-13.6449, 13.259], [-13.6442, 13.261], [-13.6437, 13.2625], [-13.6429, 13.2643], [-13.6421, 13.2663], [-13.6415, 13.2676], [-13.6409, 13.2688], [-13.6406, 13.2696], [-13.6403, 13.2727], [-13.641, 13.2745], [-13.6414, 13.2761], [-13.6428, 13.2771], [-13.6484, 13.2801], [-13.6501, 13.2805], [-13.6524, 13.2819], [-13.6557, 13.281], [-13.658, 13.2803], [-13.6667, 13.2777], [-13.6715, 13.2761], [-13.6752, 13.2756], [-13.6793, 13.2774], [-13.6829, 13.2814], [-13.6843, 13.2829], [-13.6874, 13.2876], [-13.6896, 13.2907], [-13.6894, 13.2946], [-13.6894, 13.2951], [-13.6893, 13.2982], [-13.6892, 13.2996], [-13.6878, 13.3016], [-13.6865, 13.3025], [-13.6849, 13.3048], [-13.6817, 13.3053], [-13.6797, 13.3068], [-13.6782, 13.3088], [-13.6759, 13.313], [-13.6743, 13.3153], [-13.6727, 13.3184], [-13.671, 13.3233], [-13.6692, 13.3254], [-13.6686, 13.3267], [-13.6683, 13.3273], [-13.6682, 13.3273], [-13.6664, 13.3317], [-13.6655, 13.3336], [-13.6648, 13.3361], [-13.6643, 13.3383], [-13.6641, 13.3394], [-13.6644, 13.3418], [-13.6651, 13.3418], [-13.6672, 13.3421], [-13.6691, 13.3421], [-13.6711, 13.3427], [-13.6727, 13.3427], [-13.675, 13.3402], [-13.6788, 13.3397], [-13.686, 13.3366], [-13.6934, 13.3337], [-13.699, 13.3323], [-13.7021, 13.3343], [-13.7035, 13.3371], [-13.7042, 13.3394], [-13.7042, 13.341], [-13.7041, 13.3435], [-13.7023, 13.3456], [-13.7011, 13.3473], [-13.6988, 13.3495], [-13.6975, 13.3507], [-13.6959, 13.3534], [-13.6924, 13.3554], [-13.6909, 13.3571], [-13.6888, 13.361], [-13.6879, 13.3641], [-13.6855, 13.3659], [-13.6836, 13.3676], [-13.6831, 13.3689], [-13.6809, 13.3698], [-13.6777, 13.3714], [-13.6743, 13.3722], [-13.6733, 13.3742], [-13.6724, 13.3755], [-13.6723, 13.377], [-13.6727, 13.38], [-13.6731, 13.3808], [-13.6741, 13.3821], [-13.6749, 13.3834], [-13.6772, 13.3831], [-13.6788, 13.383], [-13.6816, 13.3833], [-13.6832, 13.383], [-13.6849, 13.3831], [-13.6868, 13.3832], [-13.69, 13.3822], [-13.6896, 13.3835], [-13.6927, 13.3831], [-13.6934, 13.3834], [-13.6966, 13.3824], [-13.6996, 13.3816], [-13.704, 13.3798], [-13.7086, 13.3794], [-13.7116, 13.3784], [-13.7138, 13.3776], [-13.718, 13.376], [-13.7216, 13.3755], [-13.7247, 13.3749], [-13.7294, 13.3747], [-13.734, 13.3727], [-13.7383, 13.3718], [-13.7431, 13.3708], [-13.7454, 13.3714], [-13.7474, 13.3716], [-13.7512, 13.3724], [-13.7533, 13.3718], [-13.7561, 13.3724], [-13.7584, 13.3716], [-13.761, 13.3717], [-13.7636, 13.3714], [-13.7666, 13.3717], [-13.7704, 13.3725], [-13.7726, 13.3729], [-13.7741, 13.3742], [-13.7743, 13.3768], [-13.7737, 13.3781], [-13.7732, 13.3786], [-13.7723, 13.3793], [-13.7698, 13.3811], [-13.7681, 13.3821], [-13.7668, 13.3833], [-13.7649, 13.3847], [-13.7631, 13.3861], [-13.7619, 13.3873], [-13.7595, 13.3894], [-13.758, 13.3911], [-13.7564, 13.3931], [-13.7545, 13.3956], [-13.7524, 13.3983], [-13.7509, 13.4007], [-13.7497, 13.4029], [-13.7488, 13.4045], [-13.7489, 13.4062], [-13.7489, 13.4086], [-13.7494, 13.4121], [-13.7497, 13.4141], [-13.7506, 13.4157], [-13.752, 13.4163], [-13.7531, 13.417], [-13.7549, 13.4191], [-13.7565, 13.423], [-13.757, 13.4237], [-13.7576, 13.4249], [-13.7578, 13.4267], [-13.7581, 13.4276], [-13.7582, 13.4291], [-13.7583, 13.4308], [-13.7584, 13.4318], [-13.7583, 13.4333], [-13.7577, 13.4345], [-13.7567, 13.4357], [-13.7547, 13.4374], [-13.7537, 13.4393], [-13.7523, 13.44], [-13.7504, 13.4414], [-13.7467, 13.4447], [-13.7433, 13.4448], [-13.7402, 13.4465], [-13.7381, 13.4489], [-13.7359, 13.4499], [-13.7339, 13.4498], [-13.7332, 13.4503], [-13.7328, 13.4506], [-13.7295, 13.4531], [-13.7281, 13.4536], [-13.7266, 13.4549], [-13.725, 13.4563], [-13.7234, 13.4573], [-13.7222, 13.4574], [-13.7204, 13.4592], [-13.7191, 13.4614], [-13.719, 13.4619], [-13.7186, 13.4632], [-13.7184, 13.4645], [-13.7181, 13.4657], [-13.7183, 13.4665], [-13.7193, 13.4675], [-13.7216, 13.4681], [-13.7227, 13.4684], [-13.7239, 13.4692], [-13.7249, 13.4699], [-13.726, 13.4703], [-13.7285, 13.4724], [-13.7314, 13.4733], [-13.7342, 13.4744], [-13.7371, 13.4753], [-13.7393, 13.476], [-13.7421, 13.4777], [-13.745, 13.4796], [-13.7473, 13.4794], [-13.7502, 13.4809], [-13.7533, 13.4813], [-13.7554, 13.4824], [-13.7587, 13.4827], [-13.7613, 13.4836], [-13.7657, 13.4846], [-13.7686, 13.4851], [-13.7698, 13.4846], [-13.7724, 13.4846], [-13.7738, 13.4832], [-13.7753, 13.4824], [-13.7763, 13.4818], [-13.7769, 13.4814], [-13.7776, 13.4811], [-13.7802, 13.4787], [-13.7817, 13.4772], [-13.7845, 13.4745], [-13.7862, 13.4721], [-13.788, 13.4702], [-13.79, 13.4686], [-13.7915, 13.467], [-13.7926, 13.4664], [-13.7952, 13.4654], [-13.7962, 13.4661], [-13.8014, 13.466], [-13.805, 13.4685], [-13.8071, 13.4714], [-13.8078, 13.4748], [-13.8091, 13.478], [-13.8092, 13.4833], [-13.8079, 13.4869], [-13.8073, 13.4894], [-13.8061, 13.4932], [-13.8044, 13.4967], [-13.8034, 13.4983], [-13.8026, 13.5], [-13.8013, 13.5015], [-13.8002, 13.504], [-13.7996, 13.5058], [-13.7996, 13.5078], [-13.8, 13.5122], [-13.8001, 13.5145], [-13.8003, 13.5173], [-13.8007, 13.5198], [-13.7993, 13.5232], [-13.7981, 13.5255], [-13.7964, 13.5286], [-13.7955, 13.5302], [-13.7943, 13.532], [-13.7926, 13.5336], [-13.7913, 13.5353], [-13.79, 13.5367], [-13.789, 13.5383], [-13.7883, 13.5396], [-13.7879, 13.5422], [-13.7881, 13.5439], [-13.7904, 13.5449], [-13.7937, 13.5446], [-13.7972, 13.5428], [-13.7996, 13.5423], [-13.8025, 13.5423], [-13.8049, 13.5425], [-13.8065, 13.5427], [-13.8076, 13.5431], [-13.8107, 13.5443], [-13.8138, 13.5457], [-13.8178, 13.5472], [-13.8206, 13.5472], [-13.8223, 13.5461], [-13.8233, 13.5427], [-13.8234, 13.5412], [-13.8236, 13.5397], [-13.8237, 13.5392], [-13.8247, 13.5361], [-13.8256, 13.5343], [-13.8289, 13.5294], [-13.8295, 13.5288], [-13.8301, 13.5282], [-13.831, 13.5269], [-13.8313, 13.5262], [-13.8315, 13.5252], [-13.8321, 13.5239], [-13.8324, 13.5215], [-13.8327, 13.5182], [-13.8323, 13.5162], [-13.8317, 13.5137], [-13.8306, 13.511], [-13.8303, 13.5102], [-13.8299, 13.5086], [-13.8305, 13.5064], [-13.8306, 13.506], [-13.8316, 13.5041], [-13.8324, 13.5037], [-13.8338, 13.5046], [-13.8353, 13.505], [-13.8373, 13.505], [-13.8391, 13.506], [-13.8421, 13.5072], [-13.8459, 13.5082], [-13.8471, 13.5087], [-13.8487, 13.5096], [-13.85, 13.5101], [-13.8513, 13.5104], [-13.8525, 13.511], [-13.854, 13.511], [-13.8551, 13.5111], [-13.8564, 13.5112], [-13.8575, 13.5111], [-13.8586, 13.511], [-13.8605, 13.5109]]]}}, {"type": "Feature", "properties": {"code": "LG", "name": "Louga", "region": "Louga"}, "geometry": {"type": "Polygon", "coordinates": [[[-15.4497, 14.7232], [-15.4272, 14.7149], [-15.4069, 14.7074], [-15.3865, 14.6999], [-15.3662, 14.6924], [-15.3458, 14.6849], [-15.3278, 14.6744], [-15.3099, 14.6639], [-15.301, 14.6618], [-15.2849, 14.659], [-15.2689, 14.6562], [-15.2528, 14.6534], [-15.2367, 14.6506], [-15.2243, 14.6481], [-15.2119, 14.6457], [-15.1996, 14.6432], [-15.1866, 14.6407], [-15.1736, 14.6382], [-15.1605, 14.6358], [-15.1387, 14.6319], [-15.121, 14.6286], [-15.1033, 14.6253], [-15.0855, 14.622], [-15.0766, 14.6206], [-15.0701, 14.6196], [-15.0547, 14.6173], [-15.0392, 14.6149], [-15.0238, 14.6125], [-15.0173, 14.6363], [-15.0, 14.6468], [-14.9998, 14.6469], [-14.9914, 14.6536], [-14.9645, 14.6698], [-14.9378, 14.6868], [-14.9104, 14.7036], [-14.8895, 14.6791], [-14.8692, 14.6557], [-14.8493, 14.6315], [-14.8357, 14.6412], [-14.8203, 14.6539], [-14.8126, 14.6666], [-14.8048, 14.6793], [-14.7971, 14.692], [-14.7942, 14.7074], [-14.7912, 14.7227], [-14.7883, 14.7381], [-14.7854, 14.7535], [-14.7622, 14.7661], [-14.7488, 14.7826], [-14.7354, 14.799], [-14.722, 14.8154], [-14.7086, 14.8318], [-14.7109, 14.8487], [-14.721, 14.8671], [-14.731, 14.8855], [-14.7411, 14.9039], [-14.749, 14.9272], [-14.7568, 14.9505], [-14.7647, 14.9738], [-14.7726, 14.9971], [-14.7805, 15.0205], [-14.7777, 15.0226], [-14.7502, 15.0437], [-14.7347, 15.0451], [-14.7192, 15.0465], [-14.7037, 15.0479], [-14.6788, 15.0521], [-14.6539, 15.0563], [-14.6289, 15.0605], [-14.604, 15.0647], [-14.5791, 15.0689], [-14.5541, 15.0731], [-14.5439, 15.0752], [-14.5338, 15.0773], [-14.5238, 15.0794], [-14.524, 15.0795], [-14.547, 15.0966], [-14.5725, 15.1146], [-14.5672, 15.1329], [-14.564, 15.1437], [-14.5555, 15.1728], [-14.5517, 15.1869], [-14.5474, 15.2017], [-14.5389, 15.2308], [-14.5302, 15.26], [-14.5288, 15.2662], [-14.5268, 15.2726], [-14.5218, 15.2891], [-14.5134, 15.3182], [-14.5051, 15.3467], [-14.5023, 15.3569], [-14.499, 15.3671], [-14.4964, 15.377], [-14.5108, 15.3631], [-14.5264, 15.3603], [-14.5419, 15.3575], [-14.5574, 15.3547], [-14.5836, 15.3491], [-14.6069, 15.352], [-14.6331, 15.3662], [-14.6564, 15.3775], [-14.668, 15.3832], [-14.6806, 15.3869], [-14.6932, 15.3907], [-14.7059, 15.3945], [-14.735, 15.4059], [-14.7524, 15.4115], [-14.764, 15.4273], [-14.7628, 15.4309], [-14.7592, 15.4415], [-14.7544, 15.4556], [-14.7496, 15.4697], [-14.7496, 15.4867], [-14.7496, 15.5036], [-14.7495, 15.5206], [-14.7482, 15.5448], [-14.7468, 15.569], [-14.7455, 15.5932], [-14.7441, 15.6174], [-14.7427, 15.6416], [-14.7414, 15.6659], [-14.74, 15.6901], [-14.7213, 15.6951], [-14.7027, 15.7002], [-14.684, 15.7053], [-14.6653, 15.7103], [-14.6466, 15.7154], [-14.6251, 15.7306], [-14.6036, 15.7458], [-14.5821, 15.761], [-14.5606, 15.7762], [-14.5461, 15.7859], [-14.5315, 15.7955], [-14.5169, 15.8051], [-14.5264, 15.8196], [-14.5429, 15.8479], [-14.5605, 15.8766], [-14.5777, 15.9049], [-14.5858, 15.9187], [-14.5949, 15.9336], [-14.6032, 15.9344], [-14.6222, 15.9353], [-14.6363, 15.9361], [-14.6376, 15.9363], [-14.6484, 15.9368], [-14.675, 15.938], [-14.6913, 15.9388], [-14.6953, 15.939], [-14.6959, 15.9391], [-14.702, 15.9394], [-14.7287, 15.941], [-14.755, 15.942], [-14.7557, 15.9411], [-14.7637, 15.9455], [-14.77, 15.9489], [-14.7828, 15.9558], [-14.81, 15.9706], [-14.8369, 15.9855], [-14.8653, 16.0005], [-14.8766, 16.0009], [-14.8769, 16.0009], [-14.8801, 16.0008], [-14.8915, 16.0006], [-14.9188, 16.0008], [-14.9463, 16.0008], [-14.973, 16.0011], [-14.9838, 16.0011], [-14.9946, 16.0011], [-15.0054, 16.0011], [-15.0063, 16.0011], [-15.0064, 16.0008], [-15.0157, 16.0004], [-15.0309, 16.0006], [-15.0462, 16.0006], [-15.0611, 16.0009], [-15.077, 16.0005], [-15.0919, 16.0003], [-15.1071, 16.0003], [-15.1163, 16.0003], [-15.1227, 16.0007], [-15.1294, 16.0005], [-15.1377, 16.0006], [-15.1462, 16.0004], [-15.1475, 16.0004], [-15.1531, 15.9999], [-15.1647, 15.9999], [-15.1656, 15.9999], [-15.1684, 15.9999], [-15.1837, 15.9999], [-15.199, 15.9999], [-15.2143, 15.9999], [-15.2296, 15.9999], [-15.2449, 15.9999], [-15.2602, 15.9999], [-15.2755, 16.0], [-15.2907, 16.0], [-15.306, 16.0], [-15.3213, 16.0], [-15.3366, 16.0], [-15.3519, 16.0], [-15.3672, 16.0], [-15.3825, 16.0], [-15.3978, 16.0], [-15.4131, 16.0], [-15.4284, 16.0], [-15.4389, 16.0], [-15.4403, 16.0], [-15.4589, 16.0], [-15.4742, 16.0], [-15.4895, 16.0], [-15.5048, 16.0], [-15.5201, 15.9999], [-15.5354, 15.9999], [-15.5507, 15.9999], [-15.566, 15.9999], [-15.5802, 16.0], [-15.5802, 15.9999], [-15.5802, 15.9988], [-15.5803, 15.9872], [-15.5803, 15.98], [-15.5802, 15.9752], [-15.5807, 15.9711], [-15.5804, 15.9666], [-15.5806, 15.9619], [-15.5804, 15.9571], [-15.5804, 15.9476], [-15.5807, 15.9411], [-15.5805, 15.9335], [-15.5806, 15.9269], [-15.5807, 15.9269], [-15.5808, 15.927], [-15.5812, 15.9277], [-15.583, 15.9304], [-15.5892, 15.9373], [-15.5951, 15.9435], [-15.6007, 15.9497], [-15.6108, 15.9604], [-15.6185, 15.9686], [-15.6256, 15.9765], [-15.6344, 15.9862], [-15.6427, 15.9949], [-15.6478, 16.0003], [-15.6483, 16.0005], [-15.6617, 16.0134], [-15.6887, 16.0422], [-15.7156, 16.071], [-15.7425, 16.0998], [-15.7694, 16.1286], [-15.7964, 16.1575], [-15.8233, 16.1863], [-15.8252, 16.1874], [-15.8252, 16.1874], [-15.8275, 16.1869], [-15.8278, 16.1871], [-15.8329, 16.1851], [-15.8514, 16.1742], [-15.8727, 16.1589], [-15.8965, 16.1378], [-15.9197, 16.1173], [-15.9237, 16.1104], [-15.9281, 16.103], [-15.945, 16.096], [-15.9613, 16.0902], [-15.9809, 16.0801], [-15.9969, 16.0724], [-16.0, 16.0705], [-16.0281, 16.0575], [-16.0559, 16.0443], [-16.0843, 16.0319], [-16.0938, 16.0268], [-16.0955, 16.0266], [-16.1124, 16.0185], [-16.1406, 16.0052], [-16.1421, 16.0042], [-16.1427, 16.0031], [-16.143, 16.0014], [-16.1438, 16.0014], [-16.1454, 16.0014], [-16.1456, 16.0014], [-16.15, 15.9943], [-16.1538, 15.9883], [-16.1593, 15.9792], [-16.1634, 15.9721], [-16.1695, 15.9648], [-16.1735, 15.962], [-16.1788, 15.9581], [-16.1809, 15.9561], [-16.2031, 15.9388], [-16.2094, 15.9339], [-16.2147, 15.9299], [-16.2224, 15.9237], [-16.2246, 15.922], [-16.2434, 15.9113], [-16.2498, 15.9076], [-16.2565, 15.9041], [-16.2566, 15.8984], [-16.2568, 15.8788], [-16.2605, 15.8739], [-16.2639, 15.8704], [-16.2715, 15.8619], [-16.2792, 15.8597], [-16.2893, 15.8582], [-16.2999, 15.857], [-16.31, 15.8547], [-16.3185, 15.8534], [-16.324, 15.8524], [-16.3247, 15.8521], [-16.3329, 15.8481], [-16.3541, 15.8368], [-16.3578, 15.835], [-16.3587, 15.8345], [-16.3873, 15.8342], [-16.402, 15.8346], [-16.4122, 15.8342], [-16.4218, 15.8344], [-16.4291, 15.8359], [-16.4414, 15.8393], [-16.4482, 15.8402], [-16.4567, 15.8384], [-16.4628, 15.8369], [-16.4694, 15.8354], [-16.4747, 15.8345], [-16.4829, 15.8333], [-16.4898, 15.8333], [-16.4978, 15.8334], [-16.5135, 15.8336], [-16.5256, 15.833], [-16.5259, 15.8317], [-16.5264, 15.8299], [-16.5276, 15.824], [-16.5283, 15.8188], [-16.53, 15.8134], [-16.5323, 15.8081], [-16.5359, 15.7931], [-16.5382, 15.7841], [-16.5412, 15.7729], [-16.5434, 15.7654], [-16.5472, 15.756], [-16.5505, 15.747], [-16.556, 15.737], [-16.561, 15.7288], [-16.5644, 15.722], [-16.5662, 15.7168], [-16.5698, 15.7082], [-16.5731, 15.7015], [-16.5758, 15.6958], [-16.5803, 15.6857], [-16.5854, 15.6774], [-16.5896, 15.6698], [-16.5919, 15.6664], [-16.5927, 15.6651], [-16.5962, 15.6598], [-16.5999, 15.6536], [-16.6039, 15.6454], [-16.6085, 15.638], [-16.6141, 15.6301], [-16.6174, 15.6231], [-16.6199, 15.62], [-16.6232, 15.6151], [-16.6293, 15.6061], [-16.6348, 15.5982], [-16.6403, 15.589], [-16.6433, 15.5848], [-16.6466, 15.5795], [-16.6497, 15.5744], [-16.6539, 15.5686], [-16.658, 15.5622], [-16.6606, 15.5577], [-16.6658, 15.551], [-16.6705, 15.5445], [-16.6753, 15.5367], [-16.6807, 15.5281], [-16.6913, 15.5126], [-16.6974, 15.5041], [-16.7042, 15.495], [-16.7084, 15.4883], [-16.7141, 15.4807], [-16.7234, 15.468], [-16.7276, 15.4621], [-16.7277, 15.4619], [-16.7284, 15.4608], [-16.7319, 15.4546], [-16.7365, 15.4478], [-16.7403, 15.4425], [-16.7449, 15.4362], [-16.7496, 15.4296], [-16.7537, 15.4229], [-16.7577, 15.4154], [-16.7612, 15.4088], [-16.7668, 15.3988], [-16.7712, 15.3909], [-16.7783, 15.3787], [-16.7835, 15.3706], [-16.7878, 15.3634], [-16.7937, 15.3534], [-16.7983, 15.3452], [-16.8041, 15.3366], [-16.81, 15.3286], [-16.8101, 15.3286], [-16.7939, 15.3221], [-16.7774, 15.3155], [-16.7609, 15.3089], [-16.7445, 15.3023], [-16.7411, 15.2991], [-16.7296, 15.2945], [-16.7163, 15.2911], [-16.7109, 15.2855], [-16.7078, 15.2793], [-16.7032, 15.2745], [-16.6981, 15.271], [-16.6912, 15.2676], [-16.6867, 15.2648], [-16.669, 15.2465], [-16.6668, 15.245], [-16.6612, 15.241], [-16.6517, 15.2338], [-16.6404, 15.227], [-16.6352, 15.2249], [-16.6312, 15.2112], [-16.6303, 15.2081], [-16.6266, 15.2053], [-16.62, 15.2019], [-16.6189, 15.2004], [-16.6152, 15.1943], [-16.6128, 15.1845], [-16.6127, 15.1754], [-16.6137, 15.1681], [-16.6154, 15.1455], [-16.6154, 15.145], [-16.6154, 15.145], [-16.6103, 15.1511], [-16.6008, 15.1589], [-16.5978, 15.1643], [-16.5944, 15.1703], [-16.5892, 15.1751], [-16.5831, 15.1809], [-16.577, 15.1861], [-16.5705, 15.194], [-16.5662, 15.201], [-16.5619, 15.2096], [-16.5566, 15.2208], [-16.5496, 15.236], [-16.5431, 15.2476], [-16.5371, 15.2587], [-16.5317, 15.2672], [-16.5295, 15.2713], [-16.5243, 15.2698], [-16.5185, 15.2722], [-16.5153, 15.2762], [-16.515, 15.2769], [-16.5146, 15.2782], [-16.5137, 15.2806], [-16.5142, 15.2856], [-16.5174, 15.288], [-16.5142, 15.2928], [-16.5119, 15.2962], [-16.508, 15.3019], [-16.505, 15.3059], [-16.5029, 15.3096], [-16.4984, 15.3137], [-16.4948, 15.3171], [-16.4912, 15.3225], [-16.4855, 15.3279], [-16.4806, 15.3332], [-16.4673, 15.3477], [-16.4631, 15.3507], [-16.4591, 15.3538], [-16.4579, 15.3551], [-16.4546, 15.3583], [-16.4537, 15.3595], [-16.4527, 15.3602], [-16.449, 15.3577], [-16.4483, 15.3573], [-16.4473, 15.3564], [-16.4442, 15.3538], [-16.4384, 15.3484], [-16.4335, 15.3435], [-16.4302, 15.3393], [-16.4234, 15.3319], [-16.4174, 15.3262], [-16.4059, 15.327], [-16.3974, 15.3272], [-16.3766, 15.3279], [-16.3607, 15.3279], [-16.3521, 15.3227], [-16.3481, 15.3179], [-16.3437, 15.3127], [-16.3383, 15.3046], [-16.3364, 15.2996], [-16.3349, 15.2943], [-16.3373, 15.2873], [-16.3412, 15.2819], [-16.3457, 15.2788], [-16.3462, 15.2717], [-16.3427, 15.2674], [-16.3393, 15.2642], [-16.3343, 15.2591], [-16.3301, 15.2553], [-16.3258, 15.2524], [-16.3231, 15.2506], [-16.3171, 15.2499], [-16.3135, 15.2506], [-16.3115, 15.2525], [-16.3102, 15.2563], [-16.3091, 15.266], [-16.3063, 15.2717], [-16.3023, 15.2737], [-16.2963, 15.2743], [-16.2936, 15.2735], [-16.2909, 15.2728], [-16.2822, 15.267], [-16.2779, 15.2614], [-16.2745, 15.2562], [-16.2712, 15.2483], [-16.2697, 15.2434], [-16.2682, 15.2374], [-16.269, 15.2326], [-16.27, 15.226], [-16.2704, 15.2223], [-16.2708, 15.2155], [-16.2701, 15.2099], [-16.2691, 15.2048], [-16.2681, 15.2002], [-16.2656, 15.1945], [-16.2621, 15.1897], [-16.2583, 15.1847], [-16.2531, 15.1788], [-16.2502, 15.1753], [-16.2474, 15.1706], [-16.2455, 15.1675], [-16.245, 15.1667], [-16.2439, 15.165], [-16.2415, 15.1586], [-16.2398, 15.1567], [-16.2382, 15.1532], [-16.2378, 15.1468], [-16.2381, 15.1437], [-16.2387, 15.1375], [-16.2392, 15.1318], [-16.2386, 15.1279], [-16.2373, 15.1253], [-16.237, 15.1246], [-16.2343, 15.1207], [-16.2321, 15.1191], [-16.2297, 15.1173], [-16.2243, 15.1142], [-16.2141, 15.1079], [-16.2101, 15.1057], [-16.2043, 15.1008], [-16.1995, 15.096], [-16.1967, 15.0923], [-16.1955, 15.0854], [-16.1968, 15.072], [-16.1969, 15.0683], [-16.1969, 15.0634], [-16.1972, 15.0541], [-16.1961, 15.0467], [-16.1936, 15.0386], [-16.1896, 15.0288], [-16.1886, 15.0228], [-16.1864, 15.0192], [-16.1835, 15.0156], [-16.182, 15.0118], [-16.1804, 15.0077], [-16.1796, 15.0029], [-16.1796, 14.9996], [-16.1775, 14.9855], [-16.1763, 14.9792], [-16.1764, 14.9768], [-16.1771, 14.974], [-16.1777, 14.9679], [-16.1771, 14.964], [-16.1715, 14.9644], [-16.1622, 14.9647], [-16.1573, 14.9645], [-16.1384, 14.9627], [-16.1276, 14.961], [-16.1257, 14.9605], [-16.1163, 14.9581], [-16.1105, 14.9571], [-16.1013, 14.9574], [-16.0949, 14.9589], [-16.0944, 14.959], [-16.0857, 14.9613], [-16.0759, 14.9628], [-16.0697, 14.9622], [-16.0396, 14.96], [-16.0249, 14.9586], [-16.0134, 14.9577], [-16.005, 14.9569], [-15.9998, 14.9569], [-15.9988, 14.9551], [-15.9983, 14.9552], [-15.9979, 14.9556], [-15.9973, 14.9562], [-15.9964, 14.9582], [-15.9955, 14.9598], [-15.9947, 14.9617], [-15.9939, 14.9632], [-15.9932, 14.9652], [-15.9927, 14.9669], [-15.9921, 14.9684], [-15.9915, 14.9699], [-15.991, 14.9706], [-15.9902, 14.9715], [-15.9895, 14.9719], [-15.9884, 14.9721], [-15.9865, 14.9724], [-15.9821, 14.972], [-15.9787, 14.972], [-15.9754, 14.972], [-15.973, 14.972], [-15.9698, 14.9725], [-15.964, 14.9729], [-15.9586, 14.9734], [-15.9543, 14.9739], [-15.9489, 14.9744], [-15.9444, 14.9748], [-15.938, 14.9755], [-15.9341, 14.976], [-15.9286, 14.9765], [-15.9254, 14.9767], [-15.9234, 14.977], [-15.9206, 14.9775], [-15.9175, 14.9782], [-15.9144, 14.979], [-15.9114, 14.98], [-15.9085, 14.9814], [-15.9083, 14.9815], [-15.9058, 14.9824], [-15.9037, 14.9834], [-15.9019, 14.9848], [-15.9002, 14.9865], [-15.8986, 14.9885], [-15.8973, 14.9907], [-15.8952, 14.9932], [-15.8932, 14.9965], [-15.8929, 14.9976], [-15.8782, 14.9976], [-15.8631, 14.9976], [-15.848, 14.9976], [-15.8329, 14.9977], [-15.8178, 14.9977], [-15.8056, 14.9974], [-15.8055, 14.9879], [-15.8072, 14.9819], [-15.8056, 14.9747], [-15.8033, 14.969], [-15.8015, 14.9676], [-15.7995, 14.9641], [-15.7948, 14.9617], [-15.7918, 14.9611], [-15.7905, 14.9599], [-15.7879, 14.9587], [-15.7861, 14.9567], [-15.784, 14.9545], [-15.7825, 14.9519], [-15.7809, 14.9495], [-15.7789, 14.9477], [-15.7775, 14.9458], [-15.7761, 14.9436], [-15.7748, 14.941], [-15.7739, 14.939], [-15.7738, 14.9356], [-15.7731, 14.9328], [-15.7726, 14.9304], [-15.771, 14.9281], [-15.7683, 14.9259], [-15.7655, 14.9238], [-15.7615, 14.9218], [-15.7589, 14.9198], [-15.7588, 14.9197], [-15.7559, 14.9183], [-15.7525, 14.9165], [-15.7486, 14.9154], [-15.7441, 14.9131], [-15.7361, 14.9103], [-15.7317, 14.9084], [-15.7259, 14.9053], [-15.7225, 14.9036], [-15.7173, 14.8992], [-15.7141, 14.8975], [-15.7062, 14.8918], [-15.7013, 14.8888], [-15.696, 14.8849], [-15.688, 14.8794], [-15.6828, 14.8756], [-15.676, 14.8719], [-15.6737, 14.8709], [-15.6735, 14.8706], [-15.6734, 14.8706], [-15.6697, 14.8695], [-15.6676, 14.869], [-15.6659, 14.8689], [-15.6634, 14.8688], [-15.6619, 14.8687], [-15.6598, 14.8686], [-15.6576, 14.8683], [-15.6555, 14.8682], [-15.652, 14.8687], [-15.6495, 14.8684], [-15.6467, 14.8675], [-15.6445, 14.8673], [-15.6418, 14.8673], [-15.6389, 14.8671], [-15.6361, 14.8669], [-15.6333, 14.8668], [-15.6317, 14.8668], [-15.6283, 14.8658], [-15.6261, 14.8655], [-15.6229, 14.8648], [-15.6196, 14.8644], [-15.6158, 14.8639], [-15.6132, 14.8633], [-15.611, 14.8631], [-15.6089, 14.8619], [-15.6074, 14.861], [-15.604, 14.8595], [-15.6019, 14.8589], [-15.6001, 14.8575], [-15.5972, 14.8559], [-15.5948, 14.8549], [-15.592, 14.8529], [-15.5875, 14.8499], [-15.5856, 14.848], [-15.5825, 14.8467], [-15.5795, 14.8447], [-15.5783, 14.8439], [-15.5747, 14.8415], [-15.5709, 14.8393], [-15.5676, 14.8376], [-15.564, 14.8351], [-15.5608, 14.8333], [-15.5573, 14.8315], [-15.5533, 14.829], [-15.5506, 14.8271], [-15.5463, 14.8249], [-15.5443, 14.8235], [-15.5418, 14.8236], [-15.5396, 14.8243], [-15.5375, 14.8251], [-15.5358, 14.8258], [-15.5323, 14.827], [-15.5286, 14.8286], [-15.5248, 14.8302], [-15.5215, 14.8313], [-15.5186, 14.832], [-15.5159, 14.8331], [-15.5141, 14.8338], [-15.5113, 14.8347], [-15.5088, 14.8356], [-15.5065, 14.8365], [-15.5057, 14.8368], [-15.5041, 14.8375], [-15.502, 14.8384], [-15.5001, 14.8388], [-15.4983, 14.8392], [-15.4964, 14.8394], [-15.4934, 14.8393], [-15.4914, 14.8396], [-15.4894, 14.8399], [-15.4874, 14.8399], [-15.4855, 14.8393], [-15.4827, 14.8388], [-15.4797, 14.8383], [-15.4769, 14.8375], [-15.4742, 14.8369], [-15.4721, 14.8362], [-15.4701, 14.8357], [-15.4696, 14.8356], [-15.4683, 14.8354], [-15.4656, 14.8344], [-15.4628, 14.8332], [-15.4605, 14.832], [-15.458, 14.8306], [-15.4542, 14.8291], [-15.4504, 14.8279], [-15.446, 14.8257], [-15.4435, 14.8252], [-15.4408, 14.8247], [-15.438, 14.8239], [-15.4368, 14.8228], [-15.4369, 14.8207], [-15.4364, 14.8175], [-15.4372, 14.8153], [-15.437, 14.8126], [-15.438, 14.8099], [-15.4381, 14.8076], [-15.4387, 14.805], [-15.4388, 14.8002], [-15.4402, 14.7965], [-15.4406, 14.7927], [-15.4413, 14.7885], [-15.4415, 14.784], [-15.4419, 14.7808], [-15.4426, 14.7764], [-15.4429, 14.7724], [-15.4433, 14.7665], [-15.444, 14.7629], [-15.4446, 14.758], [-15.4456, 14.753], [-15.4465, 14.7474], [-15.4468, 14.7445], [-15.4469, 14.7443], [-15.4497, 14.7232]]]}}, {"type": "Feature", "properties": {"code": "MT", "name": "Matam", "region": "Matam"}, "geometry": {"type": "Polygon", "coordinates": [[[-14.6287, 14.528], [-14.6282, 14.5289], [-14.6261, 14.5292], [-14.6249, 14.5299], [-14.6213, 14.5296], [-14.6195, 14.5302], [-14.6175, 14.531], [-14.6144, 14.5316], [-14.6123, 14.532], [-14.6111, 14.532], [-14.6083, 14.533], [-14.6053, 14.5336], [-14.6023, 14.5336], [-14.5989, 14.5344], [-14.5949, 14.5357], [-14.5915, 14.5359], [-14.5876, 14.5371], [-14.5856, 14.5367], [-14.5838, 14.5371], [-14.5799, 14.5379], [-14.5774, 14.5385], [-14.5753, 14.5396], [-14.5716, 14.54], [-14.5689, 14.5404], [-14.5638, 14.541], [-14.5603, 14.5413], [-14.5587, 14.5423], [-14.5557, 14.542], [-14.5541, 14.5425], [-14.5528, 14.5429], [-14.5508, 14.5435], [-14.5493, 14.5442], [-14.5464, 14.5456], [-14.5439, 14.5463], [-14.5409, 14.547], [-14.5386, 14.5486], [-14.5364, 14.5486], [-14.5344, 14.5498], [-14.5314, 14.5511], [-14.5286, 14.5512], [-14.5258, 14.5533], [-14.5242, 14.5536], [-14.5223, 14.554], [-14.5197, 14.5549], [-14.5162, 14.5559], [-14.5127, 14.5573], [-14.5104, 14.5578], [-14.5071, 14.5598], [-14.5045, 14.5601], [-14.5023, 14.5612], [-14.5004, 14.5615], [-14.4979, 14.5623], [-14.4955, 14.5626], [-14.4931, 14.5639], [-14.4914, 14.5649], [-14.4894, 14.5658], [-14.488, 14.5661], [-14.4851, 14.5672], [-14.4828, 14.5671], [-14.4811, 14.5684], [-14.4793, 14.5708], [-14.4779, 14.5734], [-14.4763, 14.5751], [-14.4744, 14.5758], [-14.4721, 14.5777], [-14.4699, 14.5799], [-14.4683, 14.5822], [-14.4664, 14.5847], [-14.4639, 14.586], [-14.463, 14.5878], [-14.4616, 14.5884], [-14.4594, 14.5908], [-14.4565, 14.5933], [-14.453, 14.5977], [-14.4504, 14.5998], [-14.4475, 14.6022], [-14.4453, 14.6057], [-14.4424, 14.6087], [-14.4402, 14.6102], [-14.4383, 14.6123], [-14.4361, 14.6143], [-14.434, 14.6157], [-14.4319, 14.6185], [-14.4306, 14.6201], [-14.4281, 14.6215], [-14.4267, 14.6229], [-14.4254, 14.6245], [-14.4236, 14.626], [-14.4213, 14.6288], [-14.4201, 14.6304], [-14.4175, 14.6319], [-14.4162, 14.6333], [-14.4153, 14.6349], [-14.415, 14.6357], [-14.4143, 14.637], [-14.4134, 14.6377], [-14.4114, 14.6374], [-14.4085, 14.6366], [-14.4075, 14.636], [-14.4048, 14.6353], [-14.4024, 14.635], [-14.3994, 14.6346], [-14.3972, 14.635], [-14.3943, 14.6357], [-14.3923, 14.636], [-14.3908, 14.6377], [-14.3882, 14.6395], [-14.3872, 14.6399], [-14.386, 14.6406], [-14.3844, 14.6419], [-14.3827, 14.6424], [-14.3814, 14.6433], [-14.3785, 14.6437], [-14.3772, 14.6453], [-14.3754, 14.6452], [-14.375, 14.6464], [-14.3732, 14.6472], [-14.3716, 14.6469], [-14.3705, 14.6473], [-14.3682, 14.6465], [-14.3677, 14.6468], [-14.3673, 14.6471], [-14.3661, 14.6475], [-14.3639, 14.648], [-14.3618, 14.6502], [-14.3602, 14.6513], [-14.359, 14.6523], [-14.3574, 14.6533], [-14.3554, 14.6542], [-14.3543, 14.6551], [-14.351, 14.6552], [-14.349, 14.6558], [-14.348, 14.657], [-14.3466, 14.6582], [-14.3462, 14.6586], [-14.3446, 14.6566], [-14.3433, 14.6549], [-14.3422, 14.6535], [-14.341, 14.6522], [-14.3402, 14.6511], [-14.3396, 14.6499], [-14.339, 14.6489], [-14.3386, 14.6477], [-14.3386, 14.6463], [-14.3386, 14.6441], [-14.3382, 14.6425], [-14.3379, 14.6414], [-14.3372, 14.6403], [-14.3366, 14.6391], [-14.3357, 14.6375], [-14.3349, 14.6358], [-14.3344, 14.6348], [-14.3336, 14.6331], [-14.3331, 14.6321], [-14.3323, 14.6299], [-14.3313, 14.6282], [-14.3301, 14.6263], [-14.3286, 14.6252], [-14.3275, 14.6232], [-14.3256, 14.6224], [-14.324, 14.6211], [-14.3226, 14.6199], [-14.3212, 14.6182], [-14.3198, 14.6173], [-14.3189, 14.6163], [-14.318, 14.6156], [-14.3168, 14.6151], [-14.3156, 14.6146], [-14.3142, 14.6142], [-14.312, 14.6131], [-14.3111, 14.6124], [-14.3104, 14.6107], [-14.3097, 14.6092], [-14.3094, 14.6083], [-14.309, 14.6076], [-14.3088, 14.6065], [-14.3081, 14.6048], [-14.3076, 14.6035], [-14.3068, 14.6022], [-14.3063, 14.6008], [-14.3058, 14.5997], [-14.3056, 14.5996], [-14.3043, 14.5983], [-14.3027, 14.5967], [-14.3013, 14.5953], [-14.2996, 14.5947], [-14.298, 14.5942], [-14.2965, 14.5929], [-14.2954, 14.5916], [-14.2942, 14.5919], [-14.2915, 14.5919], [-14.2891, 14.5909], [-14.2871, 14.5898], [-14.2854, 14.589], [-14.2838, 14.5889], [-14.2822, 14.5878], [-14.2799, 14.5869], [-14.2789, 14.5853], [-14.2767, 14.5825], [-14.2765, 14.5818], [-14.2754, 14.5795], [-14.2747, 14.579], [-14.274, 14.5767], [-14.274, 14.5761], [-14.2728, 14.5756], [-14.2721, 14.5754], [-14.2699, 14.5751], [-14.2674, 14.5744], [-14.2657, 14.5739], [-14.2637, 14.5731], [-14.2613, 14.5724], [-14.2602, 14.572], [-14.2571, 14.5719], [-14.2544, 14.571], [-14.2516, 14.5697], [-14.25, 14.569], [-14.2483, 14.5684], [-14.2453, 14.5672], [-14.2421, 14.5666], [-14.2398, 14.5657], [-14.237, 14.5647], [-14.2344, 14.5633], [-14.2314, 14.5629], [-14.2283, 14.5616], [-14.2267, 14.5609], [-14.2247, 14.5606], [-14.2225, 14.5597], [-14.2198, 14.5589], [-14.2169, 14.5583], [-14.2146, 14.5569], [-14.2127, 14.5565], [-14.2105, 14.5554], [-14.2086, 14.5549], [-14.206, 14.5543], [-14.2043, 14.5536], [-14.2009, 14.5529], [-14.1985, 14.5517], [-14.1962, 14.551], [-14.1922, 14.5503], [-14.188, 14.549], [-14.1867, 14.5482], [-14.1851, 14.5477], [-14.1828, 14.5476], [-14.1804, 14.5462], [-14.1766, 14.5454], [-14.1746, 14.5447], [-14.1733, 14.5444], [-14.1721, 14.5437], [-14.171, 14.543], [-14.1688, 14.5429], [-14.1673, 14.5422], [-14.1631, 14.54], [-14.1605, 14.5392], [-14.1578, 14.5385], [-14.1521, 14.5366], [-14.1481, 14.5353], [-14.1436, 14.5333], [-14.1407, 14.533], [-14.1382, 14.5316], [-14.1336, 14.5305], [-14.1291, 14.529], [-14.1253, 14.5281], [-14.1217, 14.5266], [-14.1184, 14.5262], [-14.114, 14.5242], [-14.1093, 14.5229], [-14.1051, 14.521], [-14.1001, 14.5197], [-14.0957, 14.5179], [-14.0909, 14.5164], [-14.087, 14.515], [-14.0828, 14.5139], [-14.0822, 14.5134], [-14.0793, 14.5129], [-14.0771, 14.5114], [-14.0754, 14.511], [-14.0731, 14.5099], [-14.0709, 14.5092], [-14.0686, 14.5085], [-14.0657, 14.5076], [-14.0639, 14.507], [-14.0615, 14.5063], [-14.0568, 14.5047], [-14.0551, 14.5042], [-14.0531, 14.5034], [-14.0509, 14.5033], [-14.0482, 14.5024], [-14.0448, 14.5016], [-14.0405, 14.4997], [-14.0366, 14.4982], [-14.0317, 14.4971], [-14.027, 14.4956], [-14.0233, 14.4939], [-14.0127, 14.4907], [-14.0043, 14.4884], [-14.0013, 14.4879], [-13.999, 14.4867], [-13.9743, 14.4748], [-13.9497, 14.4637], [-13.9478, 14.4628], [-13.9456, 14.4617], [-13.9227, 14.4501], [-13.8974, 14.4379], [-13.8718, 14.4256], [-13.8471, 14.4138], [-13.8282, 14.4134], [-13.8171, 14.4132], [-13.7983, 14.4123], [-13.7894, 14.4125], [-13.7798, 14.4125], [-13.7742, 14.4126], [-13.7576, 14.4119], [-13.7469, 14.4121], [-13.7373, 14.4115], [-13.7265, 14.4112], [-13.7165, 14.411], [-13.7072, 14.4108], [-13.6972, 14.4107], [-13.6865, 14.4104], [-13.677, 14.4096], [-13.6666, 14.41], [-13.6378, 14.4098], [-13.6272, 14.4093], [-13.6175, 14.4093], [-13.6073, 14.4088], [-13.5976, 14.4086], [-13.5871, 14.4084], [-13.5772, 14.4083], [-13.5678, 14.408], [-13.5578, 14.4078], [-13.5478, 14.4075], [-13.5347, 14.407], [-13.533, 14.4071], [-13.5322, 14.407], [-13.5191, 14.4064], [-13.5042, 14.4179], [-13.4891, 14.4281], [-13.4737, 14.4406], [-13.4593, 14.4515], [-13.4434, 14.4636], [-13.4285, 14.4753], [-13.4136, 14.4864], [-13.3979, 14.498], [-13.3821, 14.5096], [-13.3679, 14.5207], [-13.352, 14.532], [-13.3372, 14.5433], [-13.3221, 14.555], [-13.3078, 14.566], [-13.2917, 14.5781], [-13.2766, 14.5894], [-13.2623, 14.6006], [-13.2452, 14.6134], [-13.2349, 14.6117], [-13.2246, 14.6099], [-13.2234, 14.6097], [-13.2143, 14.6081], [-13.204, 14.607], [-13.1943, 14.6054], [-13.184, 14.6042], [-13.1552, 14.5997], [-13.1253, 14.5954], [-13.0962, 14.5911], [-13.0821, 14.5888], [-13.0669, 14.5865], [-13.0375, 14.582], [-13.0172, 14.5776], [-13.0001, 14.5724], [-12.9996, 14.5723], [-12.9755, 14.5665], [-12.9544, 14.5604], [-12.9502, 14.5595], [-12.9496, 14.5595], [-12.9261, 14.5625], [-12.8999, 14.5665], [-12.874, 14.5704], [-12.8482, 14.5737], [-12.8223, 14.5774], [-12.7967, 14.5814], [-12.7716, 14.5925], [-12.7472, 14.6034], [-12.7221, 14.6127], [-12.7042, 14.636], [-12.6873, 14.6587], [-12.6709, 14.6819], [-12.6543, 14.7045], [-12.6522, 14.7085], [-12.6491, 14.7212], [-12.6449, 14.7328], [-12.6353, 14.7616], [-12.626, 14.7906], [-12.6168, 14.8192], [-12.6144, 14.8259], [-12.6078, 14.8446], [-12.6068, 14.8476], [-12.5982, 14.8759], [-12.5964, 14.8808], [-12.5953, 14.8838], [-12.591, 14.8958], [-12.589, 14.901], [-12.587, 14.9045], [-12.5871, 14.9051], [-12.5878, 14.9055], [-12.5882, 14.9069], [-12.589, 14.9077], [-12.5896, 14.9089], [-12.5904, 14.9098], [-12.5916, 14.9108], [-12.5917, 14.9121], [-12.5921, 14.9132], [-12.5928, 14.9142], [-12.5938, 14.9155], [-12.5941, 14.9166], [-12.5952, 14.9177], [-12.596, 14.9192], [-12.5965, 14.9204], [-12.5972, 14.9218], [-12.5979, 14.9227], [-12.5982, 14.9243], [-12.5999, 14.9261], [-12.6004, 14.9277], [-12.6012, 14.9292], [-12.6018, 14.9306], [-12.6018, 14.9319], [-12.6013, 14.9331], [-12.6013, 14.9339], [-12.6017, 14.9355], [-12.6017, 14.9361], [-12.6023, 14.9373], [-12.6023, 14.9384], [-12.6019, 14.9399], [-12.6025, 14.941], [-12.602, 14.9428], [-12.6018, 14.9438], [-12.6026, 14.9453], [-12.6031, 14.9465], [-12.6032, 14.9476], [-12.6033, 14.9486], [-12.6034, 14.949], [-12.6034, 14.95], [-12.6037, 14.9511], [-12.6043, 14.9519], [-12.6043, 14.9529], [-12.605, 14.955], [-12.6054, 14.9558], [-12.6054, 14.9566], [-12.6061, 14.9578], [-12.6065, 14.9591], [-12.6062, 14.9606], [-12.607, 14.9621], [-12.6078, 14.9626], [-12.6086, 14.963], [-12.6099, 14.9633], [-12.611, 14.9638], [-12.6119, 14.9645], [-12.613, 14.9648], [-12.6138, 14.9651], [-12.614, 14.9654], [-12.6141, 14.9664], [-12.6138, 14.9673], [-12.6132, 14.968], [-12.6122, 14.9688], [-12.6114, 14.9695], [-12.6114, 14.9701], [-12.6129, 14.9717], [-12.6133, 14.9721], [-12.6138, 14.9722], [-12.6148, 14.9723], [-12.6152, 14.9724], [-12.6156, 14.9728], [-12.6168, 14.974], [-12.617, 14.9757], [-12.6172, 14.9766], [-12.6162, 14.9764], [-12.6165, 14.9773], [-12.6153, 14.9781], [-12.6153, 14.9792], [-12.6158, 14.9798], [-12.6167, 14.9806], [-12.6175, 14.9811], [-12.6189, 14.982], [-12.6198, 14.9827], [-12.6208, 14.9834], [-12.6218, 14.9838], [-12.6221, 14.9848], [-12.6224, 14.986], [-12.6223, 14.987], [-12.6225, 14.988], [-12.6223, 14.9903], [-12.6231, 14.9914], [-12.624, 14.9931], [-12.6247, 14.9954], [-12.6249, 14.9972], [-12.6259, 15.0002], [-12.6261, 15.0005], [-12.6456, 15.0272], [-12.6653, 15.0541], [-12.6766, 15.0709], [-12.6877, 15.0868], [-12.6883, 15.087], [-12.6888, 15.0877], [-12.6894, 15.0889], [-12.6899, 15.0902], [-12.6905, 15.0918], [-12.6911, 15.0932], [-12.6919, 15.0944], [-12.6929, 15.0953], [-12.6946, 15.0966], [-12.6967, 15.0976], [-12.6977, 15.0982], [-12.6995, 15.0997], [-12.7012, 15.1009], [-12.7032, 15.1021], [-12.7056, 15.1029], [-12.7079, 15.1035], [-12.7114, 15.1049], [-12.7142, 15.1058], [-12.7166, 15.1069], [-12.7188, 15.1082], [-12.7223, 15.1112], [-12.7242, 15.1136], [-12.7259, 15.1154], [-12.7269, 15.1163], [-12.7284, 15.1174], [-12.7311, 15.1193], [-12.733, 15.1211], [-12.7344, 15.1226], [-12.7358, 15.1245], [-12.7373, 15.1267], [-12.7384, 15.1282], [-12.7401, 15.1302], [-12.7425, 15.1321], [-12.7466, 15.1346], [-12.7496, 15.1367], [-12.7513, 15.1383], [-12.7535, 15.1396], [-12.7557, 15.1406], [-12.758, 15.1415], [-12.7599, 15.1423], [-12.7627, 15.1432], [-12.7652, 15.1441], [-12.7674, 15.145], [-12.7698, 15.146], [-12.7716, 15.1465], [-12.7743, 15.1471], [-12.7763, 15.1475], [-12.7783, 15.1481], [-12.7801, 15.1488], [-12.7821, 15.1499], [-12.7833, 15.1506], [-12.7846, 15.1516], [-12.786, 15.1524], [-12.7867, 15.1532], [-12.7878, 15.1546], [-12.7887, 15.1564], [-12.7893, 15.1582], [-12.7898, 15.1598], [-12.7901, 15.162], [-12.7904, 15.164], [-12.7903, 15.1661], [-12.7897, 15.1692], [-12.7888, 15.1722], [-12.7879, 15.1747], [-12.7871, 15.1772], [-12.7867, 15.1789], [-12.7862, 15.1802], [-12.7856, 15.1816], [-12.7845, 15.1839], [-12.7839, 15.185], [-12.7831, 15.1866], [-12.7827, 15.1884], [-12.783, 15.1908], [-12.7837, 15.194], [-12.7846, 15.1963], [-12.7856, 15.1992], [-12.7861, 15.2009], [-12.7871, 15.203], [-12.7883, 15.2069], [-12.7898, 15.2096], [-12.7916, 15.211], [-12.7944, 15.2127], [-12.7965, 15.2142], [-12.7998, 15.216], [-12.8034, 15.2174], [-12.8065, 15.2179], [-12.8087, 15.2179], [-12.8101, 15.2176], [-12.8116, 15.2177], [-12.8146, 15.2172], [-12.8173, 15.2167], [-12.8198, 15.2159], [-12.8221, 15.2147], [-12.8242, 15.2133], [-12.8261, 15.2117], [-12.8284, 15.2096], [-12.8304, 15.2084], [-12.8326, 15.2067], [-12.8343, 15.2054], [-12.8365, 15.2038], [-12.8381, 15.2024], [-12.8406, 15.2014], [-12.8423, 15.2013], [-12.8445, 15.2015], [-12.8462, 15.202], [-12.8475, 15.2026], [-12.8489, 15.2035], [-12.8497, 15.2049], [-12.8503, 15.2062], [-12.8505, 15.2079], [-12.8506, 15.2095], [-12.8504, 15.21], [-12.851, 15.2118], [-12.8525, 15.2155], [-12.8537, 15.2185], [-12.8556, 15.2213], [-12.8575, 15.2237], [-12.8596, 15.226], [-12.8623, 15.2286], [-12.8641, 15.2308], [-12.8666, 15.2328], [-12.8687, 15.2344], [-12.8711, 15.236], [-12.8736, 15.2374], [-12.8763, 15.2384], [-12.8783, 15.2392], [-12.8813, 15.2402], [-12.8833, 15.2412], [-12.8853, 15.2422], [-12.8875, 15.2438], [-12.8894, 15.246], [-12.8906, 15.2474], [-12.8923, 15.2499], [-12.8934, 15.2513], [-12.8942, 15.2533], [-12.8952, 15.2552], [-12.8957, 15.2575], [-12.8957, 15.2598], [-12.8955, 15.2614], [-12.8952, 15.2629], [-12.8945, 15.264], [-12.8931, 15.2654], [-12.8916, 15.2662], [-12.8895, 15.2675], [-12.8876, 15.2681], [-12.8859, 15.2684], [-12.8841, 15.2688], [-12.8817, 15.2691], [-12.879, 15.2689], [-12.8764, 15.2684], [-12.8749, 15.2681], [-12.8737, 15.267], [-12.8712, 15.2644], [-12.8693, 15.2622], [-12.8669, 15.2605], [-12.8646, 15.2583], [-12.8622, 15.2561], [-12.8592, 15.2551], [-12.8571, 15.2548], [-12.8559, 15.2548], [-12.8547, 15.2547], [-12.8528, 15.2544], [-12.8507, 15.2539], [-12.8486, 15.2538], [-12.8469, 15.2544], [-12.8459, 15.2555], [-12.8454, 15.2567], [-12.845, 15.2583], [-12.8436, 15.26], [-12.8401, 15.2626], [-12.8384, 15.265], [-12.8366, 15.2674], [-12.8355, 15.2692], [-12.834, 15.2715], [-12.8325, 15.2747], [-12.8316, 15.2766], [-12.8305, 15.2791], [-12.8305, 15.2817], [-12.8307, 15.2852], [-12.8314, 15.2876], [-12.8332, 15.2913], [-12.8347, 15.2941], [-12.8361, 15.2967], [-12.8373, 15.2986], [-12.8379, 15.2997], [-12.8382, 15.3006], [-12.8394, 15.3047], [-12.8407, 15.308], [-12.8416, 15.3106], [-12.8424, 15.3123], [-12.844, 15.3142], [-12.8455, 15.3156], [-12.8465, 15.3162], [-12.8487, 15.3178], [-12.8514, 15.3195], [-12.8551, 15.3219], [-12.8591, 15.324], [-12.864, 15.3266], [-12.8668, 15.3281], [-12.8692, 15.3302], [-12.8725, 15.3324], [-12.8749, 15.3343], [-12.8764, 15.3351], [-12.8786, 15.3365], [-12.8819, 15.3375], [-12.8856, 15.3391], [-12.8892, 15.3396], [-12.8933, 15.34], [-12.8977, 15.34], [-12.9018, 15.3401], [-12.9051, 15.3404], [-12.9066, 15.3404], [-12.9075, 15.3407], [-12.9089, 15.3411], [-12.9098, 15.3418], [-12.9111, 15.3426], [-12.9144, 15.3445], [-12.9154, 15.3449], [-12.9171, 15.3456], [-12.9182, 15.346], [-12.9223, 15.3473], [-12.9242, 15.3479], [-12.9261, 15.3486], [-12.9269, 15.3494], [-12.928, 15.3499], [-12.9301, 15.3517], [-12.9338, 15.3545], [-12.9371, 15.3572], [-12.9391, 15.3593], [-12.9411, 15.3621], [-12.9425, 15.366], [-12.9436, 15.3688], [-12.9437, 15.3711], [-12.9437, 15.374], [-12.9436, 15.3766], [-12.9433, 15.379], [-12.9426, 15.3817], [-12.9424, 15.3843], [-12.9422, 15.3869], [-12.9422, 15.3888], [-12.9422, 15.3907], [-12.9417, 15.3939], [-12.9418, 15.3968], [-12.9419, 15.3984], [-12.9423, 15.4008], [-12.943, 15.4032], [-12.9434, 15.4055], [-12.9436, 15.4075], [-12.9437, 15.4094], [-12.9436, 15.4111], [-12.9433, 15.4133], [-12.9431, 15.4152], [-12.9428, 15.4173], [-12.9422, 15.4187], [-12.9417, 15.4201], [-12.941, 15.4213], [-12.9398, 15.4224], [-12.9385, 15.4237], [-12.936, 15.4256], [-12.9344, 15.4267], [-12.9331, 15.428], [-12.9311, 15.4292], [-12.929, 15.4304], [-12.927, 15.4322], [-12.9259, 15.4335], [-12.9252, 15.4344], [-12.9245, 15.4353], [-12.9241, 15.4363], [-12.9234, 15.4378], [-12.923, 15.4392], [-12.923, 15.4406], [-12.9232, 15.4417], [-12.9238, 15.4434], [-12.9246, 15.4445], [-12.9257, 15.4454], [-12.9263, 15.4456], [-12.9273, 15.4463], [-12.9282, 15.4469], [-12.929, 15.4475], [-12.9299, 15.4478], [-12.931, 15.4476], [-12.9322, 15.4476], [-12.9359, 15.4471], [-12.9369, 15.4471], [-12.9389, 15.4466], [-12.9405, 15.4463], [-12.9419, 15.4461], [-12.944, 15.4456], [-12.9451, 15.4452], [-12.9467, 15.4447], [-12.9481, 15.4444], [-12.9496, 15.4446], [-12.9509, 15.4443], [-12.9528, 15.4446], [-12.9549, 15.4455], [-12.9562, 15.4472], [-12.9564, 15.4474], [-12.9578, 15.4491], [-12.9582, 15.45], [-12.9583, 15.4502], [-12.9586, 15.4517], [-12.9587, 15.4547], [-12.9584, 15.4596], [-12.9575, 15.4651], [-12.9575, 15.4652], [-12.9571, 15.4702], [-12.9571, 15.4735], [-12.9575, 15.4804], [-12.9581, 15.4831], [-12.9594, 15.4874], [-12.9604, 15.4898], [-12.96, 15.4924], [-12.9586, 15.4975], [-12.9582, 15.4987], [-12.9572, 15.4988], [-12.9546, 15.4994], [-12.9524, 15.5007], [-12.9511, 15.5018], [-12.9494, 15.5027], [-12.9449, 15.504], [-12.9423, 15.5021], [-12.9405, 15.5024], [-12.9366, 15.5019], [-12.9366, 15.5018], [-12.9336, 15.4986], [-12.931, 15.4975], [-12.9306, 15.5004], [-12.9305, 15.5027], [-12.9322, 15.5044], [-12.9349, 15.5046], [-12.9366, 15.5072], [-12.9345, 15.5081], [-12.9345, 15.5091], [-12.9373, 15.5092], [-12.9391, 15.5086], [-12.9455, 15.5059], [-12.9487, 15.5058], [-12.9516, 15.5047], [-12.952, 15.5032], [-12.9526, 15.5019], [-12.9544, 15.5012], [-12.9566, 15.5016], [-12.958, 15.5027], [-12.9596, 15.5041], [-12.9625, 15.505], [-12.9632, 15.5042], [-12.9657, 15.5031], [-12.9678, 15.5021], [-12.9702, 15.5016], [-12.9707, 15.501], [-12.9739, 15.5003], [-12.9761, 15.5009], [-12.9792, 15.5008], [-12.9819, 15.5007], [-12.9851, 15.5002], [-12.9891, 15.4998], [-12.992, 15.4994], [-12.9955, 15.4987], [-13.0001, 15.4974], [-13.0036, 15.4954], [-13.0077, 15.4926], [-13.0106, 15.4898], [-13.0121, 15.4874], [-13.0143, 15.4847], [-13.0158, 15.4837], [-13.0193, 15.4826], [-13.0207, 15.4824], [-13.0235, 15.4827], [-13.0262, 15.4826], [-13.0301, 15.482], [-13.0353, 15.4811], [-13.0406, 15.4806], [-13.0511, 15.4811], [-13.0559, 15.4817], [-13.0595, 15.4828], [-13.065, 15.4854], [-13.0691, 15.4871], [-13.071, 15.488], [-13.0723, 15.4893], [-13.0748, 15.491], [-13.079, 15.493], [-13.0847, 15.4947], [-13.093, 15.4961], [-13.0971, 15.4979], [-13.1009, 15.5006], [-13.1025, 15.5029], [-13.103, 15.5056], [-13.1029, 15.5076], [-13.1023, 15.5092], [-13.1016, 15.511], [-13.1015, 15.5137], [-13.1002, 15.5216], [-13.0985, 15.5271], [-13.0956, 15.5334], [-13.0897, 15.5415], [-13.0867, 15.5459], [-13.0851, 15.549], [-13.0846, 15.5529], [-13.0851, 15.558], [-13.0867, 15.5632], [-13.0877, 15.5656], [-13.0915, 15.5704], [-13.0924, 15.5724], [-13.0926, 15.5736], [-13.0923, 15.5745], [-13.0913, 15.575], [-13.0882, 15.576], [-13.086, 15.5775], [-13.0855, 15.5789], [-13.0855, 15.5809], [-13.0859, 15.5829], [-13.0867, 15.5841], [-13.0888, 15.5858], [-13.0928, 15.5871], [-13.0971, 15.5883], [-13.0998, 15.5894], [-13.1019, 15.5909], [-13.1045, 15.5929], [-13.1084, 15.595], [-13.1144, 15.5976], [-13.1204, 15.5999], [-13.1286, 15.6024], [-13.1375, 15.6054], [-13.1421, 15.6075], [-13.146, 15.6097], [-13.1475, 15.6106], [-13.1486, 15.6108], [-13.1492, 15.6103], [-13.1492, 15.61], [-13.1489, 15.6096], [-13.1478, 15.6085], [-13.1465, 15.608], [-13.1448, 15.6075], [-13.1443, 15.6069], [-13.1443, 15.6065], [-13.1445, 15.6066], [-13.1451, 15.6067], [-13.1466, 15.6072], [-13.1484, 15.608], [-13.1506, 15.6092], [-13.1535, 15.6117], [-13.1566, 15.6131], [-13.1579, 15.614], [-13.158, 15.6145], [-13.1576, 15.6149], [-13.157, 15.6155], [-13.159, 15.6167], [-13.1623, 15.6188], [-13.1698, 15.6233], [-13.177, 15.6273], [-13.1817, 15.6286], [-13.1865, 15.6293], [-13.1923, 15.6293], [-13.1967, 15.6287], [-13.1985, 15.6279], [-13.1993, 15.6278], [-13.2004, 15.628], [-13.204, 15.6282], [-13.2079, 15.6285], [-13.2111, 15.6287], [-13.2134, 15.6285], [-13.2145, 15.6282], [-13.2152, 15.6277], [-13.2153, 15.6266], [-13.2151, 15.6258], [-13.2145, 15.625], [-13.214, 15.6246], [-13.2134, 15.6247], [-13.213, 15.625], [-13.2125, 15.6255], [-13.2113, 15.6261], [-13.2096, 15.6264], [-13.2069, 15.6265], [-13.2038, 15.6266], [-13.2014, 15.6258], [-13.2055, 15.6223], [-13.2083, 15.6198], [-13.2101, 15.618], [-13.2107, 15.616], [-13.2112, 15.614], [-13.2126, 15.6127], [-13.2147, 15.612], [-13.2172, 15.6122], [-13.2214, 15.613], [-13.2254, 15.615], [-13.227, 15.6166], [-13.2294, 15.6196], [-13.2317, 15.6241], [-13.2325, 15.6276], [-13.233, 15.6302], [-13.2338, 15.6323], [-13.2346, 15.6332], [-13.2359, 15.6351], [-13.2392, 15.6396], [-13.2436, 15.6452], [-13.2453, 15.6475], [-13.2487, 15.6527], [-13.2517, 15.6594], [-13.2527, 15.6626], [-13.2523, 15.6656], [-13.2517, 15.6693], [-13.2498, 15.6742], [-13.2479, 15.6769], [-13.2466, 15.6778], [-13.2444, 15.6779], [-13.2384, 15.6758], [-13.2327, 15.6732], [-13.2295, 15.6722], [-13.2279, 15.672], [-13.2265, 15.6724], [-13.2234, 15.6737], [-13.218, 15.6761], [-13.2157, 15.6776], [-13.2142, 15.6797], [-13.21, 15.6869], [-13.2072, 15.6931], [-13.2066, 15.6955], [-13.2068, 15.6973], [-13.2076, 15.6988], [-13.2092, 15.7003], [-13.2139, 15.7033], [-13.2162, 15.7064], [-13.2181, 15.7076], [-13.221, 15.7091], [-13.2243, 15.7119], [-13.2278, 15.7165], [-13.233, 15.7213], [-13.2394, 15.7279], [-13.2422, 15.7309], [-13.2446, 15.7328], [-13.2537, 15.7392], [-13.2617, 15.7442], [-13.2685, 15.7492], [-13.2757, 15.7558], [-13.2812, 15.7615], [-13.2826, 15.7625], [-13.2832, 15.7628], [-13.2848, 15.763], [-13.2865, 15.7634], [-13.2878, 15.7644], [-13.2901, 15.7685], [-13.291, 15.7706], [-13.2911, 15.7725], [-13.2907, 15.7742], [-13.29, 15.7773], [-13.289, 15.7832], [-13.2883, 15.7861], [-13.2872, 15.7879], [-13.2857, 15.7889], [-13.2843, 15.789], [-13.2826, 15.7889], [-13.2804, 15.7877], [-13.2782, 15.7861], [-13.2744, 15.7846], [-13.2704, 15.7839], [-13.2677, 15.7841], [-13.2654, 15.785], [-13.2638, 15.7871], [-13.2632, 15.7892], [-13.2639, 15.7912], [-13.2658, 15.7942], [-13.2699, 15.7986], [-13.2766, 15.8034], [-13.2792, 15.8051], [-13.2805, 15.8055], [-13.2817, 15.8058], [-13.2827, 15.8061], [-13.2841, 15.8072], [-13.2865, 15.8094], [-13.2902, 15.8139], [-13.2938, 15.8181], [-13.2978, 15.8241], [-13.3002, 15.8295], [-13.3009, 15.8328], [-13.301, 15.8362], [-13.301, 15.8395], [-13.3005, 15.8416], [-13.2982, 15.8519], [-13.2965, 15.8568], [-13.2962, 15.8587], [-13.2963, 15.8609], [-13.2973, 15.8647], [-13.2986, 15.8679], [-13.2998, 15.8718], [-13.3015, 15.8742], [-13.3029, 15.8755], [-13.3074, 15.8791], [-13.3135, 15.8829], [-13.3165, 15.8842], [-13.3191, 15.8846], [-13.3212, 15.8847], [-13.3234, 15.8861], [-13.3274, 15.8892], [-13.3307, 15.8921], [-13.3332, 15.8955], [-13.3339, 15.897], [-13.3338, 15.898], [-13.3329, 15.8985], [-13.3315, 15.8996], [-13.3301, 15.9005], [-13.3292, 15.9017], [-13.3276, 15.9037], [-13.3257, 15.9056], [-13.3218, 15.9086], [-13.3188, 15.911], [-13.3152, 15.9142], [-13.3128, 15.9172], [-13.3118, 15.9199], [-13.3121, 15.9235], [-13.3133, 15.9269], [-13.3148, 15.9288], [-13.3177, 15.9312], [-13.3208, 15.9327], [-13.3242, 15.9328], [-13.3273, 15.9328], [-13.3299, 15.9332], [-13.3335, 15.9348], [-13.3403, 15.9395], [-13.346, 15.9454], [-13.3514, 15.951], [-13.3551, 15.9556], [-13.3564, 15.9591], [-13.3576, 15.9624], [-13.3589, 15.9649], [-13.3635, 15.9715], [-13.3652, 15.9754], [-13.3657, 15.9794], [-13.3654, 15.9852], [-13.3642, 15.9914], [-13.3632, 15.9967], [-13.3637, 16.001], [-13.3637, 16.0014], [-13.3656, 16.0041], [-13.368, 16.0067], [-13.372, 16.0108], [-13.3739, 16.0123], [-13.3756, 16.0142], [-13.3764, 16.0165], [-13.3774, 16.0184], [-13.3765, 16.0205], [-13.3767, 16.0289], [-13.3771, 16.0302], [-13.3773, 16.0328], [-13.3765, 16.0364], [-13.3749, 16.0412], [-13.3744, 16.0434], [-13.3738, 16.0465], [-13.3737, 16.0479], [-13.3743, 16.0506], [-13.3753, 16.0536], [-13.3761, 16.0553], [-13.3777, 16.0572], [-13.3806, 16.0597], [-13.3829, 16.061], [-13.3867, 16.0625], [-13.3899, 16.0626], [-13.393, 16.0631], [-13.3965, 16.0646], [-13.4019, 16.0671], [-13.4074, 16.0693], [-13.4103, 16.0705], [-13.4149, 16.0719], [-13.4256, 16.076], [-13.4286, 16.0774], [-13.4322, 16.0786], [-13.438, 16.0811], [-13.4455, 16.0848], [-13.4469, 16.0858], [-13.4496, 16.0889], [-13.4518, 16.0927], [-13.4528, 16.0947], [-13.4536, 16.098], [-13.4544, 16.0995], [-13.4558, 16.1015], [-13.4563, 16.1046], [-13.4567, 16.1065], [-13.4579, 16.109], [-13.4592, 16.1097], [-13.4615, 16.1102], [-13.4659, 16.1101], [-13.4694, 16.1088], [-13.4725, 16.1071], [-13.4761, 16.104], [-13.4774, 16.102], [-13.4789, 16.0996], [-13.4803, 16.0966], [-13.4819, 16.0921], [-13.4842, 16.0868], [-13.4867, 16.0828], [-13.4886, 16.0809], [-13.4903, 16.0809], [-13.4935, 16.0816], [-13.4968, 16.0821], [-13.5004, 16.0829], [-13.5018, 16.0833], [-13.5024, 16.0834], [-13.506, 16.0857], [-13.5084, 16.0872], [-13.5113, 16.0888], [-13.5137, 16.0927], [-13.5147, 16.0961], [-13.5157, 16.1007], [-13.5153, 16.1056], [-13.514, 16.1103], [-13.511, 16.1157], [-13.5073, 16.119], [-13.5041, 16.1216], [-13.5018, 16.1231], [-13.4994, 16.1244], [-13.4982, 16.1251], [-13.4949, 16.1259], [-13.4903, 16.1263], [-13.4847, 16.1273], [-13.4817, 16.1276], [-13.478, 16.1288], [-13.4778, 16.1288], [-13.4757, 16.131], [-13.4752, 16.1328], [-13.4756, 16.1352], [-13.4767, 16.1372], [-13.4776, 16.1394], [-13.4783, 16.141], [-13.4793, 16.1429], [-13.4807, 16.1447], [-13.483, 16.1466], [-13.4845, 16.1475], [-13.4863, 16.1481], [-13.488, 16.148], [-13.4889, 16.1472], [-13.4906, 16.1448], [-13.4927, 16.1425], [-13.4959, 16.1404], [-13.4985, 16.1393], [-13.5011, 16.1386], [-13.5039, 16.1373], [-13.5074, 16.1335], [-13.5106, 16.1302], [-13.5156, 16.1265], [-13.5203, 16.1254], [-13.5234, 16.1252], [-13.5268, 16.1256], [-13.5295, 16.126], [-13.5313, 16.127], [-13.5341, 16.1281], [-13.5366, 16.1293], [-13.5402, 16.1305], [-13.5467, 16.1327], [-13.5517, 16.1342], [-13.5552, 16.1353], [-13.559, 16.1358], [-13.5615, 16.1361], [-13.5633, 16.136], [-13.5742, 16.1344], [-13.5807, 16.1326], [-13.5894, 16.129], [-13.6028, 16.123], [-13.6161, 16.1165], [-13.6195, 16.1145], [-13.6264, 16.111], [-13.6324, 16.1082], [-13.6369, 16.1073], [-13.6414, 16.1072], [-13.6496, 16.1085], [-13.652, 16.1089], [-13.6551, 16.11], [-13.6574, 16.1107], [-13.6603, 16.1111], [-13.6635, 16.1103], [-13.667, 16.1078], [-13.6686, 16.1052], [-13.6725, 16.0995], [-13.6744, 16.0968], [-13.6776, 16.094], [-13.6789, 16.0936], [-13.6812, 16.0933], [-13.6841, 16.0945], [-13.6872, 16.0966], [-13.6897, 16.0992], [-13.697, 16.1065], [-13.7039, 16.1122], [-13.7088, 16.1178], [-13.7122, 16.1226], [-13.716, 16.1289], [-13.7182, 16.1335], [-13.719, 16.1355], [-13.719, 16.1357], [-13.721, 16.1327], [-13.7245, 16.123], [-13.7262, 16.1147], [-13.728, 16.1049], [-13.7308, 16.0966], [-13.732, 16.0905], [-13.7333, 16.0864], [-13.7354, 16.0778], [-13.7372, 16.0694], [-13.7389, 16.0623], [-13.7413, 16.053], [-13.7423, 16.0461], [-13.7634, 16.0385], [-13.7844, 16.0309], [-13.8055, 16.0233], [-13.8256, 16.0155], [-13.8401, 16.0096], [-13.8429, 16.0086], [-13.8452, 16.0073], [-13.8467, 16.0058], [-13.8484, 16.0038], [-13.8496, 16.0012], [-13.8504, 15.9958], [-13.8508, 15.9909], [-13.8515, 15.9901], [-13.8521, 15.9888], [-13.8792, 15.9613], [-13.905, 15.9326], [-13.9334, 15.9065], [-13.9605, 15.879], [-13.9694, 15.869], [-13.9783, 15.8589], [-13.9872, 15.8489], [-13.9995, 15.8373], [-14.0002, 15.8347], [-14.0084, 15.8268], [-14.0151, 15.8201], [-14.022, 15.8129], [-14.0352, 15.7999], [-14.0468, 15.7886], [-14.0614, 15.7744], [-14.0768, 15.7589], [-14.0873, 15.7482], [-14.1022, 15.7335], [-14.117, 15.7188], [-14.1265, 15.7094], [-14.1277, 15.7082], [-14.1318, 15.704], [-14.1447, 15.6915], [-14.1645, 15.6722], [-14.1843, 15.6529], [-14.204, 15.6335], [-14.2287, 15.6083], [-14.2329, 15.6017], [-14.2485, 15.5729], [-14.2487, 15.5725], [-14.2531, 15.5679], [-14.2543, 15.5648], [-14.2537, 15.5602], [-14.2472, 15.5395], [-14.2461, 15.5375], [-14.2459, 15.5348], [-14.2483, 15.5331], [-14.2519, 15.5309], [-14.2541, 15.5283], [-14.2604, 15.5192], [-14.2622, 15.5159], [-14.2647, 15.5151], [-14.2684, 15.5149], [-14.2717, 15.515], [-14.2762, 15.5136], [-14.2797, 15.5141], [-14.2813, 15.5156], [-14.2826, 15.518], [-14.2838, 15.5212], [-14.2858, 15.5222], [-14.2886, 15.5226], [-14.2909, 15.5242], [-14.2928, 15.5251], [-14.2977, 15.5251], [-14.3002, 15.5251], [-14.3049, 15.5214], [-14.3106, 15.5171], [-14.3161, 15.512], [-14.3337, 15.4961], [-14.3415, 15.4955], [-14.3712, 15.4949], [-14.3885, 15.4946], [-14.4057, 15.4944], [-14.4222, 15.4938], [-14.4223, 15.4939], [-14.4228, 15.4962], [-14.4225, 15.4982], [-14.4217, 15.5006], [-14.42, 15.5034], [-14.4187, 15.5054], [-14.4173, 15.5085], [-14.4158, 15.511], [-14.4155, 15.5138], [-14.4156, 15.5157], [-14.4159, 15.518], [-14.4162, 15.5204], [-14.4168, 15.5228], [-14.4169, 15.525], [-14.4173, 15.5274], [-14.4178, 15.5299], [-14.4182, 15.5329], [-14.4186, 15.535], [-14.4188, 15.5368], [-14.4192, 15.5395], [-14.4196, 15.5419], [-14.4199, 15.5439], [-14.4204, 15.5454], [-14.4208, 15.5476], [-14.4209, 15.5494], [-14.42, 15.5526], [-14.4197, 15.554], [-14.4179, 15.5573], [-14.4171, 15.5594], [-14.4165, 15.561], [-14.4157, 15.5637], [-14.415, 15.5656], [-14.4146, 15.5665], [-14.4136, 15.5686], [-14.4128, 15.5712], [-14.4119, 15.5736], [-14.4109, 15.5766], [-14.4105, 15.5779], [-14.4099, 15.579], [-14.4095, 15.5804], [-14.4085, 15.5827], [-14.4074, 15.5847], [-14.4065, 15.5864], [-14.4064, 15.5881], [-14.4064, 15.5899], [-14.4066, 15.5913], [-14.407, 15.5932], [-14.407, 15.5943], [-14.4073, 15.5954], [-14.4073, 15.5971], [-14.4075, 15.5982], [-14.408, 15.6001], [-14.4085, 15.6022], [-14.4087, 15.6028], [-14.4087, 15.604], [-14.4086, 15.6051], [-14.4086, 15.6062], [-14.4082, 15.607], [-14.4078, 15.6081], [-14.4077, 15.6088], [-14.4074, 15.6107], [-14.4072, 15.6121], [-14.4069, 15.6139], [-14.4065, 15.615], [-14.4064, 15.6158], [-14.406, 15.617], [-14.4057, 15.6191], [-14.4056, 15.6203], [-14.4228, 15.6488], [-14.4397, 15.677], [-14.4573, 15.7057], [-14.4739, 15.7337], [-14.4916, 15.7631], [-14.4994, 15.7757], [-14.5003, 15.7771], [-14.5084, 15.7913], [-14.5153, 15.8026], [-14.5162, 15.8041], [-14.5169, 15.8051], [-14.5315, 15.7955], [-14.5461, 15.7859], [-14.5606, 15.7762], [-14.5821, 15.761], [-14.6036, 15.7458], [-14.6251, 15.7306], [-14.6466, 15.7154], [-14.6653, 15.7103], [-14.684, 15.7053], [-14.7027, 15.7002], [-14.7213, 15.6951], [-14.74, 15.6901], [-14.7414, 15.6659], [-14.7427, 15.6416], [-14.7441, 15.6174], [-14.7455, 15.5932], [-14.7468, 15.569], [-14.7482, 15.5448], [-14.7495, 15.5206], [-14.7496, 15.5036], [-14.7496, 15.4867], [-14.7496, 15.4697], [-14.7544, 15.4556], [-14.7592, 15.4415], [-14.7628, 15.4309], [-14.764, 15.4273], [-14.7524, 15.4115], [-14.735, 15.4059], [-14.7059, 15.3945], [-14.6932, 15.3907], [-14.6806, 15.3869], [-14.668, 15.3832], [-14.6564, 15.3775], [-14.6331, 15.3662], [-14.6069, 15.352], [-14.5836, 15.3491], [-14.5574, 15.3547], [-14.5419, 15.3575], [-14.5264, 15.3603], [-14.5108, 15.3631], [-14.4964, 15.377], [-14.499, 15.3671], [-14.5023, 15.3569], [-14.5051, 15.3467], [-14.5134, 15.3182], [-14.5218, 15.2891], [-14.5268, 15.2726], [-14.5288, 15.2662], [-14.5302, 15.26], [-14.5389, 15.2308], [-14.5474, 15.2017], [-14.5517, 15.1869], [-14.5555, 15.1728], [-14.564, 15.1437], [-14.5672, 15.1329], [-14.5725, 15.1146], [-14.547, 15.0966], [-14.524, 15.0795], [-14.5238, 15.0794], [-14.5338, 15.0773], [-14.5439, 15.0752], [-14.5541, 15.0731], [-14.5791, 15.0689], [-14.604, 15.0647], [-14.6289, 15.0605], [-14.6539, 15.0563], [-14.6788, 15.0521], [-14.7037, 15.0479], [-14.7192, 15.0465], [-14.7347, 15.0451], [-14.7502, 15.0437], [-14.7777, 15.0226], [-14.7805, 15.0205], [-14.7726, 14.9971], [-14.7647, 14.9738], [-14.7568, 14.9505], [-14.749, 14.9272], [-14.7411, 14.9039], [-14.731, 14.8855], [-14.721, 14.8671], [-14.7109, 14.8487], [-14.7086, 14.8318], [-14.722, 14.8154], [-14.7354, 14.799], [-14.7488, 14.7826], [-14.7622, 14.7661], [-14.7854, 14.7535], [-14.7883, 14.7381], [-14.7912, 14.7227], [-14.7942, 14.7074], [-14.7971, 14.692], [-14.8048, 14.6793], [-14.8126, 14.6666], [-14.8203, 14.6539], [-14.8357, 14.6412], [-14.8493, 14.6315], [-14.8208, 14.6241], [-14.7922, 14.6155], [-14.7652, 14.6075], [-14.7544, 14.6043], [-14.754, 14.6042], [-14.7371, 14.5992], [-14.7093, 14.5909], [-14.6814, 14.5829], [-14.6534, 14.5749], [-14.6266, 14.5669], [-14.628, 14.5419], [-14.6287, 14.528]]]}}, {"type": "Feature", "properties": {"code": "SL", "name": "Saint Louis", "region": "Saint Louis"}, "geometry": {"type": "Polygon", "coordinates": [[[-14.5169, 15.8051], [-14.5162, 15.8041], [-14.5153, 15.8026], [-14.5084, 15.7913], [-14.5003, 15.7771], [-14.4994, 15.7757], [-14.4916, 15.7631], [-14.4739, 15.7337], [-14.4573, 15.7057], [-14.4397, 15.677], [-14.4228, 15.6488], [-14.4056, 15.6203], [-14.4057, 15.6191], [-14.406, 15.617], [-14.4064, 15.6158], [-14.4065, 15.615], [-14.4069, 15.6139], [-14.4072, 15.6121], [-14.4074, 15.6107], [-14.4077, 15.6088], [-14.4078, 15.6081], [-14.4082, 15.607], [-14.4086, 15.6062], [-14.4086, 15.6051], [-14.4087, 15.604], [-14.4087, 15.6028], [-14.4085, 15.6022], [-14.408, 15.6001], [-14.4075, 15.5982], [-14.4073, 15.5971], [-14.4073, 15.5954], [-14.407, 15.5943], [-14.407, 15.5932], [-14.4066, 15.5913], [-14.4064, 15.5899], [-14.4064, 15.5881], [-14.4065, 15.5864], [-14.4074, 15.5847], [-14.4085, 15.5827], [-14.4095, 15.5804], [-14.4099, 15.579], [-14.4105, 15.5779], [-14.4109, 15.5766], [-14.4119, 15.5736], [-14.4128, 15.5712], [-14.4136, 15.5686], [-14.4146, 15.5665], [-14.415, 15.5656], [-14.4157, 15.5637], [-14.4165, 15.561], [-14.4171, 15.5594], [-14.4179, 15.5573], [-14.4197, 15.554], [-14.42, 15.5526], [-14.4209, 15.5494], [-14.4208, 15.5476], [-14.4204, 15.5454], [-14.4199, 15.5439], [-14.4196, 15.5419], [-14.4192, 15.5395], [-14.4188, 15.5368], [-14.4186, 15.535], [-14.4182, 15.5329], [-14.4178, 15.5299], [-14.4173, 15.5274], [-14.4169, 15.525], [-14.4168, 15.5228], [-14.4162, 15.5204], [-14.4159, 15.518], [-14.4156, 15.5157], [-14.4155, 15.5138], [-14.4158, 15.511], [-14.4173, 15.5085], [-14.4187, 15.5054], [-14.42, 15.5034], [-14.4217, 15.5006], [-14.4225, 15.4982], [-14.4228, 15.4962], [-14.4223, 15.4939], [-14.4222, 15.4938], [-14.4057, 15.4944], [-14.3885, 15.4946], [-14.3712, 15.4949], [-14.3415, 15.4955], [-14.3337, 15.4961], [-14.3161, 15.512], [-14.3106, 15.5171], [-14.3049, 15.5214], [-14.3002, 15.5251], [-14.2977, 15.5251], [-14.2928, 15.5251], [-14.2909, 15.5242], [-14.2886, 15.5226], [-14.2858, 15.5222], [-14.2838, 15.5212], [-14.2826, 15.518], [-14.2813, 15.5156], [-14.2797, 15.5141], [-14.2762, 15.5136], [-14.2717, 15.515], [-14.2684, 15.5149], [-14.2647, 15.5151], [-14.2622, 15.5159], [-14.2604, 15.5192], [-14.2541, 15.5283], [-14.2519, 15.5309], [-14.2483, 15.5331], [-14.2459, 15.5348], [-14.2461, 15.5375], [-14.2472, 15.5395], [-14.2537, 15.5602], [-14.2543, 15.5648], [-14.2531, 15.5679], [-14.2487, 15.5725], [-14.2485, 15.5729], [-14.2329, 15.6017], [-14.2287, 15.6083], [-14.204, 15.6335], [-14.1843, 15.6529], [-14.1645, 15.6722], [-14.1447, 15.6915], [-14.1318, 15.704], [-14.1277, 15.7082], [-14.1265, 15.7094], [-14.117, 15.7188], [-14.1022, 15.7335], [-14.0873, 15.7482], [-14.0768, 15.7589], [-14.0614, 15.7744], [-14.0468, 15.7886], [-14.0352, 15.7999], [-14.022, 15.8129], [-14.0151, 15.8201], [-14.0084, 15.8268], [-14.0002, 15.8347], [-13.9995, 15.8373], [-13.9872, 15.8489], [-13.9783, 15.8589], [-13.9694, 15.869], [-13.9605, 15.879], [-13.9334, 15.9065], [-13.905, 15.9326], [-13.8792, 15.9613], [-13.8521, 15.9888], [-13.8515, 15.9901], [-13.8508, 15.9909], [-13.8504, 15.9958], [-13.8496, 16.0012], [-13.8484, 16.0038], [-13.8467, 16.0058], [-13.8452, 16.0073], [-13.8429, 16.0086], [-13.8401, 16.0096], [-13.8256, 16.0155], [-13.8055, 16.0233], [-13.7844, 16.0309], [-13.7634, 16.0385], [-13.7423, 16.0461], [-13.7413, 16.053], [-13.7389, 16.0623], [-13.7372, 16.0694], [-13.7354, 16.0778], [-13.7333, 16.0864], [-13.732, 16.0905], [-13.7308, 16.0966], [-13.728, 16.1049], [-13.7262, 16.1147], [-13.7245, 16.123], [-13.721, 16.1327], [-13.719, 16.1357], [-13.7203, 16.1391], [-13.7214, 16.1413], [-13.7215, 16.1435], [-13.7215, 16.1449], [-13.721, 16.1464], [-13.7209, 16.1475], [-13.7199, 16.149], [-13.7189, 16.1502], [-13.7171, 16.1516], [-13.7148, 16.1534], [-13.7134, 16.1548], [-13.7119, 16.1558], [-13.7099, 16.1578], [-13.7078, 16.1608], [-13.7064, 16.1631], [-13.7055, 16.1643], [-13.7045, 16.1653], [-13.7037, 16.1665], [-13.7031, 16.1674], [-13.7025, 16.1687], [-13.7021, 16.17], [-13.7021, 16.1714], [-13.7019, 16.1722], [-13.702, 16.1735], [-13.7022, 16.1748], [-13.7023, 16.176], [-13.703, 16.1768], [-13.7038, 16.1781], [-13.705, 16.1795], [-13.7065, 16.1805], [-13.7084, 16.1815], [-13.7105, 16.1815], [-13.7123, 16.1817], [-13.7137, 16.1816], [-13.7157, 16.1809], [-13.718, 16.1799], [-13.7195, 16.1789], [-13.7207, 16.1777], [-13.7224, 16.1763], [-13.7249, 16.1742], [-13.7278, 16.1715], [-13.7307, 16.1694], [-13.7338, 16.1667], [-13.7372, 16.1628], [-13.7401, 16.1595], [-13.743, 16.1569], [-13.7464, 16.1547], [-13.7494, 16.1522], [-13.7526, 16.1501], [-13.7573, 16.1479], [-13.7619, 16.1464], [-13.7663, 16.1448], [-13.7695, 16.1437], [-13.7721, 16.1433], [-13.775, 16.1428], [-13.7773, 16.1427], [-13.7803, 16.1432], [-13.7839, 16.1434], [-13.7892, 16.1448], [-13.7916, 16.1456], [-13.7929, 16.1461], [-13.7936, 16.1461], [-13.7947, 16.1461], [-13.7971, 16.1455], [-13.8009, 16.1441], [-13.8058, 16.1418], [-13.8111, 16.1395], [-13.8153, 16.1373], [-13.8196, 16.1349], [-13.825, 16.1313], [-13.8277, 16.1298], [-13.8293, 16.1284], [-13.8302, 16.1277], [-13.8322, 16.1258], [-13.8345, 16.1223], [-13.837, 16.1182], [-13.84, 16.114], [-13.8445, 16.1092], [-13.8466, 16.1071], [-13.848, 16.1062], [-13.8492, 16.1058], [-13.8505, 16.1062], [-13.8517, 16.1069], [-13.853, 16.1087], [-13.8535, 16.1106], [-13.8546, 16.1122], [-13.855, 16.1137], [-13.8558, 16.1156], [-13.856, 16.1177], [-13.8563, 16.1207], [-13.8566, 16.1233], [-13.857, 16.1242], [-13.8581, 16.1256], [-13.8592, 16.1263], [-13.8604, 16.1264], [-13.8627, 16.1266], [-13.866, 16.1271], [-13.8669, 16.1277], [-13.8673, 16.1277], [-13.868, 16.1285], [-13.8685, 16.1303], [-13.8689, 16.1319], [-13.8692, 16.1336], [-13.8697, 16.1354], [-13.8699, 16.1367], [-13.8701, 16.1382], [-13.8704, 16.1395], [-13.871, 16.1414], [-13.8719, 16.1434], [-13.8736, 16.1451], [-13.8748, 16.1467], [-13.8761, 16.1478], [-13.8777, 16.1497], [-13.8783, 16.1508], [-13.8787, 16.1524], [-13.8794, 16.1546], [-13.8798, 16.1565], [-13.8798, 16.1584], [-13.88, 16.1605], [-13.8791, 16.1634], [-13.8782, 16.1661], [-13.8774, 16.1679], [-13.8763, 16.1695], [-13.8739, 16.1722], [-13.8719, 16.175], [-13.8706, 16.1764], [-13.8701, 16.1778], [-13.8695, 16.1794], [-13.8691, 16.1809], [-13.8693, 16.1828], [-13.8693, 16.1839], [-13.8701, 16.1863], [-13.8707, 16.1871], [-13.8715, 16.1885], [-13.873, 16.1901], [-13.8741, 16.1908], [-13.8761, 16.1925], [-13.8778, 16.1933], [-13.8798, 16.1946], [-13.8815, 16.1956], [-13.8826, 16.1962], [-13.8839, 16.1966], [-13.8849, 16.1966], [-13.8864, 16.1961], [-13.8883, 16.1951], [-13.8901, 16.1943], [-13.892, 16.1927], [-13.8939, 16.1915], [-13.8956, 16.1904], [-13.8974, 16.1896], [-13.8998, 16.1895], [-13.9019, 16.1893], [-13.9037, 16.1895], [-13.9053, 16.1898], [-13.9067, 16.1903], [-13.9086, 16.1914], [-13.9104, 16.1924], [-13.912, 16.1935], [-13.9138, 16.1951], [-13.9151, 16.1965], [-13.9163, 16.1991], [-13.9173, 16.2014], [-13.9186, 16.2043], [-13.9191, 16.2064], [-13.9195, 16.209], [-13.9203, 16.2122], [-13.9206, 16.2158], [-13.9208, 16.2193], [-13.9204, 16.2218], [-13.9202, 16.2235], [-13.9201, 16.2249], [-13.9201, 16.2256], [-13.9204, 16.2266], [-13.9209, 16.2273], [-13.9214, 16.2279], [-13.922, 16.2281], [-13.923, 16.2281], [-13.9245, 16.2273], [-13.9294, 16.2256], [-13.9307, 16.2252], [-13.9322, 16.2252], [-13.9327, 16.2256], [-13.9348, 16.2265], [-13.9366, 16.2283], [-13.9384, 16.2301], [-13.9393, 16.231], [-13.9403, 16.232], [-13.9409, 16.2325], [-13.9419, 16.233], [-13.9432, 16.2331], [-13.9446, 16.2326], [-13.9473, 16.2318], [-13.9503, 16.2306], [-13.9541, 16.2292], [-13.958, 16.2269], [-13.9612, 16.2251], [-13.964, 16.2235], [-13.9676, 16.222], [-13.9707, 16.221], [-13.9728, 16.2208], [-13.9733, 16.2209], [-13.9739, 16.221], [-13.9742, 16.2215], [-13.9738, 16.2258], [-13.9719, 16.2324], [-13.9719, 16.2441], [-13.9699, 16.251], [-13.9663, 16.2567], [-13.9606, 16.2615], [-13.9548, 16.2659], [-13.9522, 16.2682], [-13.9523, 16.2697], [-13.9542, 16.2713], [-13.9578, 16.2737], [-13.9596, 16.2741], [-13.9641, 16.2756], [-13.9689, 16.2763], [-13.9771, 16.2759], [-13.9835, 16.2745], [-13.9865, 16.2745], [-13.9889, 16.2773], [-13.99, 16.2832], [-13.99, 16.2925], [-13.9905, 16.2992], [-13.9915, 16.3029], [-13.991, 16.3056], [-13.9904, 16.3067], [-13.9868, 16.3088], [-13.983, 16.3104], [-13.9767, 16.3105], [-13.9719, 16.3099], [-13.9664, 16.3066], [-13.9627, 16.306], [-13.9596, 16.3071], [-13.9581, 16.3093], [-13.9583, 16.3143], [-13.96, 16.3179], [-13.9622, 16.3212], [-13.9642, 16.3253], [-13.9658, 16.3302], [-13.9688, 16.3336], [-13.9713, 16.3357], [-13.9745, 16.3353], [-13.9772, 16.3357], [-13.9804, 16.3372], [-13.9841, 16.3384], [-13.9873, 16.3398], [-13.9905, 16.3422], [-13.9957, 16.3462], [-13.9977, 16.3479], [-13.998, 16.3481], [-13.9989, 16.3484], [-13.9992, 16.3485], [-13.9998, 16.3487], [-14.0037, 16.3488], [-14.0075, 16.3486], [-14.011, 16.3476], [-14.0219, 16.3457], [-14.0277, 16.3457], [-14.0308, 16.3496], [-14.0314, 16.3519], [-14.0326, 16.3553], [-14.0366, 16.3645], [-14.0429, 16.3728], [-14.0476, 16.3773], [-14.0507, 16.3804], [-14.0528, 16.3827], [-14.0572, 16.387], [-14.0601, 16.39], [-14.0627, 16.3919], [-14.0648, 16.3932], [-14.0676, 16.3959], [-14.0688, 16.4013], [-14.0711, 16.4042], [-14.0762, 16.4084], [-14.0831, 16.4141], [-14.0871, 16.4167], [-14.0917, 16.4197], [-14.0983, 16.4214], [-14.1023, 16.423], [-14.1062, 16.4263], [-14.1079, 16.4285], [-14.1084, 16.4354], [-14.1096, 16.4385], [-14.1137, 16.4435], [-14.1165, 16.4454], [-14.1202, 16.4478], [-14.1231, 16.4494], [-14.1259, 16.4507], [-14.1296, 16.452], [-14.1336, 16.4527], [-14.1359, 16.4527], [-14.1381, 16.4532], [-14.1397, 16.4563], [-14.1412, 16.4624], [-14.1386, 16.4676], [-14.1375, 16.4688], [-14.1367, 16.4704], [-14.1353, 16.4712], [-14.134, 16.4725], [-14.1324, 16.4742], [-14.1313, 16.4774], [-14.133, 16.478], [-14.1355, 16.4787], [-14.1382, 16.4782], [-14.1382, 16.4783], [-14.1398, 16.4765], [-14.1404, 16.4756], [-14.1427, 16.4741], [-14.1452, 16.4724], [-14.1495, 16.4719], [-14.1519, 16.4726], [-14.1531, 16.4734], [-14.1551, 16.4751], [-14.1578, 16.4794], [-14.1623, 16.4873], [-14.1663, 16.492], [-14.1693, 16.4939], [-14.1726, 16.4949], [-14.1759, 16.4962], [-14.1797, 16.4981], [-14.1839, 16.5008], [-14.1881, 16.5038], [-14.1931, 16.5052], [-14.1997, 16.5083], [-14.2032, 16.5125], [-14.2043, 16.516], [-14.2029, 16.5205], [-14.2008, 16.5253], [-14.1996, 16.5281], [-14.2, 16.53], [-14.2016, 16.5313], [-14.2056, 16.5327], [-14.2105, 16.5358], [-14.2173, 16.5412], [-14.2209, 16.5435], [-14.2251, 16.5446], [-14.2306, 16.5451], [-14.2388, 16.5467], [-14.2443, 16.5463], [-14.2493, 16.5449], [-14.253, 16.5427], [-14.2551, 16.5401], [-14.2574, 16.5347], [-14.2591, 16.5293], [-14.2592, 16.5291], [-14.2596, 16.5272], [-14.2593, 16.5241], [-14.2571, 16.5198], [-14.2549, 16.5153], [-14.256, 16.5148], [-14.2569, 16.5144], [-14.2586, 16.5161], [-14.2642, 16.5284], [-14.2683, 16.5346], [-14.2722, 16.5403], [-14.2746, 16.5452], [-14.2758, 16.5496], [-14.2758, 16.5527], [-14.2758, 16.5594], [-14.2727, 16.5649], [-14.2688, 16.5694], [-14.2676, 16.5727], [-14.2678, 16.5739], [-14.2688, 16.5757], [-14.2698, 16.5764], [-14.2724, 16.5778], [-14.275, 16.5814], [-14.2784, 16.5836], [-14.2844, 16.586], [-14.2888, 16.5845], [-14.2921, 16.5816], [-14.2944, 16.5778], [-14.2967, 16.5737], [-14.2994, 16.572], [-14.3018, 16.5717], [-14.3069, 16.5715], [-14.3122, 16.5713], [-14.3146, 16.571], [-14.3161, 16.5705], [-14.3215, 16.5672], [-14.3258, 16.5661], [-14.3305, 16.5669], [-14.333, 16.5687], [-14.3338, 16.5707], [-14.3344, 16.5727], [-14.3339, 16.5772], [-14.3327, 16.5838], [-14.3308, 16.5899], [-14.3292, 16.5967], [-14.3281, 16.6059], [-14.3286, 16.6116], [-14.3278, 16.6262], [-14.328, 16.6308], [-14.3309, 16.6365], [-14.3327, 16.6388], [-14.3342, 16.6399], [-14.3375, 16.6415], [-14.3422, 16.6407], [-14.344, 16.6402], [-14.349, 16.6392], [-14.3547, 16.6377], [-14.357, 16.6367], [-14.3641, 16.6337], [-14.3675, 16.6331], [-14.3749, 16.635], [-14.3792, 16.6362], [-14.3815, 16.6368], [-14.3833, 16.6371], [-14.386, 16.6369], [-14.3906, 16.6355], [-14.3941, 16.6341], [-14.3968, 16.6332], [-14.4012, 16.6327], [-14.4053, 16.6328], [-14.407, 16.6335], [-14.4095, 16.6353], [-14.412, 16.6383], [-14.4135, 16.6429], [-14.4141, 16.6471], [-14.4145, 16.6496], [-14.4149, 16.65], [-14.4166, 16.6512], [-14.4198, 16.652], [-14.4227, 16.6513], [-14.4249, 16.6495], [-14.4288, 16.647], [-14.4328, 16.6447], [-14.4351, 16.6432], [-14.437, 16.6418], [-14.4397, 16.6385], [-14.4417, 16.6346], [-14.4432, 16.6312], [-14.4442, 16.6291], [-14.4489, 16.6237], [-14.4517, 16.6232], [-14.4579, 16.6234], [-14.4655, 16.6248], [-14.4729, 16.6261], [-14.4776, 16.6256], [-14.4823, 16.6224], [-14.485, 16.62], [-14.4866, 16.6182], [-14.4906, 16.6154], [-14.4945, 16.6141], [-14.4966, 16.6137], [-14.5007, 16.6137], [-14.503, 16.6155], [-14.5067, 16.6185], [-14.5105, 16.6216], [-14.5136, 16.6233], [-14.5146, 16.6239], [-14.5231, 16.6268], [-14.5299, 16.6313], [-14.5373, 16.6395], [-14.5398, 16.6422], [-14.5425, 16.6439], [-14.5434, 16.6443], [-14.5466, 16.6438], [-14.5481, 16.643], [-14.5493, 16.6411], [-14.55, 16.6343], [-14.5523, 16.6269], [-14.5539, 16.6217], [-14.5553, 16.6193], [-14.5573, 16.6179], [-14.5604, 16.6181], [-14.565, 16.6216], [-14.5693, 16.624], [-14.572, 16.6244], [-14.5749, 16.6237], [-14.5794, 16.6217], [-14.583, 16.6204], [-14.5866, 16.6207], [-14.5901, 16.6223], [-14.5932, 16.6236], [-14.597, 16.6225], [-14.5993, 16.6205], [-14.6027, 16.6179], [-14.605, 16.6186], [-14.6076, 16.6232], [-14.6109, 16.6268], [-14.6132, 16.6283], [-14.6193, 16.6293], [-14.6257, 16.629], [-14.6288, 16.6281], [-14.6318, 16.625], [-14.6342, 16.621], [-14.6386, 16.6176], [-14.6403, 16.6182], [-14.6461, 16.6235], [-14.6488, 16.6264], [-14.6511, 16.6311], [-14.6483, 16.6324], [-14.6454, 16.6328], [-14.6411, 16.6339], [-14.639, 16.6367], [-14.6386, 16.6402], [-14.6395, 16.6462], [-14.6418, 16.6493], [-14.6465, 16.6504], [-14.6504, 16.6502], [-14.6597, 16.6478], [-14.6701, 16.6465], [-14.6753, 16.6471], [-14.6824, 16.6471], [-14.6874, 16.6465], [-14.6923, 16.6454], [-14.698, 16.6431], [-14.7068, 16.6396], [-14.7121, 16.6391], [-14.7141, 16.6396], [-14.7179, 16.6419], [-14.7217, 16.6458], [-14.724, 16.647], [-14.727, 16.6455], [-14.7276, 16.6428], [-14.7275, 16.6379], [-14.7282, 16.6346], [-14.7292, 16.6333], [-14.732, 16.6334], [-14.7343, 16.6334], [-14.7361, 16.6328], [-14.7387, 16.6295], [-14.734, 16.6217], [-14.7353, 16.6198], [-14.7387, 16.6205], [-14.7444, 16.6236], [-14.7496, 16.6272], [-14.7511, 16.6304], [-14.751, 16.634], [-14.7504, 16.6357], [-14.7506, 16.638], [-14.7504, 16.641], [-14.7509, 16.6465], [-14.7534, 16.6495], [-14.7572, 16.6526], [-14.7629, 16.6562], [-14.7651, 16.6567], [-14.7687, 16.6561], [-14.7708, 16.6549], [-14.7733, 16.6525], [-14.7764, 16.648], [-14.7793, 16.644], [-14.7818, 16.6397], [-14.7832, 16.6366], [-14.7859, 16.6327], [-14.7871, 16.6318], [-14.7893, 16.632], [-14.7929, 16.6349], [-14.7984, 16.6408], [-14.8039, 16.6478], [-14.8057, 16.6511], [-14.8072, 16.653], [-14.8097, 16.6549], [-14.8125, 16.6556], [-14.8163, 16.6555], [-14.8187, 16.6539], [-14.82, 16.6527], [-14.8212, 16.6501], [-14.822, 16.6465], [-14.8222, 16.6435], [-14.8231, 16.6392], [-14.8252, 16.6373], [-14.8276, 16.6368], [-14.8308, 16.6381], [-14.836, 16.641], [-14.8392, 16.6415], [-14.8444, 16.6408], [-14.8514, 16.6392], [-14.8551, 16.6384], [-14.8578, 16.6384], [-14.86, 16.6396], [-14.8614, 16.642], [-14.8653, 16.6491], [-14.8683, 16.6538], [-14.8701, 16.6564], [-14.8737, 16.6615], [-14.8782, 16.6632], [-14.8811, 16.6623], [-14.8839, 16.6607], [-14.8858, 16.6577], [-14.8874, 16.6529], [-14.889, 16.6453], [-14.8922, 16.6379], [-14.8934, 16.6358], [-14.8954, 16.6344], [-14.8997, 16.6337], [-14.9083, 16.6369], [-14.9096, 16.6393], [-14.91, 16.6415], [-14.909, 16.646], [-14.9088, 16.6476], [-14.9088, 16.6498], [-14.9104, 16.6509], [-14.9142, 16.6511], [-14.9162, 16.6488], [-14.9201, 16.6448], [-14.9266, 16.6391], [-14.9328, 16.6346], [-14.9376, 16.6336], [-14.9424, 16.6359], [-14.946, 16.6391], [-14.9489, 16.6433], [-14.9541, 16.6528], [-14.9528, 16.6595], [-14.9506, 16.6669], [-14.9495, 16.6721], [-14.9508, 16.679], [-14.9568, 16.6817], [-14.9643, 16.6848], [-14.9716, 16.6892], [-14.9799, 16.6932], [-14.9861, 16.6937], [-14.989, 16.6932], [-14.9919, 16.6916], [-14.9939, 16.69], [-14.9969, 16.6849], [-14.9977, 16.6819], [-14.9984, 16.6767], [-14.9977, 16.67], [-14.9977, 16.6633], [-14.9979, 16.6531], [-14.9997, 16.6469], [-15.0051, 16.6414], [-15.0094, 16.6392], [-15.0191, 16.6354], [-15.0281, 16.631], [-15.032, 16.6296], [-15.0355, 16.6293], [-15.0391, 16.63], [-15.0418, 16.6313], [-15.0473, 16.6323], [-15.049, 16.6316], [-15.0505, 16.6298], [-15.0511, 16.6282], [-15.0531, 16.6271], [-15.0551, 16.6288], [-15.0558, 16.6307], [-15.0588, 16.636], [-15.0592, 16.6366], [-15.0633, 16.6407], [-15.0644, 16.6423], [-15.0647, 16.6435], [-15.0669, 16.6458], [-15.0679, 16.6517], [-15.0699, 16.6592], [-15.0715, 16.6634], [-15.0737, 16.6663], [-15.0781, 16.6708], [-15.0807, 16.6741], [-15.0832, 16.6758], [-15.0875, 16.6774], [-15.0911, 16.6782], [-15.0966, 16.6777], [-15.1025, 16.6714], [-15.1062, 16.6681], [-15.1081, 16.6656], [-15.1119, 16.6618], [-15.1124, 16.6605], [-15.1176, 16.6543], [-15.1216, 16.6458], [-15.1217, 16.6416], [-15.1215, 16.6401], [-15.1205, 16.6385], [-15.117, 16.6335], [-15.1155, 16.632], [-15.1092, 16.6303], [-15.1016, 16.6305], [-15.0959, 16.6293], [-15.0933, 16.6273], [-15.0893, 16.6224], [-15.0883, 16.6206], [-15.0883, 16.6193], [-15.0863, 16.6165], [-15.085, 16.6128], [-15.0845, 16.6102], [-15.0846, 16.6072], [-15.0857, 16.6043], [-15.0912, 16.5983], [-15.1029, 16.589], [-15.1091, 16.5841], [-15.1124, 16.5802], [-15.1175, 16.5774], [-15.1231, 16.5774], [-15.1324, 16.5784], [-15.1351, 16.5796], [-15.1407, 16.5805], [-15.1459, 16.5832], [-15.1574, 16.5881], [-15.1672, 16.5905], [-15.1703, 16.5903], [-15.1742, 16.588], [-15.1771, 16.583], [-15.1771, 16.5818], [-15.1777, 16.5805], [-15.1812, 16.5772], [-15.1914, 16.5729], [-15.1951, 16.5717], [-15.199, 16.5695], [-15.2024, 16.5684], [-15.2136, 16.5611], [-15.2141, 16.5602], [-15.2171, 16.5581], [-15.2179, 16.5569], [-15.2205, 16.5553], [-15.2216, 16.5541], [-15.23, 16.5513], [-15.2345, 16.5522], [-15.2439, 16.557], [-15.2492, 16.5615], [-15.2514, 16.5644], [-15.2566, 16.5693], [-15.2581, 16.5697], [-15.261, 16.5701], [-15.2722, 16.569], [-15.2819, 16.571], [-15.2952, 16.576], [-15.3105, 16.5757], [-15.3153, 16.5749], [-15.3179, 16.5738], [-15.332, 16.5617], [-15.3332, 16.5612], [-15.3374, 16.5593], [-15.3431, 16.5585], [-15.3518, 16.5606], [-15.3577, 16.5607], [-15.3607, 16.5604], [-15.3621, 16.5595], [-15.3706, 16.55], [-15.3766, 16.5454], [-15.3894, 16.5381], [-15.3961, 16.5357], [-15.3991, 16.5357], [-15.404, 16.5367], [-15.4069, 16.5363], [-15.4108, 16.5368], [-15.4132, 16.5374], [-15.4141, 16.5378], [-15.4168, 16.5393], [-15.4192, 16.5394], [-15.4239, 16.5418], [-15.4273, 16.5442], [-15.4285, 16.5454], [-15.4295, 16.5477], [-15.4316, 16.5491], [-15.4328, 16.5522], [-15.434, 16.5611], [-15.4352, 16.5633], [-15.4355, 16.5667], [-15.4381, 16.574], [-15.4387, 16.5752], [-15.44, 16.5763], [-15.4449, 16.5825], [-15.4488, 16.5863], [-15.4541, 16.5897], [-15.4582, 16.5916], [-15.4626, 16.5924], [-15.4689, 16.5923], [-15.4721, 16.5912], [-15.4731, 16.5903], [-15.4757, 16.5876], [-15.4808, 16.5803], [-15.4824, 16.5793], [-15.5053, 16.5724], [-15.5091, 16.5706], [-15.5126, 16.5682], [-15.516, 16.5647], [-15.5166, 16.5631], [-15.5167, 16.5611], [-15.5197, 16.555], [-15.5201, 16.5504], [-15.5197, 16.5456], [-15.5178, 16.5418], [-15.5162, 16.5406], [-15.5105, 16.5323], [-15.5095, 16.5296], [-15.5095, 16.5276], [-15.5115, 16.5243], [-15.5159, 16.5219], [-15.5166, 16.5211], [-15.5259, 16.5196], [-15.528, 16.5185], [-15.5373, 16.516], [-15.5426, 16.5139], [-15.5454, 16.5138], [-15.5478, 16.5129], [-15.5528, 16.5127], [-15.5542, 16.5119], [-15.5578, 16.5113], [-15.5627, 16.5116], [-15.5648, 16.5125], [-15.5725, 16.5137], [-15.5774, 16.5153], [-15.5858, 16.5198], [-15.5882, 16.5219], [-15.5893, 16.522], [-15.5934, 16.5246], [-15.5968, 16.5278], [-15.5977, 16.5282], [-15.6002, 16.5281], [-15.6025, 16.5271], [-15.6085, 16.526], [-15.6198, 16.5258], [-15.6265, 16.5237], [-15.6296, 16.5209], [-15.6316, 16.5178], [-15.632, 16.5162], [-15.6319, 16.5153], [-15.632, 16.5138], [-15.6316, 16.5127], [-15.6313, 16.5117], [-15.6301, 16.509], [-15.6289, 16.5061], [-15.628, 16.5046], [-15.6269, 16.502], [-15.6267, 16.4986], [-15.6275, 16.4964], [-15.6287, 16.4953], [-15.6292, 16.4936], [-15.6309, 16.4915], [-15.6374, 16.488], [-15.6387, 16.4867], [-15.6457, 16.4843], [-15.647, 16.4834], [-15.657, 16.4824], [-15.669, 16.4803], [-15.6855, 16.4795], [-15.6902, 16.4788], [-15.6906, 16.4787], [-15.6928, 16.4784], [-15.6961, 16.4759], [-15.6977, 16.4737], [-15.7022, 16.4714], [-15.7054, 16.4717], [-15.706, 16.4725], [-15.7079, 16.4728], [-15.7186, 16.4804], [-15.7208, 16.4813], [-15.7247, 16.4843], [-15.7318, 16.4883], [-15.7372, 16.4896], [-15.7509, 16.4903], [-15.7652, 16.4897], [-15.7706, 16.4917], [-15.7735, 16.4918], [-15.7823, 16.4944], [-15.7875, 16.4949], [-15.7993, 16.5021], [-15.8058, 16.5049], [-15.8076, 16.5063], [-15.8095, 16.5067], [-15.8175, 16.5071], [-15.8226, 16.5058], [-15.831, 16.5047], [-15.8336, 16.5036], [-15.8513, 16.4921], [-15.8569, 16.4905], [-15.859, 16.4906], [-15.86, 16.4914], [-15.8609, 16.4949], [-15.8601, 16.5047], [-15.861, 16.5088], [-15.8623, 16.5106], [-15.8636, 16.5116], [-15.866, 16.512], [-15.8689, 16.5139], [-15.8747, 16.5147], [-15.8825, 16.5151], [-15.8858, 16.5158], [-15.8927, 16.5159], [-15.906, 16.513], [-15.9131, 16.5129], [-15.9161, 16.5123], [-15.9245, 16.5062], [-15.9306, 16.5038], [-15.934, 16.5018], [-15.9356, 16.4997], [-15.9415, 16.495], [-15.9467, 16.49], [-15.9561, 16.4855], [-15.9605, 16.4838], [-15.9631, 16.4833], [-15.9648, 16.4835], [-15.9669, 16.4832], [-15.9701, 16.4847], [-15.9715, 16.4862], [-15.9719, 16.4889], [-15.9747, 16.4919], [-15.9758, 16.4922], [-15.981, 16.4956], [-15.9812, 16.4961], [-15.9855, 16.4975], [-15.9863, 16.499], [-15.9882, 16.5003], [-15.9913, 16.5013], [-15.9934, 16.5011], [-15.9965, 16.503], [-15.9989, 16.5034], [-16.0001, 16.5046], [-16.0025, 16.505], [-16.004, 16.5048], [-16.0058, 16.5042], [-16.0094, 16.5014], [-16.0171, 16.4952], [-16.0271, 16.4867], [-16.0327, 16.4827], [-16.0371, 16.4806], [-16.0419, 16.4793], [-16.047, 16.4791], [-16.0512, 16.4795], [-16.054, 16.4809], [-16.0566, 16.4832], [-16.059, 16.4875], [-16.0622, 16.4923], [-16.0641, 16.4946], [-16.0671, 16.4981], [-16.0691, 16.5008], [-16.0711, 16.5032], [-16.0713, 16.5037], [-16.0738, 16.5064], [-16.0771, 16.51], [-16.0808, 16.5127], [-16.0852, 16.5152], [-16.0893, 16.517], [-16.0932, 16.5189], [-16.0968, 16.5212], [-16.0988, 16.5228], [-16.0998, 16.5244], [-16.1005, 16.5263], [-16.1008, 16.5284], [-16.1004, 16.5307], [-16.0999, 16.533], [-16.0995, 16.5345], [-16.0988, 16.5358], [-16.0983, 16.5349], [-16.0983, 16.534], [-16.0978, 16.5358], [-16.0978, 16.5376], [-16.0981, 16.5391], [-16.0989, 16.5405], [-16.0993, 16.5426], [-16.1002, 16.5467], [-16.1017, 16.5499], [-16.1054, 16.5534], [-16.1078, 16.5556], [-16.1107, 16.5567], [-16.1151, 16.5572], [-16.1217, 16.5567], [-16.1246, 16.5562], [-16.1272, 16.5552], [-16.1289, 16.5542], [-16.1306, 16.5537], [-16.1328, 16.5534], [-16.1364, 16.5536], [-16.1427, 16.5523], [-16.1521, 16.549], [-16.1533, 16.5484], [-16.1555, 16.547], [-16.1574, 16.5453], [-16.1603, 16.542], [-16.1629, 16.539], [-16.1662, 16.5346], [-16.1709, 16.5291], [-16.1729, 16.5275], [-16.1743, 16.5263], [-16.176, 16.5261], [-16.1779, 16.5259], [-16.1801, 16.5254], [-16.1821, 16.5249], [-16.1837, 16.524], [-16.1846, 16.5229], [-16.1854, 16.5216], [-16.186, 16.5206], [-16.1868, 16.5196], [-16.1886, 16.5188], [-16.1915, 16.5184], [-16.1953, 16.5183], [-16.1992, 16.5182], [-16.2016, 16.5178], [-16.2045, 16.5168], [-16.2086, 16.5163], [-16.212, 16.5165], [-16.2154, 16.517], [-16.2198, 16.5186], [-16.23, 16.524], [-16.2313, 16.525], [-16.2336, 16.5256], [-16.2408, 16.5272], [-16.2448, 16.5283], [-16.2474, 16.5282], [-16.2495, 16.5275], [-16.2513, 16.5269], [-16.2539, 16.5263], [-16.2598, 16.5253], [-16.2682, 16.5219], [-16.2732, 16.519], [-16.2777, 16.5153], [-16.2802, 16.5124], [-16.2821, 16.5091], [-16.284, 16.5064], [-16.2848, 16.5035], [-16.2848, 16.4977], [-16.2839, 16.4923], [-16.2834, 16.488], [-16.2832, 16.484], [-16.2837, 16.4803], [-16.2845, 16.4781], [-16.2855, 16.4761], [-16.2871, 16.4742], [-16.2893, 16.4734], [-16.2925, 16.4727], [-16.2965, 16.4713], [-16.2986, 16.4705], [-16.3004, 16.4688], [-16.3024, 16.4665], [-16.3042, 16.4626], [-16.306, 16.4555], [-16.3074, 16.4469], [-16.3086, 16.4375], [-16.3083, 16.4306], [-16.3085, 16.4214], [-16.3081, 16.4149], [-16.3087, 16.4116], [-16.3096, 16.4096], [-16.3118, 16.4072], [-16.3142, 16.406], [-16.3165, 16.4057], [-16.3195, 16.4061], [-16.322, 16.4061], [-16.3242, 16.4054], [-16.3264, 16.404], [-16.3279, 16.4019], [-16.3304, 16.397], [-16.3322, 16.3898], [-16.333, 16.3822], [-16.3331, 16.373], [-16.3325, 16.3686], [-16.3323, 16.3669], [-16.3322, 16.3665], [-16.332, 16.3646], [-16.3319, 16.3621], [-16.3315, 16.3599], [-16.3313, 16.3589], [-16.331, 16.3575], [-16.3308, 16.3556], [-16.3306, 16.3543], [-16.3305, 16.3519], [-16.331, 16.3496], [-16.3313, 16.3479], [-16.3322, 16.3464], [-16.333, 16.3453], [-16.3345, 16.3441], [-16.3353, 16.3434], [-16.3367, 16.3416], [-16.3388, 16.3399], [-16.3403, 16.3382], [-16.3414, 16.3369], [-16.3426, 16.3356], [-16.3437, 16.3348], [-16.3454, 16.3339], [-16.3466, 16.3332], [-16.348, 16.3325], [-16.3487, 16.3332], [-16.3492, 16.3344], [-16.3498, 16.3347], [-16.3506, 16.3333], [-16.3511, 16.3328], [-16.3524, 16.3325], [-16.3529, 16.3315], [-16.3536, 16.3305], [-16.3541, 16.3303], [-16.3554, 16.3295], [-16.3567, 16.3276], [-16.3574, 16.3261], [-16.358, 16.3246], [-16.3588, 16.3231], [-16.3602, 16.3208], [-16.3611, 16.3201], [-16.3626, 16.3188], [-16.3637, 16.3173], [-16.3646, 16.315], [-16.3652, 16.3133], [-16.3658, 16.3115], [-16.3658, 16.3107], [-16.3663, 16.3086], [-16.3666, 16.3074], [-16.3669, 16.306], [-16.3677, 16.3046], [-16.368, 16.3032], [-16.368, 16.3018], [-16.368, 16.3002], [-16.3678, 16.298], [-16.3674, 16.2961], [-16.367, 16.2943], [-16.3665, 16.2934], [-16.3657, 16.2922], [-16.3648, 16.2916], [-16.3638, 16.2904], [-16.363, 16.289], [-16.362, 16.288], [-16.3607, 16.2869], [-16.3599, 16.2852], [-16.3594, 16.2849], [-16.3585, 16.2842], [-16.3575, 16.2826], [-16.3565, 16.2814], [-16.3556, 16.2802], [-16.3552, 16.2788], [-16.3547, 16.2778], [-16.3541, 16.2769], [-16.3536, 16.2755], [-16.3527, 16.2731], [-16.3531, 16.272], [-16.3535, 16.2703], [-16.3539, 16.2689], [-16.3545, 16.2675], [-16.3554, 16.266], [-16.3566, 16.2652], [-16.3574, 16.2639], [-16.3589, 16.263], [-16.3598, 16.2624], [-16.3618, 16.2608], [-16.3642, 16.2594], [-16.3647, 16.2579], [-16.3654, 16.2558], [-16.3664, 16.2546], [-16.3672, 16.253], [-16.3684, 16.2517], [-16.3689, 16.2499], [-16.3693, 16.248], [-16.3698, 16.2468], [-16.3701, 16.2446], [-16.3703, 16.2428], [-16.3707, 16.2414], [-16.3709, 16.2403], [-16.3712, 16.2388], [-16.3714, 16.2366], [-16.372, 16.2344], [-16.3724, 16.2325], [-16.3729, 16.231], [-16.3739, 16.2297], [-16.3747, 16.2284], [-16.3784, 16.2255], [-16.3794, 16.2241], [-16.3803, 16.2229], [-16.3814, 16.2208], [-16.3826, 16.2191], [-16.3847, 16.2173], [-16.3855, 16.2161], [-16.3865, 16.2145], [-16.3875, 16.2134], [-16.3903, 16.2118], [-16.3924, 16.2108], [-16.3978, 16.2106], [-16.3999, 16.2107], [-16.4019, 16.2107], [-16.4036, 16.2118], [-16.405, 16.2133], [-16.4064, 16.2137], [-16.4075, 16.2151], [-16.4091, 16.2161], [-16.4102, 16.2168], [-16.4142, 16.2164], [-16.4156, 16.217], [-16.4174, 16.2169], [-16.4189, 16.2167], [-16.4202, 16.2162], [-16.4212, 16.2161], [-16.4229, 16.2157], [-16.4241, 16.2151], [-16.4246, 16.2146], [-16.4263, 16.2144], [-16.4276, 16.2145], [-16.4285, 16.2137], [-16.4297, 16.2128], [-16.4313, 16.2111], [-16.4326, 16.2105], [-16.4343, 16.2101], [-16.4358, 16.2089], [-16.4375, 16.2073], [-16.4388, 16.2059], [-16.4388, 16.2052], [-16.4403, 16.2044], [-16.4416, 16.203], [-16.4427, 16.2018], [-16.4436, 16.1999], [-16.4443, 16.1984], [-16.4458, 16.1973], [-16.447, 16.1945], [-16.4479, 16.1929], [-16.4488, 16.1925], [-16.4494, 16.1922], [-16.4498, 16.1914], [-16.4503, 16.1906], [-16.4508, 16.1886], [-16.4515, 16.1874], [-16.4524, 16.1859], [-16.4534, 16.1841], [-16.4539, 16.1826], [-16.4541, 16.1814], [-16.4539, 16.1797], [-16.454, 16.1783], [-16.4544, 16.1768], [-16.4545, 16.175], [-16.4545, 16.1739], [-16.4543, 16.1722], [-16.4547, 16.1708], [-16.455, 16.1685], [-16.4552, 16.1666], [-16.4553, 16.1648], [-16.4548, 16.1627], [-16.4542, 16.1614], [-16.4533, 16.1598], [-16.4529, 16.1582], [-16.4525, 16.1563], [-16.4523, 16.1543], [-16.4525, 16.1519], [-16.4542, 16.1488], [-16.4542, 16.1486], [-16.454, 16.1469], [-16.4539, 16.1451], [-16.4539, 16.1443], [-16.4537, 16.1428], [-16.4536, 16.1414], [-16.4536, 16.1394], [-16.4534, 16.1369], [-16.4528, 16.1352], [-16.4523, 16.1343], [-16.4514, 16.1341], [-16.4509, 16.1329], [-16.4512, 16.1313], [-16.452, 16.1294], [-16.453, 16.1271], [-16.454, 16.1251], [-16.4549, 16.1232], [-16.4551, 16.1218], [-16.4552, 16.1202], [-16.4552, 16.1175], [-16.4545, 16.1163], [-16.4538, 16.115], [-16.4527, 16.1137], [-16.4517, 16.1132], [-16.4506, 16.1125], [-16.4498, 16.112], [-16.4485, 16.1118], [-16.4473, 16.1112], [-16.4454, 16.1104], [-16.4441, 16.1094], [-16.4427, 16.1077], [-16.4422, 16.1066], [-16.4419, 16.1046], [-16.442, 16.1033], [-16.443, 16.1026], [-16.444, 16.1021], [-16.4447, 16.1011], [-16.4463, 16.1004], [-16.4473, 16.0996], [-16.4496, 16.0981], [-16.4504, 16.0973], [-16.4514, 16.0968], [-16.4535, 16.0956], [-16.4546, 16.0943], [-16.4553, 16.0935], [-16.4572, 16.0912], [-16.4577, 16.0899], [-16.4582, 16.0884], [-16.4591, 16.0855], [-16.4594, 16.0839], [-16.4604, 16.0816], [-16.4612, 16.0808], [-16.463, 16.0803], [-16.4645, 16.08], [-16.4658, 16.0795], [-16.4675, 16.0778], [-16.4686, 16.0764], [-16.4691, 16.0751], [-16.4696, 16.0738], [-16.4702, 16.0732], [-16.4708, 16.0723], [-16.4711, 16.0715], [-16.4729, 16.0693], [-16.4741, 16.0686], [-16.4756, 16.0681], [-16.4774, 16.0672], [-16.4788, 16.0653], [-16.4799, 16.0647], [-16.4809, 16.0633], [-16.4818, 16.063], [-16.4835, 16.0629], [-16.4864, 16.0658], [-16.4868, 16.0669], [-16.4871, 16.0675], [-16.4874, 16.0686], [-16.4879, 16.0698], [-16.4887, 16.0713], [-16.4892, 16.072], [-16.4899, 16.0729], [-16.4918, 16.0743], [-16.4926, 16.0748], [-16.4937, 16.0752], [-16.495, 16.0752], [-16.4977, 16.0737], [-16.5002, 16.0719], [-16.5021, 16.0707], [-16.5039, 16.0692], [-16.5053, 16.0678], [-16.5049, 16.0665], [-16.5049, 16.0659], [-16.5048, 16.0645], [-16.505, 16.0628], [-16.505, 16.0618], [-16.5065, 16.0546], [-16.5072, 16.0513], [-16.5078, 16.0483], [-16.5079, 16.0474], [-16.5102, 16.0473], [-16.5102, 16.0455], [-16.5103, 16.0437], [-16.5102, 16.0418], [-16.5102, 16.0404], [-16.5104, 16.0385], [-16.5104, 16.0372], [-16.5106, 16.0349], [-16.5108, 16.0329], [-16.511, 16.0313], [-16.5115, 16.0289], [-16.5118, 16.0275], [-16.5123, 16.0256], [-16.5122, 16.0243], [-16.5119, 16.022], [-16.5117, 16.0204], [-16.5116, 16.0192], [-16.5114, 16.0177], [-16.5113, 16.016], [-16.511, 16.0143], [-16.511, 16.0125], [-16.5111, 16.0107], [-16.5111, 16.0096], [-16.5111, 16.0081], [-16.5112, 16.0067], [-16.5108, 16.0058], [-16.5104, 16.0043], [-16.5104, 16.0032], [-16.5103, 16.0026], [-16.5102, 16.0014], [-16.5102, 16.0011], [-16.5101, 16.0006], [-16.5101, 16.0004], [-16.51, 15.999], [-16.5106, 15.9982], [-16.5108, 15.9972], [-16.5113, 15.9962], [-16.5119, 15.9938], [-16.512, 15.9923], [-16.5121, 15.99], [-16.5121, 15.9878], [-16.5124, 15.9852], [-16.5124, 15.9831], [-16.5121, 15.9807], [-16.5122, 15.9784], [-16.5121, 15.975], [-16.5119, 15.9722], [-16.5112, 15.9698], [-16.5117, 15.9667], [-16.5119, 15.9643], [-16.512, 15.9626], [-16.5126, 15.9603], [-16.5133, 15.9571], [-16.5137, 15.9545], [-16.5135, 15.9514], [-16.5137, 15.9481], [-16.5136, 15.9447], [-16.5134, 15.9418], [-16.5131, 15.9379], [-16.5139, 15.9349], [-16.5138, 15.9316], [-16.5144, 15.9296], [-16.5147, 15.9279], [-16.5143, 15.9251], [-16.5151, 15.9231], [-16.5156, 15.9208], [-16.5157, 15.9189], [-16.516, 15.9171], [-16.5165, 15.915], [-16.5168, 15.9123], [-16.5166, 15.9098], [-16.5166, 15.9071], [-16.5168, 15.9049], [-16.5171, 15.9018], [-16.5173, 15.8996], [-16.5175, 15.8965], [-16.5181, 15.8938], [-16.5182, 15.8912], [-16.5185, 15.889], [-16.5185, 15.887], [-16.5186, 15.8844], [-16.5187, 15.8827], [-16.5187, 15.8805], [-16.5185, 15.8772], [-16.5182, 15.8758], [-16.5171, 15.8742], [-16.5168, 15.8729], [-16.5165, 15.8723], [-16.5172, 15.8653], [-16.518, 15.8638], [-16.519, 15.8616], [-16.5197, 15.8582], [-16.5204, 15.8543], [-16.5214, 15.8502], [-16.5231, 15.8445], [-16.5248, 15.8362], [-16.5256, 15.833], [-16.5135, 15.8336], [-16.4978, 15.8334], [-16.4898, 15.8333], [-16.4829, 15.8333], [-16.4747, 15.8345], [-16.4694, 15.8354], [-16.4628, 15.8369], [-16.4567, 15.8384], [-16.4482, 15.8402], [-16.4414, 15.8393], [-16.4291, 15.8359], [-16.4218, 15.8344], [-16.4122, 15.8342], [-16.402, 15.8346], [-16.3873, 15.8342], [-16.3587, 15.8345], [-16.3578, 15.835], [-16.3541, 15.8368], [-16.3329, 15.8481], [-16.3247, 15.8521], [-16.324, 15.8524], [-16.3185, 15.8534], [-16.31, 15.8547], [-16.2999, 15.857], [-16.2893, 15.8582], [-16.2792, 15.8597], [-16.2715, 15.8619], [-16.2639, 15.8704], [-16.2605, 15.8739], [-16.2568, 15.8788], [-16.2566, 15.8984], [-16.2565, 15.9041], [-16.2498, 15.9076], [-16.2434, 15.9113], [-16.2246, 15.922], [-16.2224, 15.9237], [-16.2147, 15.9299], [-16.2094, 15.9339], [-16.2031, 15.9388], [-16.1809, 15.9561], [-16.1788, 15.9581], [-16.1735, 15.962], [-16.1695, 15.9648], [-16.1634, 15.9721], [-16.1593, 15.9792], [-16.1538, 15.9883], [-16.15, 15.9943], [-16.1456, 16.0014], [-16.1454, 16.0014], [-16.1438, 16.0014], [-16.143, 16.0014], [-16.1427, 16.0031], [-16.1421, 16.0042], [-16.1406, 16.0052], [-16.1124, 16.0185], [-16.0955, 16.0266], [-16.0938, 16.0268], [-16.0843, 16.0319], [-16.0559, 16.0443], [-16.0281, 16.0575], [-16.0, 16.0705], [-15.9969, 16.0724], [-15.9809, 16.0801], [-15.9613, 16.0902], [-15.945, 16.096], [-15.9281, 16.103], [-15.9237, 16.1104], [-15.9197, 16.1173], [-15.8965, 16.1378], [-15.8727, 16.1589], [-15.8514, 16.1742], [-15.8329, 16.1851], [-15.8278, 16.1871], [-15.8275, 16.1869], [-15.8252, 16.1874], [-15.8252, 16.1874], [-15.8233, 16.1863], [-15.7964, 16.1575], [-15.7694, 16.1286], [-15.7425, 16.0998], [-15.7156, 16.071], [-15.6887, 16.0422], [-15.6617, 16.0134], [-15.6483, 16.0005], [-15.6478, 16.0003], [-15.6427, 15.9949], [-15.6344, 15.9862], [-15.6256, 15.9765], [-15.6185, 15.9686], [-15.6108, 15.9604], [-15.6007, 15.9497], [-15.5951, 15.9435], [-15.5892, 15.9373], [-15.583, 15.9304], [-15.5812, 15.9277], [-15.5808, 15.927], [-15.5807, 15.9269], [-15.5806, 15.9269], [-15.5805, 15.9335], [-15.5807, 15.9411], [-15.5804, 15.9476], [-15.5804, 15.9571], [-15.5806, 15.9619], [-15.5804, 15.9666], [-15.5807, 15.9711], [-15.5802, 15.9752], [-15.5803, 15.98], [-15.5803, 15.9872], [-15.5802, 15.9988], [-15.5802, 15.9999], [-15.5802, 16.0], [-15.566, 15.9999], [-15.5507, 15.9999], [-15.5354, 15.9999], [-15.5201, 15.9999], [-15.5048, 16.0], [-15.4895, 16.0], [-15.4742, 16.0], [-15.4589, 16.0], [-15.4403, 16.0], [-15.4389, 16.0], [-15.4284, 16.0], [-15.4131, 16.0], [-15.3978, 16.0], [-15.3825, 16.0], [-15.3672, 16.0], [-15.3519, 16.0], [-15.3366, 16.0], [-15.3213, 16.0], [-15.306, 16.0], [-15.2907, 16.0], [-15.2755, 16.0], [-15.2602, 15.9999], [-15.2449, 15.9999], [-15.2296, 15.9999], [-15.2143, 15.9999], [-15.199, 15.9999], [-15.1837, 15.9999], [-15.1684, 15.9999], [-15.1656, 15.9999], [-15.1647, 15.9999], [-15.1531, 15.9999], [-15.1475, 16.0004], [-15.1462, 16.0004], [-15.1377, 16.0006], [-15.1294, 16.0005], [-15.1227, 16.0007], [-15.1163, 16.0003], [-15.1071, 16.0003], [-15.0919, 16.0003], [-15.077, 16.0005], [-15.0611, 16.0009], [-15.0462, 16.0006], [-15.0309, 16.0006], [-15.0157, 16.0004], [-15.0064, 16.0008], [-15.0063, 16.0011], [-15.0054, 16.0011], [-14.9946, 16.0011], [-14.9838, 16.0011], [-14.973, 16.0011], [-14.9463, 16.0008], [-14.9188, 16.0008], [-14.8915, 16.0006], [-14.8801, 16.0008], [-14.8769, 16.0009], [-14.8766, 16.0009], [-14.8653, 16.0005], [-14.8369, 15.9855], [-14.81, 15.9706], [-14.7828, 15.9558], [-14.77, 15.9489], [-14.7637, 15.9455], [-14.7557, 15.9411], [-14.755, 15.942], [-14.7287, 15.941], [-14.702, 15.9394], [-14.6959, 15.9391], [-14.6953, 15.939], [-14.6913, 15.9388], [-14.675, 15.938], [-14.6484, 15.9368], [-14.6376, 15.9363], [-14.6363, 15.9361], [-14.6222, 15.9353], [-14.6032, 15.9344], [-14.5949, 15.9336], [-14.5858, 15.9187], [-14.5777, 15.9049], [-14.5605, 15.8766], [-14.5429, 15.8479], [-14.5264, 15.8196], [-14.5169, 15.8051]]]}}, {"type": "Feature", "properties": {"code": "SD", "name": "Sedhiou", "region": "Sedhiou"}, "geometry": {"type": "Polygon", "coordinates": [[[-15.3391, 13.3602], [-15.3551, 13.3581], [-15.3603, 13.3575], [-15.3708, 13.358], [-15.3796, 13.3558], [-15.3889, 13.3599], [-15.3914, 13.3608], [-15.3942, 13.3618], [-15.4127, 13.3672], [-15.4255, 13.3708], [-15.4311, 13.3727], [-15.4383, 13.3748], [-15.4425, 13.375], [-15.4451, 13.3746], [-15.4498, 13.3758], [-15.4525, 13.3775], [-15.4556, 13.3787], [-15.4602, 13.3804], [-15.4628, 13.3818], [-15.4658, 13.3834], [-15.4687, 13.3847], [-15.4717, 13.3857], [-15.4737, 13.386], [-15.4766, 13.3871], [-15.4792, 13.3883], [-15.4811, 13.3894], [-15.4839, 13.3903], [-15.4865, 13.3911], [-15.4893, 13.392], [-15.4913, 13.3936], [-15.4945, 13.3951], [-15.4964, 13.395], [-15.4986, 13.3953], [-15.4997, 13.395], [-15.5014, 13.3938], [-15.5031, 13.394], [-15.5052, 13.394], [-15.5086, 13.3945], [-15.5103, 13.394], [-15.5119, 13.3938], [-15.5147, 13.3938], [-15.519, 13.3906], [-15.5217, 13.3885], [-15.5235, 13.3873], [-15.5254, 13.3863], [-15.5275, 13.3852], [-15.5284, 13.3837], [-15.5302, 13.3828], [-15.5307, 13.3825], [-15.5319, 13.3818], [-15.5341, 13.3796], [-15.5365, 13.3778], [-15.5383, 13.3754], [-15.54, 13.3734], [-15.5411, 13.3725], [-15.5435, 13.3707], [-15.5461, 13.3683], [-15.5486, 13.3661], [-15.5518, 13.3635], [-15.5554, 13.3613], [-15.5575, 13.3594], [-15.5604, 13.358], [-15.564, 13.3569], [-15.5675, 13.355], [-15.5712, 13.354], [-15.5768, 13.3524], [-15.5799, 13.3515], [-15.5829, 13.3507], [-15.5875, 13.3505], [-15.591, 13.3501], [-15.5941, 13.3501], [-15.597, 13.3503], [-15.5987, 13.3508], [-15.6009, 13.3503], [-15.6051, 13.351], [-15.6076, 13.351], [-15.6104, 13.3509], [-15.6129, 13.3516], [-15.6194, 13.3523], [-15.6205, 13.3527], [-15.6237, 13.354], [-15.6269, 13.354], [-15.6297, 13.3541], [-15.6324, 13.3556], [-15.6365, 13.3561], [-15.6406, 13.3581], [-15.6466, 13.3593], [-15.6484, 13.3598], [-15.6512, 13.3617], [-15.6541, 13.3624], [-15.6569, 13.3634], [-15.6609, 13.3641], [-15.6635, 13.3647], [-15.6652, 13.365], [-15.6675, 13.3658], [-15.6688, 13.3664], [-15.6712, 13.3678], [-15.6737, 13.3681], [-15.676, 13.3684], [-15.6774, 13.369], [-15.6784, 13.3701], [-15.6805, 13.3713], [-15.6831, 13.371], [-15.6837, 13.37], [-15.6857, 13.3688], [-15.6872, 13.367], [-15.6893, 13.3661], [-15.6913, 13.3649], [-15.6936, 13.3634], [-15.6971, 13.3612], [-15.7044, 13.3575], [-15.7074, 13.3564], [-15.7093, 13.3554], [-15.7137, 13.3537], [-15.7184, 13.3527], [-15.7219, 13.3517], [-15.7246, 13.3515], [-15.7299, 13.3504], [-15.7336, 13.3499], [-15.7399, 13.3504], [-15.7446, 13.3501], [-15.7494, 13.3502], [-15.7512, 13.3499], [-15.7546, 13.35], [-15.7593, 13.3502], [-15.763, 13.3492], [-15.7679, 13.349], [-15.7725, 13.3496], [-15.775, 13.3494], [-15.7785, 13.3497], [-15.7819, 13.3494], [-15.7842, 13.3492], [-15.7866, 13.3494], [-15.7884, 13.3492], [-15.7929, 13.3482], [-15.7954, 13.3488], [-15.8, 13.3492], [-15.802, 13.3498], [-15.8051, 13.3495], [-15.8044, 13.3472], [-15.8049, 13.343], [-15.8052, 13.3403], [-15.8049, 13.337], [-15.8053, 13.3262], [-15.8049, 13.3214], [-15.8048, 13.3024], [-15.8054, 13.2962], [-15.8054, 13.2704], [-15.8049, 13.2472], [-15.8046, 13.244], [-15.8043, 13.2401], [-15.8039, 13.2272], [-15.8039, 13.2261], [-15.8037, 13.2184], [-15.8048, 13.2099], [-15.8043, 13.2013], [-15.8042, 13.1984], [-15.8037, 13.1925], [-15.8036, 13.1671], [-15.809, 13.1675], [-15.8166, 13.1672], [-15.8265, 13.1672], [-15.8442, 13.1674], [-15.8711, 13.168], [-15.895, 13.1682], [-15.895, 13.1673], [-15.895, 13.1648], [-15.8956, 13.1628], [-15.8963, 13.1621], [-15.8959, 13.1594], [-15.8963, 13.1564], [-15.8966, 13.1537], [-15.8964, 13.1521], [-15.897, 13.1502], [-15.8966, 13.1481], [-15.8967, 13.1463], [-15.8973, 13.145], [-15.8979, 13.1441], [-15.8992, 13.1458], [-15.9018, 13.1456], [-15.904, 13.1466], [-15.907, 13.1447], [-15.9084, 13.1434], [-15.9105, 13.143], [-15.9131, 13.1411], [-15.9175, 13.1379], [-15.9206, 13.1345], [-15.9236, 13.1321], [-15.9266, 13.1304], [-15.9279, 13.1277], [-15.9296, 13.1265], [-15.9305, 13.1249], [-15.9327, 13.1226], [-15.9347, 13.1193], [-15.9358, 13.1173], [-15.936, 13.1153], [-15.9356, 13.1121], [-15.9352, 13.1105], [-15.9342, 13.1087], [-15.9326, 13.1044], [-15.9315, 13.1017], [-15.9305, 13.0996], [-15.9283, 13.096], [-15.9249, 13.0942], [-15.9214, 13.096], [-15.9185, 13.0933], [-15.9166, 13.0948], [-15.9143, 13.0964], [-15.9131, 13.0956], [-15.9094, 13.0964], [-15.9072, 13.0955], [-15.9052, 13.0948], [-15.9035, 13.0945], [-15.9019, 13.0931], [-15.9014, 13.0925], [-15.9008, 13.0916], [-15.8962, 13.0901], [-15.894, 13.0882], [-15.8979, 13.0872], [-15.8988, 13.0855], [-15.899, 13.0843], [-15.8992, 13.0832], [-15.8998, 13.0816], [-15.8994, 13.0777], [-15.8995, 13.0777], [-15.9003, 13.0744], [-15.9007, 13.0717], [-15.9023, 13.0696], [-15.9056, 13.0676], [-15.9078, 13.0637], [-15.9088, 13.0621], [-15.9106, 13.0611], [-15.9122, 13.0594], [-15.9144, 13.058], [-15.9154, 13.0552], [-15.9169, 13.0532], [-15.9179, 13.0512], [-15.9194, 13.0487], [-15.9209, 13.0476], [-15.9222, 13.0454], [-15.9233, 13.0427], [-15.9231, 13.0424], [-15.925, 13.0402], [-15.925, 13.0384], [-15.9256, 13.0365], [-15.9261, 13.0336], [-15.9255, 13.0319], [-15.9258, 13.0305], [-15.9262, 13.0271], [-15.9263, 13.0255], [-15.9267, 13.0243], [-15.9269, 13.0221], [-15.9275, 13.0206], [-15.9279, 13.0193], [-15.9278, 13.0176], [-15.9294, 13.0159], [-15.9305, 13.0139], [-15.9312, 13.012], [-15.9321, 13.011], [-15.9327, 13.0098], [-15.9337, 13.0074], [-15.9338, 13.006], [-15.9342, 13.0041], [-15.935, 13.0028], [-15.9354, 13.0012], [-15.9361, 13.0009], [-15.9363, 13.0001], [-15.9366, 12.9997], [-15.9378, 12.998], [-15.9391, 12.9962], [-15.9402, 12.9942], [-15.9423, 12.9904], [-15.9435, 12.9877], [-15.9441, 12.9862], [-15.9456, 12.9848], [-15.947, 12.9837], [-15.9478, 12.9826], [-15.9492, 12.9819], [-15.9501, 12.9813], [-15.951, 12.9804], [-15.9517, 12.9798], [-15.9527, 12.9796], [-15.9536, 12.9793], [-15.9541, 12.9796], [-15.9547, 12.9796], [-15.9551, 12.9792], [-15.9558, 12.9789], [-15.9562, 12.9784], [-15.9567, 12.9782], [-15.9572, 12.978], [-15.9579, 12.9781], [-15.9585, 12.978], [-15.9588, 12.978], [-15.959, 12.978], [-15.9596, 12.9784], [-15.9611, 12.9784], [-15.9618, 12.9781], [-15.9623, 12.9777], [-15.9627, 12.976], [-15.9632, 12.9749], [-15.9632, 12.9743], [-15.9629, 12.9736], [-15.9629, 12.9731], [-15.9633, 12.9731], [-15.9635, 12.9733], [-15.964, 12.9733], [-15.9644, 12.973], [-15.9647, 12.9726], [-15.965, 12.9714], [-15.9656, 12.9696], [-15.9665, 12.9679], [-15.9673, 12.9661], [-15.9677, 12.9628], [-15.9675, 12.9615], [-15.9671, 12.9596], [-15.967, 12.9585], [-15.9673, 12.9572], [-15.9677, 12.9563], [-15.9686, 12.9552], [-15.9699, 12.9536], [-15.971, 12.952], [-15.9719, 12.9508], [-15.9734, 12.95], [-15.9761, 12.9496], [-15.9783, 12.9501], [-15.9801, 12.9493], [-15.9808, 12.9491], [-15.982, 12.9484], [-15.9838, 12.9466], [-15.9852, 12.9433], [-15.9868, 12.9412], [-15.9875, 12.9395], [-15.9867, 12.9371], [-15.9859, 12.9335], [-15.987, 12.9273], [-15.9871, 12.9262], [-15.9876, 12.9257], [-15.9909, 12.9245], [-15.9921, 12.9239], [-15.9931, 12.9229], [-15.9934, 12.9208], [-15.9944, 12.9192], [-15.9939, 12.9184], [-15.9934, 12.9182], [-15.9923, 12.918], [-15.9906, 12.9184], [-15.9891, 12.9189], [-15.9885, 12.9189], [-15.988, 12.9191], [-15.9873, 12.9189], [-15.9864, 12.9179], [-15.9855, 12.9166], [-15.9848, 12.9156], [-15.9827, 12.9111], [-15.9822, 12.9091], [-15.9814, 12.9073], [-15.9805, 12.9054], [-15.9799, 12.9032], [-15.9811, 12.9016], [-15.9816, 12.9009], [-15.9831, 12.9001], [-15.9832, 12.8999], [-15.9838, 12.8984], [-15.9832, 12.8974], [-15.9804, 12.899], [-15.9782, 12.8989], [-15.9771, 12.8982], [-15.9764, 12.8979], [-15.9748, 12.8969], [-15.9738, 12.8958], [-15.975, 12.8931], [-15.9745, 12.8904], [-15.9775, 12.886], [-15.9778, 12.8856], [-15.9778, 12.8856], [-15.9796, 12.8828], [-15.9803, 12.8801], [-15.9807, 12.8788], [-15.981, 12.8765], [-15.9802, 12.8719], [-15.9794, 12.8703], [-15.9786, 12.8683], [-15.9781, 12.8674], [-15.9772, 12.8655], [-15.9761, 12.8639], [-15.975, 12.8599], [-15.9744, 12.8579], [-15.9758, 12.8535], [-15.9783, 12.8488], [-15.9791, 12.8473], [-15.9801, 12.8463], [-15.9833, 12.8437], [-15.9874, 12.8385], [-15.9906, 12.8354], [-15.9935, 12.8337], [-15.9954, 12.8327], [-15.9955, 12.8326], [-15.9957, 12.8326], [-15.9958, 12.8325], [-15.9979, 12.8309], [-16.0006, 12.8297], [-16.0026, 12.8267], [-16.0027, 12.8265], [-16.0033, 12.825], [-16.0034, 12.8249], [-16.0035, 12.8246], [-16.0036, 12.8233], [-16.0038, 12.8227], [-16.0039, 12.8217], [-16.0041, 12.8208], [-16.0043, 12.8195], [-16.0044, 12.8185], [-16.0044, 12.8178], [-16.0044, 12.8168], [-16.0042, 12.8161], [-16.0042, 12.8155], [-16.0039, 12.8148], [-16.0037, 12.8142], [-16.0037, 12.8136], [-16.0034, 12.8129], [-16.0032, 12.8124], [-16.003, 12.812], [-16.0028, 12.8108], [-16.0027, 12.8099], [-16.0024, 12.809], [-16.0024, 12.8085], [-15.9994, 12.8057], [-15.9984, 12.8046], [-15.9972, 12.8034], [-15.9972, 12.8026], [-15.9968, 12.8021], [-15.9961, 12.801], [-15.995, 12.7993], [-15.9939, 12.7977], [-15.9935, 12.7965], [-15.9926, 12.7949], [-15.9923, 12.794], [-15.9917, 12.793], [-15.9908, 12.791], [-15.9905, 12.7901], [-15.9904, 12.7891], [-15.9902, 12.7878], [-15.9902, 12.7869], [-15.9903, 12.7859], [-15.9906, 12.7843], [-15.9909, 12.7831], [-15.9918, 12.7821], [-15.9924, 12.7811], [-15.9945, 12.7756], [-15.9952, 12.7723], [-15.998, 12.7665], [-15.9989, 12.7661], [-16.0004, 12.7651], [-16.0017, 12.7643], [-16.0052, 12.7633], [-16.0086, 12.7612], [-16.0101, 12.7603], [-16.0112, 12.7596], [-16.0168, 12.757], [-16.0193, 12.7543], [-16.0218, 12.7508], [-16.0232, 12.7498], [-16.0235, 12.7491], [-16.0225, 12.7491], [-16.0223, 12.7473], [-16.0205, 12.7436], [-16.0208, 12.7413], [-16.0206, 12.7413], [-16.0212, 12.7367], [-16.0202, 12.7321], [-16.0192, 12.7299], [-16.0176, 12.7283], [-16.0151, 12.7264], [-16.0127, 12.7237], [-16.0108, 12.7216], [-16.0106, 12.7185], [-16.0119, 12.7177], [-16.0119, 12.7173], [-16.0125, 12.7145], [-16.0134, 12.7118], [-16.014, 12.7107], [-16.0144, 12.7083], [-16.0147, 12.7077], [-16.0146, 12.7066], [-16.0158, 12.7039], [-16.016, 12.7036], [-16.0163, 12.7031], [-16.0171, 12.7019], [-16.0177, 12.6998], [-16.0181, 12.699], [-16.0186, 12.6981], [-16.0191, 12.696], [-16.0199, 12.6947], [-16.0193, 12.6919], [-16.0194, 12.6912], [-16.0194, 12.6906], [-16.0199, 12.6891], [-16.0196, 12.6872], [-16.0207, 12.6841], [-16.0206, 12.6824], [-16.0208, 12.6807], [-16.021, 12.6789], [-16.0205, 12.6772], [-16.0207, 12.6729], [-16.0204, 12.6708], [-16.0179, 12.6628], [-16.0172, 12.6605], [-16.0165, 12.6584], [-16.0164, 12.6584], [-16.0117, 12.6588], [-16.0091, 12.6587], [-16.0038, 12.6587], [-15.9985, 12.658], [-15.9954, 12.6562], [-15.9931, 12.6549], [-15.9899, 12.6528], [-15.9875, 12.6507], [-15.9849, 12.6486], [-15.9849, 12.6485], [-15.9846, 12.6477], [-15.9843, 12.6469], [-15.984, 12.6467], [-15.9827, 12.6447], [-15.9809, 12.6416], [-15.9796, 12.6389], [-15.978, 12.6365], [-15.9768, 12.6346], [-15.9752, 12.633], [-15.9727, 12.6307], [-15.9715, 12.6296], [-15.9703, 12.6283], [-15.9687, 12.6264], [-15.9675, 12.6257], [-15.9685, 12.6248], [-15.9688, 12.6236], [-15.9685, 12.6218], [-15.9681, 12.6204], [-15.9674, 12.6185], [-15.967, 12.6172], [-15.9666, 12.6154], [-15.9661, 12.6136], [-15.9656, 12.612], [-15.9648, 12.6101], [-15.9638, 12.6076], [-15.9633, 12.6057], [-15.9629, 12.6047], [-15.9624, 12.6035], [-15.9622, 12.6006], [-15.9622, 12.5989], [-15.9609, 12.5967], [-15.9601, 12.5964], [-15.9596, 12.5966], [-15.9585, 12.5958], [-15.9577, 12.5947], [-15.9592, 12.5928], [-15.9596, 12.5915], [-15.9595, 12.5911], [-15.9595, 12.5905], [-15.9589, 12.5895], [-15.9589, 12.5893], [-15.959, 12.5891], [-15.9603, 12.5868], [-15.9618, 12.5856], [-15.9625, 12.5831], [-15.9645, 12.5816], [-15.9659, 12.5801], [-15.9655, 12.5783], [-15.9648, 12.5768], [-15.9648, 12.5753], [-15.9648, 12.5747], [-15.9653, 12.5736], [-15.9653, 12.5726], [-15.9649, 12.5717], [-15.9633, 12.5705], [-15.9626, 12.5682], [-15.9581, 12.5665], [-15.9581, 12.5662], [-15.9578, 12.566], [-15.9573, 12.5644], [-15.9566, 12.5632], [-15.9571, 12.561], [-15.9561, 12.5595], [-15.9552, 12.5579], [-15.9548, 12.5576], [-15.9545, 12.5569], [-15.9547, 12.5559], [-15.9548, 12.5556], [-15.955, 12.5553], [-15.9552, 12.5549], [-15.9551, 12.5535], [-15.9546, 12.5517], [-15.9546, 12.5493], [-15.9552, 12.5466], [-15.9553, 12.5445], [-15.9538, 12.5447], [-15.9543, 12.5432], [-15.9532, 12.5412], [-15.9515, 12.5398], [-15.9513, 12.5396], [-15.9499, 12.5386], [-15.9489, 12.5366], [-15.9483, 12.5356], [-15.9479, 12.5342], [-15.9478, 12.5327], [-15.9477, 12.5317], [-15.9468, 12.5303], [-15.9455, 12.5296], [-15.9433, 12.5301], [-15.9413, 12.5297], [-15.9383, 12.528], [-15.9363, 12.5269], [-15.9353, 12.5263], [-15.9342, 12.5259], [-15.9306, 12.5232], [-15.9275, 12.5215], [-15.9244, 12.5186], [-15.9242, 12.518], [-15.9243, 12.5169], [-15.924, 12.5154], [-15.9231, 12.5138], [-15.9223, 12.5121], [-15.922, 12.5112], [-15.9223, 12.5103], [-15.9218, 12.5083], [-15.9221, 12.5064], [-15.9213, 12.5053], [-15.9218, 12.5043], [-15.9224, 12.5015], [-15.9231, 12.4997], [-15.9231, 12.4978], [-15.9232, 12.4968], [-15.9231, 12.4956], [-15.9226, 12.4934], [-15.9221, 12.4917], [-15.9217, 12.4905], [-15.921, 12.4892], [-15.9203, 12.4876], [-15.9204, 12.4864], [-15.9212, 12.4857], [-15.9215, 12.4853], [-15.9223, 12.485], [-15.9228, 12.4847], [-15.9233, 12.4844], [-15.924, 12.484], [-15.9256, 12.483], [-15.927, 12.4823], [-15.9289, 12.4816], [-15.9294, 12.4804], [-15.929, 12.4788], [-15.9286, 12.4778], [-15.928, 12.4764], [-15.9273, 12.4745], [-15.9263, 12.4725], [-15.9255, 12.4714], [-15.9249, 12.4702], [-15.9241, 12.4686], [-15.9237, 12.4674], [-15.9235, 12.4664], [-15.923, 12.4661], [-15.9227, 12.4661], [-15.921, 12.466], [-15.9174, 12.4676], [-15.9159, 12.468], [-15.9142, 12.4685], [-15.9133, 12.4703], [-15.9117, 12.4711], [-15.9108, 12.4718], [-15.9095, 12.4718], [-15.9087, 12.4721], [-15.9068, 12.4726], [-15.9042, 12.4724], [-15.9025, 12.4722], [-15.9007, 12.4716], [-15.8996, 12.4715], [-15.8987, 12.4713], [-15.8974, 12.4705], [-15.8941, 12.4688], [-15.892, 12.4677], [-15.8917, 12.4662], [-15.8913, 12.4639], [-15.8904, 12.4632], [-15.8894, 12.4622], [-15.889, 12.4604], [-15.8889, 12.4591], [-15.8887, 12.4581], [-15.8888, 12.4565], [-15.8886, 12.4552], [-15.8884, 12.4541], [-15.8886, 12.4529], [-15.8888, 12.4524], [-15.8889, 12.4517], [-15.889, 12.451], [-15.8891, 12.4502], [-15.884, 12.4499], [-15.8684, 12.4486], [-15.8406, 12.4454], [-15.8287, 12.4439], [-15.8168, 12.4424], [-15.8049, 12.4409], [-15.7892, 12.4391], [-15.7884, 12.439], [-15.7691, 12.4368], [-15.7494, 12.4349], [-15.7291, 12.4317], [-15.7106, 12.4287], [-15.6996, 12.4271], [-15.6953, 12.4265], [-15.6914, 12.426], [-15.6831, 12.4249], [-15.6811, 12.4254], [-15.676, 12.4278], [-15.6662, 12.4319], [-15.6511, 12.4388], [-15.6359, 12.4459], [-15.6279, 12.4491], [-15.6193, 12.4532], [-15.6075, 12.4597], [-15.5973, 12.4653], [-15.5922, 12.4677], [-15.5742, 12.4747], [-15.5595, 12.4813], [-15.5374, 12.492], [-15.5192, 12.4995], [-15.5079, 12.5048], [-15.4901, 12.5122], [-15.4742, 12.5182], [-15.4537, 12.5265], [-15.4295, 12.5368], [-15.4291, 12.537], [-15.429, 12.5371], [-15.4174, 12.5444], [-15.4048, 12.5529], [-15.3987, 12.5577], [-15.3917, 12.5629], [-15.3873, 12.566], [-15.3803, 12.571], [-15.3757, 12.5746], [-15.3694, 12.5795], [-15.3635, 12.5858], [-15.3551, 12.5946], [-15.3548, 12.5949], [-15.3508, 12.5995], [-15.3397, 12.6115], [-15.3376, 12.6137], [-15.3295, 12.6166], [-15.3129, 12.6223], [-15.3082, 12.6239], [-15.2827, 12.6348], [-15.2783, 12.6371], [-15.2707, 12.6405], [-15.2586, 12.6478], [-15.2448, 12.6564], [-15.2397, 12.6596], [-15.235, 12.6613], [-15.2198, 12.6677], [-15.2001, 12.6754], [-15.1968, 12.6766], [-15.1892, 12.6802], [-15.1838, 12.6819], [-15.1791, 12.6848], [-15.1759, 12.6851], [-15.1734, 12.6853], [-15.1704, 12.686], [-15.1636, 12.6862], [-15.1414, 12.6858], [-15.1224, 12.6858], [-15.1224, 12.6858], [-15.1227, 12.6863], [-15.1235, 12.6871], [-15.1242, 12.6876], [-15.1235, 12.6881], [-15.1241, 12.689], [-15.1251, 12.69], [-15.1268, 12.6915], [-15.1282, 12.6919], [-15.1284, 12.6928], [-15.131, 12.6939], [-15.1323, 12.6939], [-15.1324, 12.6948], [-15.1359, 12.696], [-15.1389, 12.6959], [-15.14, 12.6971], [-15.1404, 12.6974], [-15.1405, 12.6984], [-15.1414, 12.6997], [-15.1427, 12.7014], [-15.1432, 12.7027], [-15.1432, 12.7033], [-15.1434, 12.7053], [-15.1438, 12.7074], [-15.1442, 12.7097], [-15.1446, 12.712], [-15.1446, 12.714], [-15.145, 12.7167], [-15.1452, 12.7184], [-15.1458, 12.7202], [-15.1471, 12.7233], [-15.1482, 12.7265], [-15.1491, 12.7281], [-15.1505, 12.7308], [-15.1524, 12.734], [-15.1543, 12.7354], [-15.1555, 12.7366], [-15.1561, 12.7385], [-15.1557, 12.7401], [-15.1554, 12.7411], [-15.1551, 12.7414], [-15.1542, 12.7426], [-15.1521, 12.7462], [-15.1484, 12.7503], [-15.1476, 12.7518], [-15.1466, 12.7539], [-15.1461, 12.7548], [-15.145, 12.7565], [-15.1442, 12.7578], [-15.1414, 12.7644], [-15.1402, 12.766], [-15.1389, 12.7679], [-15.1379, 12.769], [-15.1373, 12.7704], [-15.1369, 12.7726], [-15.1372, 12.7741], [-15.1374, 12.7758], [-15.1379, 12.7775], [-15.1387, 12.7792], [-15.1387, 12.7802], [-15.1385, 12.7822], [-15.138, 12.7837], [-15.1366, 12.7849], [-15.1358, 12.7852], [-15.1349, 12.7855], [-15.1328, 12.786], [-15.1314, 12.7867], [-15.1304, 12.7876], [-15.1296, 12.7887], [-15.1287, 12.7894], [-15.1281, 12.7901], [-15.1277, 12.791], [-15.1272, 12.792], [-15.1269, 12.7927], [-15.1274, 12.7951], [-15.1273, 12.796], [-15.1275, 12.7973], [-15.1274, 12.7977], [-15.1274, 12.7984], [-15.1273, 12.8006], [-15.1258, 12.8033], [-15.124, 12.8049], [-15.1205, 12.8075], [-15.1188, 12.8095], [-15.1172, 12.8119], [-15.1163, 12.8138], [-15.116, 12.8164], [-15.1154, 12.8185], [-15.115, 12.8206], [-15.115, 12.8241], [-15.1151, 12.8276], [-15.1155, 12.8358], [-15.1157, 12.8381], [-15.116, 12.8483], [-15.1161, 12.8524], [-15.116, 12.8584], [-15.116, 12.8641], [-15.1157, 12.8662], [-15.1159, 12.8694], [-15.1166, 12.8747], [-15.1163, 12.88], [-15.116, 12.8814], [-15.1153, 12.8838], [-15.1136, 12.8881], [-15.1133, 12.8894], [-15.113, 12.8917], [-15.1127, 12.893], [-15.1123, 12.8952], [-15.1123, 12.896], [-15.1127, 12.8975], [-15.1258, 12.9119], [-15.139, 12.9264], [-15.1521, 12.9409], [-15.1535, 12.9422], [-15.1559, 12.9428], [-15.1569, 12.9442], [-15.1579, 12.9459], [-15.1583, 12.9469], [-15.1589, 12.9482], [-15.1593, 12.9499], [-15.1598, 12.9534], [-15.1594, 12.9549], [-15.1604, 12.9567], [-15.1619, 12.9607], [-15.1634, 12.9639], [-15.1667, 12.9675], [-15.1671, 12.9682], [-15.1679, 12.9711], [-15.1679, 12.9752], [-15.1661, 12.9796], [-15.1652, 12.9817], [-15.1638, 12.9838], [-15.1624, 12.9864], [-15.16, 12.9905], [-15.157, 12.9951], [-15.1565, 12.9999], [-15.1566, 13.0003], [-15.1568, 13.001], [-15.1571, 13.0026], [-15.1572, 13.0041], [-15.1577, 13.0067], [-15.1582, 13.0083], [-15.1591, 13.0111], [-15.1603, 13.0129], [-15.1612, 13.0142], [-15.1634, 13.0157], [-15.1659, 13.0172], [-15.1681, 13.0183], [-15.1688, 13.0192], [-15.171, 13.0205], [-15.1707, 13.0211], [-15.172, 13.0234], [-15.174, 13.0239], [-15.1778, 13.026], [-15.1778, 13.0261], [-15.1779, 13.0261], [-15.1801, 13.028], [-15.1815, 13.0294], [-15.1865, 13.0317], [-15.1884, 13.0321], [-15.1918, 13.033], [-15.1937, 13.0328], [-15.1964, 13.0338], [-15.1981, 13.0353], [-15.1993, 13.0364], [-15.203, 13.0369], [-15.2055, 13.0379], [-15.2077, 13.0397], [-15.2118, 13.041], [-15.2126, 13.043], [-15.2143, 13.0428], [-15.2145, 13.0443], [-15.2184, 13.0449], [-15.2195, 13.0465], [-15.2212, 13.0469], [-15.2225, 13.0461], [-15.2245, 13.0491], [-15.2257, 13.0499], [-15.2279, 13.0501], [-15.2293, 13.0472], [-15.2296, 13.0487], [-15.2297, 13.0507], [-15.2295, 13.0523], [-15.2297, 13.0558], [-15.2293, 13.0583], [-15.2294, 13.0605], [-15.2287, 13.0641], [-15.2283, 13.0673], [-15.2273, 13.0711], [-15.226, 13.0743], [-15.2255, 13.0765], [-15.2256, 13.0782], [-15.2258, 13.0806], [-15.227, 13.0836], [-15.2286, 13.0857], [-15.2294, 13.0885], [-15.23, 13.0908], [-15.231, 13.0937], [-15.232, 13.0963], [-15.2325, 13.0995], [-15.2332, 13.1021], [-15.2337, 13.1043], [-15.2347, 13.1072], [-15.2353, 13.1092], [-15.2358, 13.1122], [-15.2371, 13.1154], [-15.2382, 13.118], [-15.239, 13.121], [-15.2395, 13.1227], [-15.2408, 13.1243], [-15.2441, 13.1285], [-15.2463, 13.131], [-15.2493, 13.1341], [-15.2503, 13.1368], [-15.2506, 13.137], [-15.2522, 13.139], [-15.2531, 13.1421], [-15.2538, 13.1448], [-15.2545, 13.1478], [-15.2543, 13.1501], [-15.2543, 13.1515], [-15.2541, 13.1531], [-15.2537, 13.1552], [-15.254, 13.1566], [-15.2539, 13.1591], [-15.2531, 13.1611], [-15.2527, 13.1627], [-15.2526, 13.1637], [-15.253, 13.1666], [-15.2529, 13.1691], [-15.254, 13.171], [-15.254, 13.1739], [-15.2541, 13.1759], [-15.2546, 13.178], [-15.2552, 13.1778], [-15.2566, 13.1782], [-15.2599, 13.18], [-15.2621, 13.1812], [-15.2647, 13.1823], [-15.2681, 13.1828], [-15.2707, 13.1833], [-15.274, 13.1848], [-15.2782, 13.1863], [-15.2809, 13.1873], [-15.2839, 13.188], [-15.2847, 13.1894], [-15.2891, 13.1907], [-15.2916, 13.1916], [-15.2939, 13.1923], [-15.2959, 13.1933], [-15.2976, 13.1942], [-15.2992, 13.1934], [-15.3007, 13.1915], [-15.3011, 13.1899], [-15.3017, 13.1873], [-15.3037, 13.1844], [-15.3062, 13.1864], [-15.3077, 13.187], [-15.3089, 13.1897], [-15.3102, 13.1915], [-15.3118, 13.1934], [-15.3137, 13.1943], [-15.3153, 13.1947], [-15.3173, 13.1955], [-15.3191, 13.1959], [-15.3202, 13.1969], [-15.3218, 13.1981], [-15.3233, 13.2], [-15.326, 13.2009], [-15.3271, 13.2012], [-15.3296, 13.2023], [-15.3312, 13.203], [-15.3333, 13.2046], [-15.334, 13.2063], [-15.3355, 13.2065], [-15.3364, 13.2076], [-15.3373, 13.2083], [-15.3384, 13.2094], [-15.3398, 13.2115], [-15.342, 13.2139], [-15.3433, 13.2155], [-15.3449, 13.2171], [-15.3464, 13.2181], [-15.3492, 13.2194], [-15.3498, 13.2204], [-15.3509, 13.2216], [-15.3516, 13.2237], [-15.3525, 13.2258], [-15.3529, 13.228], [-15.3526, 13.2313], [-15.3527, 13.2327], [-15.3526, 13.2345], [-15.3525, 13.2365], [-15.3525, 13.2385], [-15.353, 13.2406], [-15.3533, 13.2436], [-15.3532, 13.2459], [-15.3536, 13.2477], [-15.3544, 13.2499], [-15.3548, 13.2532], [-15.3548, 13.2557], [-15.3557, 13.2585], [-15.3552, 13.2621], [-15.3554, 13.264], [-15.3551, 13.2672], [-15.3542, 13.2695], [-15.3527, 13.2711], [-15.3531, 13.2729], [-15.3513, 13.2738], [-15.3504, 13.2762], [-15.3478, 13.2777], [-15.3469, 13.2791], [-15.3456, 13.2819], [-15.3434, 13.2842], [-15.3425, 13.2866], [-15.3404, 13.2898], [-15.3398, 13.2914], [-15.3392, 13.2937], [-15.3387, 13.295], [-15.3386, 13.2972], [-15.3389, 13.2998], [-15.3387, 13.302], [-15.3389, 13.3053], [-15.3387, 13.3077], [-15.3391, 13.3099], [-15.3393, 13.312], [-15.3393, 13.3145], [-15.3392, 13.3175], [-15.3394, 13.3211], [-15.3394, 13.3234], [-15.3394, 13.326], [-15.339, 13.3292], [-15.3392, 13.3317], [-15.3389, 13.3341], [-15.3391, 13.3379], [-15.3392, 13.3409], [-15.3389, 13.3446], [-15.3389, 13.348], [-15.3393, 13.3509], [-15.3396, 13.3547], [-15.3395, 13.3568], [-15.3391, 13.3602]]]}}, {"type": "Feature", "properties": {"code": "TC", "name": "Tambacounda", "region": "Tambacounda"}, "geometry": {"type": "Polygon", "coordinates": [[[-14.8336, 13.7695], [-14.8326, 13.7688], [-14.8297, 13.7674], [-14.8276, 13.7653], [-14.8251, 13.763], [-14.8229, 13.7606], [-14.8208, 13.7586], [-14.8176, 13.7572], [-14.8159, 13.7545], [-14.8144, 13.753], [-14.8126, 13.7517], [-14.8111, 13.7497], [-14.8097, 13.7477], [-14.8083, 13.7453], [-14.8067, 13.743], [-14.8055, 13.7404], [-14.8039, 13.7371], [-14.8034, 13.7353], [-14.8025, 13.7331], [-14.8017, 13.7314], [-14.801, 13.7299], [-14.7996, 13.7281], [-14.7989, 13.7265], [-14.7983, 13.7251], [-14.7974, 13.724], [-14.796, 13.7215], [-14.7958, 13.7194], [-14.7953, 13.7169], [-14.7944, 13.7147], [-14.7938, 13.712], [-14.7933, 13.7093], [-14.7924, 13.7071], [-14.7918, 13.7052], [-14.7914, 13.704], [-14.7913, 13.7019], [-14.7905, 13.7], [-14.7899, 13.6981], [-14.7897, 13.6968], [-14.7891, 13.6943], [-14.7887, 13.6909], [-14.7887, 13.6885], [-14.7885, 13.6852], [-14.7882, 13.6827], [-14.7878, 13.6797], [-14.7877, 13.678], [-14.7873, 13.676], [-14.7865, 13.6743], [-14.7864, 13.6725], [-14.7865, 13.6708], [-14.7859, 13.6694], [-14.7856, 13.6666], [-14.7854, 13.6642], [-14.7845, 13.6622], [-14.7843, 13.6589], [-14.784, 13.6562], [-14.7817, 13.6542], [-14.7793, 13.6533], [-14.7774, 13.6519], [-14.7736, 13.6504], [-14.7721, 13.6495], [-14.7702, 13.6484], [-14.7674, 13.6471], [-14.7651, 13.6457], [-14.7621, 13.6445], [-14.7602, 13.6438], [-14.7571, 13.6419], [-14.7558, 13.6412], [-14.7531, 13.6392], [-14.751, 13.6381], [-14.748, 13.6356], [-14.745, 13.6342], [-14.7418, 13.6333], [-14.7397, 13.6318], [-14.7391, 13.6311], [-14.7371, 13.6304], [-14.7358, 13.63], [-14.7346, 13.6288], [-14.7322, 13.6278], [-14.7297, 13.626], [-14.7266, 13.624], [-14.7248, 13.6231], [-14.7236, 13.6224], [-14.7227, 13.6222], [-14.7215, 13.6214], [-14.7201, 13.6204], [-14.7176, 13.6196], [-14.7164, 13.6185], [-14.7149, 13.618], [-14.7136, 13.6179], [-14.7119, 13.617], [-14.7099, 13.6168], [-14.7069, 13.6164], [-14.7034, 13.6173], [-14.7021, 13.6176], [-14.7005, 13.619], [-14.6983, 13.6207], [-14.6967, 13.622], [-14.696, 13.623], [-14.6933, 13.6247], [-14.6907, 13.6269], [-14.6881, 13.6284], [-14.6866, 13.6295], [-14.685, 13.6307], [-14.6838, 13.6312], [-14.6833, 13.6316], [-14.6814, 13.6323], [-14.6804, 13.6335], [-14.6795, 13.6341], [-14.6778, 13.6356], [-14.6751, 13.6371], [-14.6733, 13.6384], [-14.6705, 13.6396], [-14.6683, 13.6409], [-14.6649, 13.6431], [-14.6629, 13.6443], [-14.6602, 13.6459], [-14.6567, 13.6472], [-14.6542, 13.6483], [-14.6514, 13.6497], [-14.6484, 13.651], [-14.6462, 13.6523], [-14.644, 13.6543], [-14.6418, 13.6549], [-14.6392, 13.6552], [-14.6363, 13.6561], [-14.6335, 13.6565], [-14.6318, 13.657], [-14.6309, 13.6572], [-14.629, 13.6576], [-14.6273, 13.658], [-14.6242, 13.6586], [-14.6212, 13.6589], [-14.6187, 13.659], [-14.6155, 13.6589], [-14.614, 13.6593], [-14.6119, 13.659], [-14.6092, 13.6589], [-14.6063, 13.659], [-14.605, 13.6586], [-14.6044, 13.6588], [-14.6033, 13.6583], [-14.6019, 13.6587], [-14.6, 13.6582], [-14.5985, 13.6583], [-14.5967, 13.6585], [-14.5946, 13.6581], [-14.5908, 13.6582], [-14.5886, 13.6574], [-14.5856, 13.6573], [-14.5836, 13.6574], [-14.5815, 13.6572], [-14.5783, 13.6566], [-14.5753, 13.656], [-14.5726, 13.6553], [-14.5684, 13.6545], [-14.5669, 13.6544], [-14.5612, 13.6538], [-14.5593, 13.6533], [-14.5577, 13.6531], [-14.5548, 13.6524], [-14.553, 13.6521], [-14.5529, 13.6517], [-14.5506, 13.6515], [-14.5497, 13.6505], [-14.5486, 13.65], [-14.5466, 13.6492], [-14.5445, 13.6479], [-14.5419, 13.6469], [-14.5383, 13.6455], [-14.5376, 13.6449], [-14.5359, 13.6443], [-14.5337, 13.6436], [-14.5316, 13.6423], [-14.528, 13.6403], [-14.5249, 13.6381], [-14.5211, 13.6363], [-14.5193, 13.635], [-14.518, 13.6342], [-14.5166, 13.6331], [-14.5141, 13.632], [-14.5114, 13.6304], [-14.5099, 13.6292], [-14.5076, 13.6278], [-14.5046, 13.6254], [-14.5029, 13.6231], [-14.5013, 13.6214], [-14.4997, 13.6197], [-14.4981, 13.6177], [-14.4965, 13.6163], [-14.4946, 13.6144], [-14.4927, 13.6125], [-14.491, 13.6098], [-14.4879, 13.607], [-14.4875, 13.6054], [-14.4861, 13.6029], [-14.4849, 13.6009], [-14.4838, 13.5988], [-14.4834, 13.5978], [-14.4827, 13.5971], [-14.4824, 13.5961], [-14.4811, 13.5939], [-14.4807, 13.593], [-14.4803, 13.5927], [-14.4788, 13.5907], [-14.4784, 13.5884], [-14.4777, 13.5873], [-14.4768, 13.5862], [-14.4762, 13.5844], [-14.4749, 13.5814], [-14.474, 13.5792], [-14.4736, 13.5775], [-14.4733, 13.576], [-14.4725, 13.5737], [-14.4716, 13.5713], [-14.4713, 13.5684], [-14.4706, 13.5663], [-14.4699, 13.5629], [-14.4699, 13.5612], [-14.4696, 13.5578], [-14.4693, 13.5561], [-14.4691, 13.553], [-14.4687, 13.5506], [-14.4683, 13.5495], [-14.4687, 13.5471], [-14.4689, 13.5445], [-14.4686, 13.5422], [-14.4682, 13.5413], [-14.4659, 13.5398], [-14.4624, 13.5384], [-14.4606, 13.5372], [-14.4573, 13.5355], [-14.4546, 13.5339], [-14.4511, 13.5307], [-14.4494, 13.5295], [-14.4473, 13.5283], [-14.4461, 13.5271], [-14.4448, 13.5256], [-14.4434, 13.5248], [-14.4412, 13.5225], [-14.4394, 13.5202], [-14.4361, 13.5183], [-14.4344, 13.5162], [-14.4326, 13.5133], [-14.4317, 13.5111], [-14.4308, 13.5093], [-14.4302, 13.5082], [-14.4288, 13.5063], [-14.4279, 13.5053], [-14.4273, 13.5046], [-14.4264, 13.5036], [-14.4242, 13.5025], [-14.4211, 13.5016], [-14.4179, 13.5002], [-14.4161, 13.4996], [-14.4126, 13.4978], [-14.4101, 13.4968], [-14.408, 13.4958], [-14.4061, 13.4948], [-14.4041, 13.4939], [-14.4016, 13.4927], [-14.3998, 13.4919], [-14.3971, 13.4908], [-14.3942, 13.4899], [-14.3914, 13.4889], [-14.3883, 13.4868], [-14.3863, 13.485], [-14.384, 13.4834], [-14.3813, 13.4816], [-14.3784, 13.4805], [-14.3769, 13.4793], [-14.376, 13.478], [-14.3759, 13.4777], [-14.3742, 13.4771], [-14.3736, 13.4756], [-14.373, 13.4743], [-14.3721, 13.4734], [-14.3714, 13.4729], [-14.3698, 13.4716], [-14.3685, 13.471], [-14.3672, 13.4705], [-14.3665, 13.4704], [-14.3647, 13.4701], [-14.3638, 13.4699], [-14.3622, 13.4701], [-14.361, 13.4699], [-14.3594, 13.4698], [-14.3566, 13.4699], [-14.3554, 13.4698], [-14.3538, 13.4695], [-14.3521, 13.4689], [-14.3501, 13.4689], [-14.3487, 13.4683], [-14.347, 13.4673], [-14.3443, 13.4668], [-14.3417, 13.4664], [-14.3399, 13.4658], [-14.3381, 13.4649], [-14.337, 13.4646], [-14.3362, 13.4642], [-14.3347, 13.4638], [-14.3318, 13.4625], [-14.33, 13.4617], [-14.3291, 13.4607], [-14.3279, 13.46], [-14.3261, 13.4598], [-14.3252, 13.4592], [-14.3243, 13.4587], [-14.3234, 13.4581], [-14.3221, 13.4577], [-14.3209, 13.4572], [-14.3197, 13.4577], [-14.3189, 13.4584], [-14.3177, 13.459], [-14.3162, 13.4596], [-14.3148, 13.4602], [-14.3134, 13.461], [-14.3118, 13.4614], [-14.3104, 13.4624], [-14.3087, 13.4629], [-14.307, 13.4636], [-14.304, 13.4649], [-14.303, 13.4652], [-14.2997, 13.4666], [-14.2969, 13.4674], [-14.2962, 13.4675], [-14.2953, 13.4679], [-14.2945, 13.4685], [-14.2915, 13.4693], [-14.2893, 13.4697], [-14.2866, 13.4706], [-14.2845, 13.4711], [-14.2815, 13.4717], [-14.2792, 13.4723], [-14.276, 13.4734], [-14.2739, 13.4739], [-14.2705, 13.4746], [-14.2678, 13.4751], [-14.265, 13.4758], [-14.2625, 13.4762], [-14.2606, 13.4764], [-14.2578, 13.4769], [-14.2552, 13.477], [-14.2521, 13.4767], [-14.2497, 13.4767], [-14.248, 13.4766], [-14.2459, 13.4765], [-14.2445, 13.4762], [-14.243, 13.4763], [-14.2421, 13.4762], [-14.2411, 13.4763], [-14.2404, 13.4764], [-14.2393, 13.4763], [-14.2392, 13.4768], [-14.2381, 13.4769], [-14.2372, 13.478], [-14.2366, 13.4792], [-14.2359, 13.4801], [-14.2345, 13.4818], [-14.2332, 13.4833], [-14.2318, 13.485], [-14.2311, 13.486], [-14.2301, 13.4878], [-14.229, 13.4887], [-14.2276, 13.4902], [-14.2262, 13.4913], [-14.225, 13.4926], [-14.224, 13.4933], [-14.2225, 13.4947], [-14.2212, 13.496], [-14.2197, 13.4976], [-14.2186, 13.4989], [-14.2168, 13.5006], [-14.2149, 13.5021], [-14.2141, 13.5035], [-14.2122, 13.5047], [-14.2104, 13.5062], [-14.209, 13.5076], [-14.2068, 13.5087], [-14.2047, 13.5101], [-14.2021, 13.5121], [-14.2001, 13.5139], [-14.1966, 13.5162], [-14.1941, 13.5183], [-14.1926, 13.5192], [-14.1901, 13.5206], [-14.1884, 13.5215], [-14.1869, 13.5227], [-14.1849, 13.5242], [-14.1819, 13.5259], [-14.1729, 13.5304], [-14.1728, 13.5305], [-14.1718, 13.5313], [-14.1706, 13.5321], [-14.1699, 13.5325], [-14.1684, 13.5333], [-14.1656, 13.5339], [-14.1638, 13.5344], [-14.1629, 13.5351], [-14.1615, 13.5355], [-14.1594, 13.5363], [-14.1569, 13.5366], [-14.1557, 13.5371], [-14.1541, 13.5383], [-14.1526, 13.5385], [-14.1502, 13.5393], [-14.1483, 13.5391], [-14.1458, 13.5395], [-14.1437, 13.5391], [-14.1418, 13.5393], [-14.1405, 13.5397], [-14.1381, 13.5399], [-14.1367, 13.5399], [-14.1341, 13.5407], [-14.1328, 13.5411], [-14.1307, 13.5428], [-14.1301, 13.5432], [-14.1284, 13.5436], [-14.1271, 13.544], [-14.1248, 13.5444], [-14.1209, 13.5452], [-14.1186, 13.5463], [-14.1165, 13.5489], [-14.1135, 13.5496], [-14.1109, 13.5504], [-14.1082, 13.5506], [-14.1061, 13.5516], [-14.1035, 13.5522], [-14.1014, 13.5535], [-14.0992, 13.5541], [-14.0965, 13.5541], [-14.0929, 13.5555], [-14.0899, 13.5563], [-14.088, 13.5565], [-14.0859, 13.5569], [-14.0833, 13.5569], [-14.0801, 13.5567], [-14.0778, 13.5569], [-14.0763, 13.5573], [-14.0744, 13.5586], [-14.0723, 13.5573], [-14.0706, 13.5569], [-14.0687, 13.5567], [-14.0636, 13.5556], [-14.0592, 13.5546], [-14.0591, 13.5546], [-14.0589, 13.5546], [-14.0587, 13.5545], [-14.0543, 13.5523], [-14.0525, 13.5524], [-14.05, 13.5525], [-14.0476, 13.5527], [-14.0411, 13.5532], [-14.0395, 13.5532], [-14.037, 13.5535], [-14.0325, 13.5535], [-14.0307, 13.5536], [-14.0279, 13.5535], [-14.0247, 13.5545], [-14.0229, 13.556], [-14.0221, 13.5563], [-14.0204, 13.5572], [-14.0183, 13.5586], [-14.0163, 13.5602], [-14.0144, 13.5612], [-14.0127, 13.562], [-14.0108, 13.5636], [-14.0092, 13.5646], [-14.0073, 13.5658], [-14.005, 13.5664], [-14.0033, 13.5682], [-14.0021, 13.5684], [-14.0002, 13.5698], [-14.0008, 13.5705], [-13.9986, 13.5733], [-13.9958, 13.575], [-13.9928, 13.5764], [-13.9898, 13.5768], [-13.9866, 13.5777], [-13.9837, 13.5784], [-13.9804, 13.5797], [-13.9775, 13.5805], [-13.9738, 13.5808], [-13.9707, 13.5809], [-13.9675, 13.5808], [-13.9636, 13.5802], [-13.9606, 13.5796], [-13.9588, 13.5788], [-13.9562, 13.578], [-13.9548, 13.5775], [-13.9521, 13.5761], [-13.9479, 13.5738], [-13.9461, 13.5715], [-13.9414, 13.5715], [-13.9384, 13.5695], [-13.9368, 13.5686], [-13.9336, 13.5674], [-13.9203, 13.563], [-13.9043, 13.5631], [-13.9, 13.5623], [-13.8953, 13.5594], [-13.8952, 13.5594], [-13.8929, 13.558], [-13.8912, 13.557], [-13.8876, 13.5549], [-13.884, 13.5499], [-13.8835, 13.5492], [-13.8853, 13.5464], [-13.8837, 13.5442], [-13.8813, 13.5417], [-13.8784, 13.5391], [-13.8764, 13.5362], [-13.8757, 13.5348], [-13.8749, 13.5327], [-13.8736, 13.5297], [-13.8716, 13.5262], [-13.8709, 13.5247], [-13.869, 13.5212], [-13.8679, 13.5198], [-13.8664, 13.518], [-13.8647, 13.5161], [-13.8626, 13.5135], [-13.8619, 13.5125], [-13.8608, 13.5113], [-13.8607, 13.5112], [-13.8605, 13.5109], [-13.8586, 13.511], [-13.8575, 13.5111], [-13.8564, 13.5112], [-13.8551, 13.5111], [-13.854, 13.511], [-13.8525, 13.511], [-13.8513, 13.5104], [-13.85, 13.5101], [-13.8487, 13.5096], [-13.8471, 13.5087], [-13.8459, 13.5082], [-13.8421, 13.5072], [-13.8391, 13.506], [-13.8373, 13.505], [-13.8353, 13.505], [-13.8338, 13.5046], [-13.8324, 13.5037], [-13.8316, 13.5041], [-13.8306, 13.506], [-13.8305, 13.5064], [-13.8299, 13.5086], [-13.8303, 13.5102], [-13.8306, 13.511], [-13.8317, 13.5137], [-13.8323, 13.5162], [-13.8327, 13.5182], [-13.8324, 13.5215], [-13.8321, 13.5239], [-13.8315, 13.5252], [-13.8313, 13.5262], [-13.831, 13.5269], [-13.8301, 13.5282], [-13.8295, 13.5288], [-13.8289, 13.5294], [-13.8256, 13.5343], [-13.8247, 13.5361], [-13.8237, 13.5392], [-13.8236, 13.5397], [-13.8234, 13.5412], [-13.8233, 13.5427], [-13.8223, 13.5461], [-13.8206, 13.5472], [-13.8178, 13.5472], [-13.8138, 13.5457], [-13.8107, 13.5443], [-13.8076, 13.5431], [-13.8065, 13.5427], [-13.8049, 13.5425], [-13.8025, 13.5423], [-13.7996, 13.5423], [-13.7972, 13.5428], [-13.7937, 13.5446], [-13.7904, 13.5449], [-13.7881, 13.5439], [-13.7879, 13.5422], [-13.7883, 13.5396], [-13.789, 13.5383], [-13.79, 13.5367], [-13.7913, 13.5353], [-13.7926, 13.5336], [-13.7943, 13.532], [-13.7955, 13.5302], [-13.7964, 13.5286], [-13.7981, 13.5255], [-13.7993, 13.5232], [-13.8007, 13.5198], [-13.8003, 13.5173], [-13.8001, 13.5145], [-13.8, 13.5122], [-13.7996, 13.5078], [-13.7996, 13.5058], [-13.8002, 13.504], [-13.8013, 13.5015], [-13.8026, 13.5], [-13.8034, 13.4983], [-13.8044, 13.4967], [-13.8061, 13.4932], [-13.8073, 13.4894], [-13.8079, 13.4869], [-13.8092, 13.4833], [-13.8091, 13.478], [-13.8078, 13.4748], [-13.8071, 13.4714], [-13.805, 13.4685], [-13.8014, 13.466], [-13.7962, 13.4661], [-13.7952, 13.4654], [-13.7926, 13.4664], [-13.7915, 13.467], [-13.79, 13.4686], [-13.788, 13.4702], [-13.7862, 13.4721], [-13.7845, 13.4745], [-13.7817, 13.4772], [-13.7802, 13.4787], [-13.7776, 13.4811], [-13.7769, 13.4814], [-13.7763, 13.4818], [-13.7753, 13.4824], [-13.7738, 13.4832], [-13.7724, 13.4846], [-13.7698, 13.4846], [-13.7686, 13.4851], [-13.7657, 13.4846], [-13.7613, 13.4836], [-13.7587, 13.4827], [-13.7554, 13.4824], [-13.7533, 13.4813], [-13.7502, 13.4809], [-13.7473, 13.4794], [-13.745, 13.4796], [-13.7421, 13.4777], [-13.7393, 13.476], [-13.7371, 13.4753], [-13.7342, 13.4744], [-13.7314, 13.4733], [-13.7285, 13.4724], [-13.726, 13.4703], [-13.7249, 13.4699], [-13.7239, 13.4692], [-13.7227, 13.4684], [-13.7216, 13.4681], [-13.7193, 13.4675], [-13.7183, 13.4665], [-13.7181, 13.4657], [-13.7184, 13.4645], [-13.7186, 13.4632], [-13.719, 13.4619], [-13.7191, 13.4614], [-13.7204, 13.4592], [-13.7222, 13.4574], [-13.7234, 13.4573], [-13.725, 13.4563], [-13.7266, 13.4549], [-13.7281, 13.4536], [-13.7295, 13.4531], [-13.7328, 13.4506], [-13.7332, 13.4503], [-13.7339, 13.4498], [-13.7359, 13.4499], [-13.7381, 13.4489], [-13.7402, 13.4465], [-13.7433, 13.4448], [-13.7467, 13.4447], [-13.7504, 13.4414], [-13.7523, 13.44], [-13.7537, 13.4393], [-13.7547, 13.4374], [-13.7567, 13.4357], [-13.7577, 13.4345], [-13.7583, 13.4333], [-13.7584, 13.4318], [-13.7583, 13.4308], [-13.7582, 13.4291], [-13.7581, 13.4276], [-13.7578, 13.4267], [-13.7576, 13.4249], [-13.757, 13.4237], [-13.7565, 13.423], [-13.7549, 13.4191], [-13.7531, 13.417], [-13.752, 13.4163], [-13.7506, 13.4157], [-13.7497, 13.4141], [-13.7494, 13.4121], [-13.7489, 13.4086], [-13.7489, 13.4062], [-13.7488, 13.4045], [-13.7497, 13.4029], [-13.7509, 13.4007], [-13.7524, 13.3983], [-13.7545, 13.3956], [-13.7564, 13.3931], [-13.758, 13.3911], [-13.7595, 13.3894], [-13.7619, 13.3873], [-13.7631, 13.3861], [-13.7649, 13.3847], [-13.7668, 13.3833], [-13.7681, 13.3821], [-13.7698, 13.3811], [-13.7723, 13.3793], [-13.7732, 13.3786], [-13.7737, 13.3781], [-13.7743, 13.3768], [-13.7741, 13.3742], [-13.7726, 13.3729], [-13.7704, 13.3725], [-13.7666, 13.3717], [-13.7636, 13.3714], [-13.761, 13.3717], [-13.7584, 13.3716], [-13.7561, 13.3724], [-13.7533, 13.3718], [-13.7512, 13.3724], [-13.7474, 13.3716], [-13.7454, 13.3714], [-13.7431, 13.3708], [-13.7383, 13.3718], [-13.734, 13.3727], [-13.7294, 13.3747], [-13.7247, 13.3749], [-13.7216, 13.3755], [-13.718, 13.376], [-13.7138, 13.3776], [-13.7116, 13.3784], [-13.7086, 13.3794], [-13.704, 13.3798], [-13.6996, 13.3816], [-13.6966, 13.3824], [-13.6934, 13.3834], [-13.6927, 13.3831], [-13.6896, 13.3835], [-13.69, 13.3822], [-13.6868, 13.3832], [-13.6849, 13.3831], [-13.6832, 13.383], [-13.6816, 13.3833], [-13.6788, 13.383], [-13.6772, 13.3831], [-13.6749, 13.3834], [-13.6741, 13.3821], [-13.6731, 13.3808], [-13.6727, 13.38], [-13.6723, 13.377], [-13.6724, 13.3755], [-13.6733, 13.3742], [-13.6743, 13.3722], [-13.6777, 13.3714], [-13.6809, 13.3698], [-13.6831, 13.3689], [-13.6836, 13.3676], [-13.6855, 13.3659], [-13.6879, 13.3641], [-13.6888, 13.361], [-13.6909, 13.3571], [-13.6924, 13.3554], [-13.6959, 13.3534], [-13.6975, 13.3507], [-13.6988, 13.3495], [-13.7011, 13.3473], [-13.7023, 13.3456], [-13.7041, 13.3435], [-13.7042, 13.341], [-13.7042, 13.3394], [-13.7035, 13.3371], [-13.7021, 13.3343], [-13.699, 13.3323], [-13.6934, 13.3337], [-13.686, 13.3366], [-13.6788, 13.3397], [-13.675, 13.3402], [-13.6727, 13.3427], [-13.6711, 13.3427], [-13.6691, 13.3421], [-13.6672, 13.3421], [-13.6651, 13.3418], [-13.6644, 13.3418], [-13.6641, 13.3394], [-13.6643, 13.3383], [-13.6648, 13.3361], [-13.6655, 13.3336], [-13.6664, 13.3317], [-13.6682, 13.3273], [-13.6683, 13.3273], [-13.6686, 13.3267], [-13.6692, 13.3254], [-13.671, 13.3233], [-13.6727, 13.3184], [-13.6743, 13.3153], [-13.6759, 13.313], [-13.6782, 13.3088], [-13.6797, 13.3068], [-13.6817, 13.3053], [-13.6849, 13.3048], [-13.6865, 13.3025], [-13.6878, 13.3016], [-13.6892, 13.2996], [-13.6893, 13.2982], [-13.6894, 13.2951], [-13.6894, 13.2946], [-13.6896, 13.2907], [-13.6874, 13.2876], [-13.6843, 13.2829], [-13.6829, 13.2814], [-13.6793, 13.2774], [-13.6752, 13.2756], [-13.6715, 13.2761], [-13.6667, 13.2777], [-13.658, 13.2803], [-13.6557, 13.281], [-13.6524, 13.2819], [-13.6501, 13.2805], [-13.6484, 13.2801], [-13.6428, 13.2771], [-13.6414, 13.2761], [-13.641, 13.2745], [-13.6403, 13.2727], [-13.6406, 13.2696], [-13.6409, 13.2688], [-13.6415, 13.2676], [-13.6421, 13.2663], [-13.6429, 13.2643], [-13.6437, 13.2625], [-13.6442, 13.261], [-13.6449, 13.259], [-13.6455, 13.2573], [-13.6456, 13.2545], [-13.6459, 13.2528], [-13.6459, 13.2508], [-13.6458, 13.2491], [-13.6453, 13.2477], [-13.6433, 13.244], [-13.6386, 13.242], [-13.6355, 13.2415], [-13.6324, 13.2409], [-13.6303, 13.2411], [-13.6284, 13.2408], [-13.6273, 13.2415], [-13.6257, 13.2419], [-13.6249, 13.2421], [-13.6236, 13.2425], [-13.6215, 13.2435], [-13.6199, 13.2446], [-13.619, 13.2457], [-13.6175, 13.2461], [-13.6167, 13.2463], [-13.6153, 13.2462], [-13.6149, 13.2454], [-13.6145, 13.2446], [-13.6146, 13.2432], [-13.6146, 13.2426], [-13.6145, 13.2418], [-13.6141, 13.2408], [-13.6134, 13.2403], [-13.6127, 13.2399], [-13.6123, 13.2393], [-13.6111, 13.2383], [-13.611, 13.2381], [-13.6093, 13.2387], [-13.6088, 13.2378], [-13.6086, 13.2376], [-13.6081, 13.2354], [-13.6076, 13.2328], [-13.6089, 13.2318], [-13.6092, 13.2321], [-13.6096, 13.2327], [-13.6106, 13.2325], [-13.6115, 13.2294], [-13.6116, 13.2278], [-13.6101, 13.2225], [-13.6082, 13.2207], [-13.6074, 13.2213], [-13.6066, 13.2215], [-13.6053, 13.2216], [-13.6042, 13.2204], [-13.6035, 13.2197], [-13.6033, 13.2186], [-13.6026, 13.2172], [-13.6019, 13.2149], [-13.6019, 13.2136], [-13.6018, 13.2124], [-13.6019, 13.2105], [-13.6026, 13.2082], [-13.6041, 13.2081], [-13.6048, 13.2081], [-13.606, 13.2079], [-13.6072, 13.2077], [-13.609, 13.2076], [-13.6124, 13.2064], [-13.6135, 13.2057], [-13.6145, 13.2037], [-13.6156, 13.2016], [-13.6151, 13.1993], [-13.6122, 13.2], [-13.61, 13.2003], [-13.6085, 13.1998], [-13.6071, 13.1996], [-13.6064, 13.1992], [-13.606, 13.1992], [-13.6065, 13.1967], [-13.6066, 13.196], [-13.6067, 13.1943], [-13.6076, 13.1923], [-13.6068, 13.1909], [-13.6061, 13.1908], [-13.6057, 13.1909], [-13.6055, 13.1909], [-13.606, 13.1895], [-13.6076, 13.1856], [-13.6085, 13.1854], [-13.6089, 13.1855], [-13.6116, 13.1862], [-13.6132, 13.1848], [-13.6136, 13.183], [-13.6151, 13.182], [-13.6152, 13.1812], [-13.614, 13.1788], [-13.6143, 13.1782], [-13.6152, 13.1769], [-13.6159, 13.1767], [-13.616, 13.1742], [-13.6167, 13.1731], [-13.6161, 13.1717], [-13.6152, 13.1706], [-13.6144, 13.169], [-13.6131, 13.1686], [-13.6124, 13.1687], [-13.6116, 13.1691], [-13.6108, 13.1691], [-13.6101, 13.1694], [-13.6099, 13.1692], [-13.6101, 13.1681], [-13.6109, 13.1674], [-13.6114, 13.167], [-13.6119, 13.1663], [-13.6124, 13.1652], [-13.6121, 13.164], [-13.6121, 13.1627], [-13.6114, 13.1617], [-13.6107, 13.1605], [-13.6099, 13.1593], [-13.6095, 13.1589], [-13.6085, 13.1589], [-13.6077, 13.1591], [-13.6071, 13.1593], [-13.6062, 13.1595], [-13.6055, 13.1595], [-13.6051, 13.1585], [-13.6042, 13.1579], [-13.6037, 13.1576], [-13.6026, 13.1559], [-13.6031, 13.1549], [-13.6034, 13.1544], [-13.6048, 13.1525], [-13.6052, 13.1521], [-13.6055, 13.1518], [-13.6065, 13.152], [-13.6076, 13.1542], [-13.6079, 13.1549], [-13.6083, 13.156], [-13.6091, 13.1568], [-13.6097, 13.1569], [-13.6106, 13.1569], [-13.6117, 13.1566], [-13.612, 13.1557], [-13.6121, 13.1547], [-13.6122, 13.1533], [-13.6124, 13.152], [-13.6125, 13.1507], [-13.6127, 13.1497], [-13.6133, 13.1488], [-13.6138, 13.148], [-13.6128, 13.1463], [-13.6118, 13.1463], [-13.6106, 13.1464], [-13.6101, 13.1466], [-13.6093, 13.1469], [-13.6079, 13.1474], [-13.6073, 13.1464], [-13.6075, 13.1457], [-13.6087, 13.1445], [-13.6094, 13.1444], [-13.6113, 13.1436], [-13.6132, 13.1432], [-13.614, 13.1429], [-13.6146, 13.1426], [-13.6156, 13.1418], [-13.6162, 13.1413], [-13.6166, 13.1393], [-13.616, 13.1371], [-13.6166, 13.135], [-13.6171, 13.1342], [-13.6175, 13.1332], [-13.6174, 13.1323], [-13.617, 13.1318], [-13.6154, 13.1319], [-13.6148, 13.1319], [-13.6131, 13.1318], [-13.6121, 13.1323], [-13.6112, 13.1335], [-13.6108, 13.1341], [-13.6093, 13.134], [-13.6087, 13.1328], [-13.6079, 13.1307], [-13.6074, 13.13], [-13.6063, 13.1298], [-13.6055, 13.1294], [-13.6043, 13.1289], [-13.6041, 13.1288], [-13.6026, 13.13], [-13.6023, 13.1304], [-13.6021, 13.1308], [-13.6022, 13.131], [-13.6019, 13.1313], [-13.6012, 13.1312], [-13.6004, 13.1313], [-13.5995, 13.1308], [-13.5984, 13.1306], [-13.597, 13.1308], [-13.5964, 13.1308], [-13.5954, 13.1309], [-13.5953, 13.1308], [-13.5948, 13.131], [-13.5942, 13.1306], [-13.5941, 13.1295], [-13.5945, 13.1291], [-13.5947, 13.129], [-13.5951, 13.1291], [-13.5957, 13.1291], [-13.5962, 13.1291], [-13.5969, 13.1295], [-13.5985, 13.1291], [-13.5989, 13.1287], [-13.5993, 13.1274], [-13.5994, 13.1269], [-13.5995, 13.1256], [-13.5994, 13.1243], [-13.5992, 13.1223], [-13.5993, 13.1201], [-13.5992, 13.1189], [-13.5991, 13.1168], [-13.5997, 13.1149], [-13.5999, 13.1136], [-13.5997, 13.112], [-13.598, 13.1112], [-13.5962, 13.1099], [-13.5952, 13.1096], [-13.5934, 13.1082], [-13.5928, 13.1079], [-13.5922, 13.1072], [-13.5907, 13.1056], [-13.5897, 13.1052], [-13.5883, 13.1054], [-13.5877, 13.107], [-13.5873, 13.1075], [-13.5867, 13.1077], [-13.585, 13.1069], [-13.5843, 13.1053], [-13.5847, 13.1042], [-13.5854, 13.1034], [-13.5861, 13.1026], [-13.5863, 13.1017], [-13.5858, 13.1001], [-13.5845, 13.0987], [-13.5838, 13.0966], [-13.5825, 13.0959], [-13.5827, 13.0944], [-13.583, 13.0942], [-13.5833, 13.094], [-13.5838, 13.0939], [-13.5842, 13.092], [-13.5846, 13.0917], [-13.5849, 13.0912], [-13.5849, 13.0902], [-13.5846, 13.0898], [-13.5835, 13.088], [-13.5838, 13.0874], [-13.5836, 13.0863], [-13.5832, 13.0851], [-13.583, 13.0845], [-13.5818, 13.0841], [-13.5805, 13.0841], [-13.5796, 13.0848], [-13.5788, 13.0854], [-13.5788, 13.0862], [-13.5786, 13.0865], [-13.5783, 13.0874], [-13.578, 13.0886], [-13.5776, 13.0894], [-13.5771, 13.0903], [-13.5765, 13.0906], [-13.5754, 13.0914], [-13.5746, 13.0918], [-13.5742, 13.0915], [-13.5742, 13.0904], [-13.5745, 13.0891], [-13.574, 13.0871], [-13.5727, 13.0866], [-13.5722, 13.0855], [-13.5727, 13.0848], [-13.5735, 13.0829], [-13.5738, 13.0816], [-13.5742, 13.0815], [-13.5757, 13.0815], [-13.5774, 13.081], [-13.5777, 13.0806], [-13.5783, 13.08], [-13.5783, 13.0797], [-13.5786, 13.0786], [-13.5788, 13.0778], [-13.5784, 13.0765], [-13.5781, 13.0756], [-13.5782, 13.0739], [-13.5785, 13.0731], [-13.5784, 13.072], [-13.5785, 13.0711], [-13.5786, 13.0699], [-13.5781, 13.0687], [-13.5778, 13.0678], [-13.5768, 13.0667], [-13.5759, 13.0658], [-13.5745, 13.0649], [-13.5728, 13.0644], [-13.5704, 13.0637], [-13.569, 13.0626], [-13.5682, 13.0628], [-13.5678, 13.0631], [-13.5674, 13.0636], [-13.5667, 13.0646], [-13.5663, 13.0649], [-13.5655, 13.0664], [-13.5653, 13.0673], [-13.5649, 13.0682], [-13.5648, 13.0693], [-13.5648, 13.0704], [-13.5638, 13.0709], [-13.5626, 13.071], [-13.5609, 13.0707], [-13.5604, 13.0715], [-13.5604, 13.0724], [-13.56, 13.0744], [-13.5599, 13.0745], [-13.5586, 13.0753], [-13.5579, 13.0751], [-13.5573, 13.0748], [-13.556, 13.0732], [-13.5555, 13.0726], [-13.5541, 13.0715], [-13.554, 13.0704], [-13.5535, 13.0702], [-13.5523, 13.0703], [-13.5516, 13.0702], [-13.5507, 13.0698], [-13.5507, 13.0689], [-13.5512, 13.068], [-13.5518, 13.0676], [-13.5529, 13.0667], [-13.5534, 13.0661], [-13.5536, 13.0652], [-13.5541, 13.0642], [-13.5551, 13.0632], [-13.5565, 13.0621], [-13.5572, 13.061], [-13.5573, 13.0603], [-13.5575, 13.0594], [-13.5577, 13.0584], [-13.5575, 13.0573], [-13.557, 13.0573], [-13.5562, 13.057], [-13.556, 13.0559], [-13.5562, 13.0548], [-13.5562, 13.0541], [-13.5562, 13.0533], [-13.5562, 13.0521], [-13.5554, 13.0517], [-13.5541, 13.0514], [-13.5532, 13.0515], [-13.5524, 13.0517], [-13.5512, 13.052], [-13.5506, 13.053], [-13.5503, 13.0536], [-13.5499, 13.0543], [-13.5489, 13.0548], [-13.5479, 13.055], [-13.5465, 13.0544], [-13.5457, 13.0541], [-13.5448, 13.0534], [-13.5436, 13.0526], [-13.5432, 13.0518], [-13.5425, 13.0512], [-13.5424, 13.0515], [-13.5417, 13.0495], [-13.542, 13.0488], [-13.5424, 13.0482], [-13.5427, 13.0481], [-13.544, 13.0493], [-13.5446, 13.0493], [-13.5453, 13.0489], [-13.5459, 13.0472], [-13.5458, 13.0469], [-13.5459, 13.046], [-13.5461, 13.0448], [-13.5459, 13.0433], [-13.5459, 13.0424], [-13.5452, 13.0412], [-13.5446, 13.0406], [-13.5429, 13.0398], [-13.5428, 13.0399], [-13.541, 13.0389], [-13.5397, 13.038], [-13.5392, 13.0377], [-13.538, 13.0371], [-13.537, 13.0366], [-13.5362, 13.036], [-13.5359, 13.0355], [-13.5354, 13.0346], [-13.5349, 13.034], [-13.535, 13.0338], [-13.5341, 13.0345], [-13.5332, 13.0352], [-13.5323, 13.0355], [-13.5316, 13.0352], [-13.5311, 13.035], [-13.5301, 13.0343], [-13.5292, 13.0342], [-13.5283, 13.0347], [-13.5276, 13.0354], [-13.5267, 13.0359], [-13.5264, 13.0359], [-13.5258, 13.0361], [-13.525, 13.0362], [-13.524, 13.0363], [-13.5233, 13.0363], [-13.5221, 13.0362], [-13.5217, 13.0361], [-13.521, 13.0356], [-13.5209, 13.0342], [-13.5207, 13.0327], [-13.5206, 13.0316], [-13.5205, 13.0297], [-13.521, 13.0278], [-13.5221, 13.026], [-13.5234, 13.0257], [-13.525, 13.0253], [-13.5261, 13.0253], [-13.527, 13.0253], [-13.5276, 13.0252], [-13.5286, 13.0249], [-13.5289, 13.0244], [-13.5294, 13.023], [-13.5294, 13.022], [-13.5293, 13.0209], [-13.5299, 13.0202], [-13.5303, 13.0194], [-13.5306, 13.018], [-13.5312, 13.0171], [-13.5316, 13.0151], [-13.532, 13.0149], [-13.5323, 13.0145], [-13.5335, 13.0135], [-13.5343, 13.0128], [-13.5347, 13.011], [-13.5342, 13.0076], [-13.5333, 13.0059], [-13.5332, 13.0059], [-13.5319, 13.0049], [-13.5311, 13.005], [-13.529, 13.0059], [-13.5269, 13.0073], [-13.5235, 13.0084], [-13.5223, 13.009], [-13.5209, 13.0102], [-13.5201, 13.0115], [-13.5201, 13.014], [-13.5183, 13.0149], [-13.5166, 13.0161], [-13.5141, 13.0158], [-13.5126, 13.0147], [-13.5111, 13.0131], [-13.509, 13.0111], [-13.5067, 13.0081], [-13.5048, 13.006], [-13.5021, 13.0046], [-13.5019, 13.0026], [-13.5017, 13.0004], [-13.5016, 12.9995], [-13.5016, 12.9992], [-13.5015, 12.9987], [-13.5013, 12.9984], [-13.5027, 12.9963], [-13.5036, 12.9956], [-13.5044, 12.9941], [-13.5052, 12.9935], [-13.5064, 12.9921], [-13.5076, 12.9909], [-13.509, 12.9901], [-13.51, 12.9897], [-13.5108, 12.9887], [-13.5106, 12.9885], [-13.5104, 12.988], [-13.5094, 12.9863], [-13.509, 12.9852], [-13.5084, 12.9847], [-13.5068, 12.9833], [-13.5056, 12.9823], [-13.5045, 12.9808], [-13.5039, 12.98], [-13.5037, 12.9799], [-13.5038, 12.9792], [-13.5038, 12.9791], [-13.5039, 12.9787], [-13.5039, 12.9786], [-13.5038, 12.9775], [-13.5046, 12.9762], [-13.5045, 12.9759], [-13.5045, 12.9752], [-13.5046, 12.9748], [-13.5044, 12.9726], [-13.5044, 12.9721], [-13.5039, 12.9712], [-13.5026, 12.9704], [-13.5004, 12.9704], [-13.499, 12.9723], [-13.498, 12.9734], [-13.4969, 12.974], [-13.4959, 12.9742], [-13.495, 12.974], [-13.4942, 12.9735], [-13.494, 12.9735], [-13.4934, 12.9722], [-13.4933, 12.9717], [-13.4932, 12.9715], [-13.4932, 12.9705], [-13.4935, 12.969], [-13.4942, 12.9668], [-13.4944, 12.9669], [-13.4952, 12.9647], [-13.4961, 12.964], [-13.4977, 12.9631], [-13.4993, 12.9627], [-13.4997, 12.9628], [-13.5011, 12.9625], [-13.5025, 12.9626], [-13.504, 12.962], [-13.5058, 12.9619], [-13.5067, 12.9618], [-13.5075, 12.9615], [-13.5082, 12.961], [-13.5103, 12.9582], [-13.5109, 12.9563], [-13.5117, 12.9562], [-13.5119, 12.9562], [-13.5127, 12.9542], [-13.5138, 12.954], [-13.5144, 12.9539], [-13.5148, 12.9529], [-13.514, 12.9519], [-13.5136, 12.951], [-13.5126, 12.9498], [-13.5116, 12.9477], [-13.5114, 12.9473], [-13.5102, 12.9458], [-13.5061, 12.9451], [-13.5048, 12.9453], [-13.5037, 12.9456], [-13.5024, 12.9456], [-13.5015, 12.9456], [-13.5009, 12.9456], [-13.5014, 12.9463], [-13.5016, 12.9484], [-13.5014, 12.9488], [-13.501, 12.9504], [-13.5004, 12.9505], [-13.4997, 12.9509], [-13.499, 12.9513], [-13.4988, 12.9513], [-13.498, 12.9508], [-13.4979, 12.9507], [-13.4967, 12.9496], [-13.4956, 12.9485], [-13.4953, 12.9481], [-13.4945, 12.9471], [-13.4937, 12.9456], [-13.493, 12.945], [-13.4929, 12.9442], [-13.4925, 12.9427], [-13.4925, 12.9414], [-13.493, 12.9396], [-13.4942, 12.9383], [-13.4944, 12.9376], [-13.4957, 12.9365], [-13.496, 12.9355], [-13.4962, 12.9352], [-13.4967, 12.9349], [-13.4976, 12.9331], [-13.4981, 12.9318], [-13.4987, 12.9314], [-13.5, 12.9293], [-13.5006, 12.9294], [-13.5015, 12.9295], [-13.502, 12.9297], [-13.5031, 12.9297], [-13.5039, 12.9302], [-13.5053, 12.9299], [-13.5064, 12.9298], [-13.5064, 12.9293], [-13.5062, 12.9287], [-13.5063, 12.9288], [-13.5063, 12.9286], [-13.5058, 12.9272], [-13.5058, 12.927], [-13.5053, 12.9265], [-13.505, 12.926], [-13.5049, 12.926], [-13.5045, 12.9251], [-13.5035, 12.9246], [-13.503, 12.9241], [-13.502, 12.9228], [-13.5013, 12.9214], [-13.501, 12.9203], [-13.5004, 12.9195], [-13.5003, 12.9188], [-13.5004, 12.9175], [-13.5004, 12.9174], [-13.5005, 12.917], [-13.5004, 12.9148], [-13.5003, 12.9144], [-13.5006, 12.9133], [-13.5007, 12.9129], [-13.4999, 12.9113], [-13.4988, 12.9109], [-13.4976, 12.9107], [-13.4963, 12.9106], [-13.4953, 12.9104], [-13.4945, 12.9103], [-13.4939, 12.9103], [-13.4929, 12.9097], [-13.4923, 12.9095], [-13.4913, 12.9092], [-13.4906, 12.9089], [-13.4901, 12.9081], [-13.4896, 12.9079], [-13.4894, 12.9068], [-13.4888, 12.9058], [-13.4871, 12.9051], [-13.4861, 12.9046], [-13.4848, 12.9025], [-13.4846, 12.9023], [-13.4844, 12.9022], [-13.4832, 12.9015], [-13.4818, 12.9003], [-13.4808, 12.8998], [-13.4794, 12.8993], [-13.4788, 12.8988], [-13.4786, 12.8985], [-13.478, 12.8985], [-13.4772, 12.8986], [-13.4765, 12.8987], [-13.4761, 12.8987], [-13.4749, 12.899], [-13.4735, 12.8995], [-13.4723, 12.8997], [-13.4716, 12.8997], [-13.4711, 12.9001], [-13.4706, 12.9011], [-13.4683, 12.8997], [-13.4678, 12.8996], [-13.4653, 12.8988], [-13.4639, 12.8978], [-13.4634, 12.8976], [-13.4634, 12.8973], [-13.4634, 12.8968], [-13.4633, 12.8949], [-13.4631, 12.8926], [-13.464, 12.8904], [-13.4645, 12.889], [-13.4645, 12.8885], [-13.4651, 12.8869], [-13.466, 12.8854], [-13.466, 12.8853], [-13.4666, 12.8838], [-13.4671, 12.8832], [-13.467, 12.8824], [-13.4669, 12.8821], [-13.4667, 12.8821], [-13.4649, 12.881], [-13.463, 12.8797], [-13.4623, 12.8789], [-13.4621, 12.8787], [-13.4632, 12.877], [-13.4638, 12.876], [-13.4648, 12.8754], [-13.4661, 12.8755], [-13.4678, 12.8752], [-13.4686, 12.8756], [-13.4696, 12.8756], [-13.4704, 12.8757], [-13.4716, 12.8757], [-13.4723, 12.8762], [-13.4734, 12.8764], [-13.4739, 12.8762], [-13.4739, 12.8756], [-13.4736, 12.875], [-13.4733, 12.8745], [-13.473, 12.8743], [-13.4726, 12.8738], [-13.4723, 12.8736], [-13.4717, 12.8732], [-13.4709, 12.8729], [-13.4708, 12.8729], [-13.4701, 12.8728], [-13.4693, 12.8725], [-13.4692, 12.8725], [-13.4681, 12.8718], [-13.4675, 12.8713], [-13.4665, 12.8708], [-13.4656, 12.8701], [-13.465, 12.8698], [-13.4643, 12.8697], [-13.4636, 12.8689], [-13.463, 12.8679], [-13.4623, 12.8672], [-13.4617, 12.8666], [-13.4608, 12.8655], [-13.4606, 12.8655], [-13.4597, 12.8646], [-13.4592, 12.8637], [-13.458, 12.8631], [-13.4576, 12.8624], [-13.4561, 12.861], [-13.4554, 12.8604], [-13.4551, 12.8598], [-13.4547, 12.8593], [-13.4546, 12.8592], [-13.4546, 12.8591], [-13.4546, 12.8588], [-13.4545, 12.8587], [-13.4543, 12.8584], [-13.4542, 12.8572], [-13.4537, 12.8564], [-13.4528, 12.8551], [-13.4521, 12.8541], [-13.4521, 12.8537], [-13.4519, 12.8532], [-13.4516, 12.8525], [-13.4513, 12.8515], [-13.4512, 12.8506], [-13.4511, 12.8504], [-13.4516, 12.8489], [-13.4523, 12.8479], [-13.4533, 12.8472], [-13.4541, 12.8465], [-13.4556, 12.8453], [-13.4571, 12.8448], [-13.4576, 12.8434], [-13.4589, 12.8431], [-13.4588, 12.8443], [-13.4594, 12.845], [-13.4603, 12.8457], [-13.4613, 12.8463], [-13.4622, 12.8462], [-13.4631, 12.848], [-13.464, 12.8488], [-13.4648, 12.8491], [-13.4654, 12.8497], [-13.4666, 12.8503], [-13.468, 12.8502], [-13.4702, 12.851], [-13.4716, 12.8515], [-13.4727, 12.8524], [-13.4737, 12.8525], [-13.4749, 12.8523], [-13.4756, 12.8524], [-13.4773, 12.8527], [-13.478, 12.8517], [-13.478, 12.8512], [-13.4782, 12.851], [-13.4782, 12.8506], [-13.4782, 12.8502], [-13.4781, 12.8499], [-13.4776, 12.8488], [-13.477, 12.8486], [-13.4763, 12.8488], [-13.4757, 12.8486], [-13.4749, 12.8483], [-13.4733, 12.8485], [-13.4716, 12.848], [-13.4705, 12.8475], [-13.4699, 12.8474], [-13.4694, 12.8473], [-13.4688, 12.8474], [-13.4681, 12.8464], [-13.4678, 12.846], [-13.4676, 12.8458], [-13.4672, 12.8452], [-13.4667, 12.8444], [-13.4665, 12.8442], [-13.4663, 12.8428], [-13.4665, 12.8422], [-13.4664, 12.8411], [-13.4663, 12.8405], [-13.4661, 12.8381], [-13.4662, 12.838], [-13.4659, 12.8362], [-13.4656, 12.8343], [-13.4654, 12.8328], [-13.4656, 12.8318], [-13.4661, 12.8307], [-13.4659, 12.8308], [-13.4669, 12.83], [-13.4681, 12.8297], [-13.4691, 12.8292], [-13.4699, 12.8288], [-13.4705, 12.8285], [-13.471, 12.8275], [-13.4716, 12.827], [-13.4721, 12.8268], [-13.4726, 12.8265], [-13.473, 12.8263], [-13.474, 12.826], [-13.4747, 12.826], [-13.475, 12.8256], [-13.4752, 12.8254], [-13.4756, 12.8252], [-13.4759, 12.8251], [-13.4762, 12.8249], [-13.4766, 12.8246], [-13.477, 12.8245], [-13.4776, 12.8245], [-13.4782, 12.8242], [-13.4783, 12.8225], [-13.4784, 12.8205], [-13.478, 12.8187], [-13.4776, 12.8173], [-13.477, 12.8164], [-13.4765, 12.8156], [-13.4761, 12.8143], [-13.4759, 12.8128], [-13.476, 12.8118], [-13.476, 12.8115], [-13.4755, 12.81], [-13.4754, 12.8086], [-13.4746, 12.8071], [-13.4743, 12.8067], [-13.474, 12.8067], [-13.4739, 12.8066], [-13.4726, 12.8051], [-13.4721, 12.8051], [-13.4716, 12.805], [-13.4713, 12.805], [-13.4695, 12.8046], [-13.468, 12.8047], [-13.4678, 12.8047], [-13.4675, 12.8046], [-13.4665, 12.8044], [-13.4659, 12.8046], [-13.4649, 12.8047], [-13.4643, 12.8045], [-13.4634, 12.8047], [-13.4633, 12.8047], [-13.4626, 12.8045], [-13.4621, 12.8045], [-13.4616, 12.8046], [-13.4614, 12.8047], [-13.4608, 12.8025], [-13.4608, 12.8022], [-13.4607, 12.8016], [-13.4607, 12.8012], [-13.4605, 12.7998], [-13.4605, 12.7994], [-13.4606, 12.7986], [-13.4606, 12.7983], [-13.4607, 12.7971], [-13.4607, 12.7968], [-13.4613, 12.7962], [-13.4615, 12.7952], [-13.462, 12.7941], [-13.4627, 12.7929], [-13.4631, 12.7927], [-13.4645, 12.7916], [-13.4652, 12.7907], [-13.4654, 12.7899], [-13.466, 12.7885], [-13.4666, 12.7875], [-13.4666, 12.7864], [-13.4666, 12.7861], [-13.4669, 12.7851], [-13.4669, 12.7848], [-13.4669, 12.7844], [-13.4672, 12.7841], [-13.4674, 12.7837], [-13.4682, 12.7831], [-13.4683, 12.7829], [-13.4683, 12.7826], [-13.4684, 12.7825], [-13.4685, 12.7823], [-13.4694, 12.7822], [-13.4695, 12.7813], [-13.4697, 12.7812], [-13.4696, 12.7809], [-13.4695, 12.7806], [-13.4699, 12.7803], [-13.4699, 12.7799], [-13.4699, 12.7794], [-13.4696, 12.7791], [-13.4693, 12.7791], [-13.4681, 12.7803], [-13.4679, 12.7804], [-13.4665, 12.7817], [-13.4665, 12.7818], [-13.4661, 12.7823], [-13.466, 12.7826], [-13.4654, 12.7829], [-13.4653, 12.784], [-13.464, 12.7848], [-13.4637, 12.785], [-13.4634, 12.7851], [-13.4631, 12.7851], [-13.4628, 12.785], [-13.4619, 12.7846], [-13.4617, 12.7838], [-13.4616, 12.782], [-13.4614, 12.7802], [-13.4613, 12.7791], [-13.4609, 12.7777], [-13.4602, 12.7762], [-13.4602, 12.7764], [-13.4597, 12.774], [-13.4593, 12.7733], [-13.459, 12.773], [-13.4586, 12.7712], [-13.4586, 12.7694], [-13.4584, 12.7686], [-13.459, 12.7674], [-13.4591, 12.767], [-13.4597, 12.7665], [-13.4598, 12.7662], [-13.4603, 12.7659], [-13.4605, 12.7653], [-13.461, 12.7649], [-13.4613, 12.7644], [-13.4616, 12.7638], [-13.462, 12.763], [-13.4619, 12.7623], [-13.4622, 12.7608], [-13.4623, 12.7608], [-13.4623, 12.7608], [-13.4625, 12.7608], [-13.4623, 12.7607], [-13.4623, 12.7607], [-13.4623, 12.7606], [-13.4623, 12.7606], [-13.4622, 12.76], [-13.4622, 12.7597], [-13.4618, 12.7585], [-13.4617, 12.7578], [-13.4616, 12.7577], [-13.4613, 12.7571], [-13.4612, 12.7556], [-13.4609, 12.7544], [-13.4606, 12.754], [-13.4605, 12.7539], [-13.4604, 12.7531], [-13.4602, 12.7526], [-13.4597, 12.7517], [-13.459, 12.7505], [-13.4589, 12.7501], [-13.459, 12.7493], [-13.4592, 12.749], [-13.4596, 12.7488], [-13.4602, 12.7486], [-13.4604, 12.7486], [-13.4611, 12.7486], [-13.4617, 12.7489], [-13.4621, 12.7491], [-13.4629, 12.7495], [-13.4634, 12.7497], [-13.4639, 12.7502], [-13.4646, 12.7506], [-13.466, 12.7508], [-13.4663, 12.7492], [-13.4666, 12.7473], [-13.4666, 12.7471], [-13.4669, 12.7463], [-13.4672, 12.7457], [-13.4675, 12.7453], [-13.4678, 12.7451], [-13.4684, 12.7451], [-13.4687, 12.7448], [-13.4687, 12.7443], [-13.4684, 12.7437], [-13.4679, 12.743], [-13.4677, 12.7422], [-13.4677, 12.7421], [-13.4674, 12.7418], [-13.4668, 12.7418], [-13.4661, 12.742], [-13.4655, 12.7421], [-13.465, 12.7423], [-13.4646, 12.743], [-13.4645, 12.7442], [-13.4642, 12.7453], [-13.4633, 12.746], [-13.4624, 12.7471], [-13.4612, 12.747], [-13.4599, 12.746], [-13.4593, 12.7446], [-13.4586, 12.7442], [-13.4588, 12.7437], [-13.4583, 12.7433], [-13.4579, 12.7428], [-13.4585, 12.7416], [-13.4587, 12.7402], [-13.4588, 12.7394], [-13.4594, 12.7389], [-13.4601, 12.7381], [-13.4607, 12.7372], [-13.4608, 12.7359], [-13.4611, 12.7351], [-13.4612, 12.7347], [-13.461, 12.7345], [-13.4608, 12.7339], [-13.4606, 12.7333], [-13.4604, 12.733], [-13.4602, 12.7321], [-13.4598, 12.7314], [-13.4594, 12.7307], [-13.459, 12.7299], [-13.459, 12.7298], [-13.459, 12.7285], [-13.4586, 12.7274], [-13.4592, 12.7251], [-13.4591, 12.7248], [-13.4588, 12.7243], [-13.4595, 12.7236], [-13.4596, 12.7232], [-13.4607, 12.7221], [-13.4613, 12.7213], [-13.4622, 12.7212], [-13.4629, 12.7207], [-13.4633, 12.7206], [-13.4637, 12.7199], [-13.4645, 12.7197], [-13.4652, 12.7192], [-13.4658, 12.7188], [-13.4659, 12.7184], [-13.4659, 12.7176], [-13.4658, 12.7172], [-13.4656, 12.7162], [-13.4654, 12.7156], [-13.4652, 12.7153], [-13.4647, 12.7139], [-13.4642, 12.7132], [-13.4638, 12.7116], [-13.4637, 12.7105], [-13.4635, 12.7097], [-13.463, 12.7091], [-13.4626, 12.7084], [-13.4622, 12.7079], [-13.4622, 12.7076], [-13.4622, 12.7073], [-13.4623, 12.7061], [-13.4626, 12.7053], [-13.4638, 12.7056], [-13.4636, 12.704], [-13.464, 12.7038], [-13.4648, 12.7049], [-13.4661, 12.7045], [-13.4668, 12.7048], [-13.467, 12.7033], [-13.4675, 12.7029], [-13.4678, 12.7022], [-13.4681, 12.7018], [-13.4683, 12.7007], [-13.4687, 12.6999], [-13.469, 12.699], [-13.4691, 12.6986], [-13.4693, 12.6981], [-13.4698, 12.6972], [-13.4695, 12.6963], [-13.4695, 12.696], [-13.4688, 12.696], [-13.4682, 12.6964], [-13.468, 12.6967], [-13.4668, 12.697], [-13.4663, 12.6972], [-13.4653, 12.6977], [-13.4645, 12.6977], [-13.4637, 12.6962], [-13.4633, 12.6953], [-13.4634, 12.6943], [-13.464, 12.6941], [-13.4655, 12.6929], [-13.4661, 12.6922], [-13.4676, 12.6915], [-13.4688, 12.6908], [-13.4698, 12.6903], [-13.4711, 12.6894], [-13.4716, 12.6877], [-13.4726, 12.686], [-13.4731, 12.685], [-13.4736, 12.6843], [-13.4743, 12.6832], [-13.4754, 12.6822], [-13.4765, 12.6817], [-13.4777, 12.6814], [-13.4791, 12.681], [-13.4798, 12.6802], [-13.4806, 12.6809], [-13.481, 12.6797], [-13.4816, 12.679], [-13.4822, 12.6785], [-13.4832, 12.6777], [-13.4837, 12.6774], [-13.484, 12.6771], [-13.4845, 12.6761], [-13.4849, 12.6754], [-13.485, 12.6753], [-13.4852, 12.6745], [-13.4734, 12.6732], [-13.4617, 12.6717], [-13.4445, 12.6699], [-13.43, 12.6683], [-13.4136, 12.6666], [-13.4006, 12.6652], [-13.38, 12.6627], [-13.3759, 12.6622], [-13.372, 12.6615], [-13.3657, 12.6612], [-13.3591, 12.6602], [-13.3527, 12.6597], [-13.3486, 12.6592], [-13.3478, 12.6592], [-13.3464, 12.6576], [-13.3446, 12.6536], [-13.3424, 12.6518], [-13.3407, 12.6513], [-13.3377, 12.6514], [-13.3373, 12.6538], [-13.3354, 12.6575], [-13.3304, 12.6567], [-13.3304, 12.6562], [-13.3306, 12.6539], [-13.3331, 12.6489], [-13.3337, 12.6462], [-13.3336, 12.6461], [-13.3303, 12.6435], [-13.3276, 12.6435], [-13.3227, 12.6421], [-13.3197, 12.6419], [-13.3159, 12.6424], [-13.3122, 12.644], [-13.309, 12.644], [-13.3053, 12.644], [-13.3, 12.645], [-13.2944, 12.6453], [-13.2906, 12.6454], [-13.2886, 12.6458], [-13.2885, 12.6458], [-13.289, 12.6477], [-13.2896, 12.6496], [-13.2919, 12.653], [-13.2921, 12.6533], [-13.2896, 12.655], [-13.2859, 12.6561], [-13.2823, 12.6574], [-13.2752, 12.6563], [-13.2725, 12.6557], [-13.2676, 12.6525], [-13.2653, 12.6531], [-13.2625, 12.6536], [-13.2583, 12.6536], [-13.2547, 12.6536], [-13.2507, 12.6518], [-13.2483, 12.6484], [-13.2452, 12.648], [-13.2429, 12.6494], [-13.2404, 12.6509], [-13.2381, 12.652], [-13.2348, 12.6507], [-13.2339, 12.6476], [-13.2302, 12.6444], [-13.2274, 12.6426], [-13.2255, 12.6434], [-13.2237, 12.6442], [-13.2218, 12.6458], [-13.22, 12.6497], [-13.2184, 12.6525], [-13.2148, 12.6525], [-13.2121, 12.6511], [-13.2078, 12.6547], [-13.2028, 12.6542], [-13.2016, 12.6518], [-13.2016, 12.6514], [-13.2018, 12.6478], [-13.2027, 12.6446], [-13.2001, 12.6446], [-13.1972, 12.6448], [-13.1952, 12.6427], [-13.1936, 12.6422], [-13.1899, 12.6408], [-13.1878, 12.6396], [-13.1853, 12.6385], [-13.1841, 12.6363], [-13.1813, 12.6348], [-13.1795, 12.6325], [-13.1778, 12.6299], [-13.1759, 12.6322], [-13.1733, 12.635], [-13.1731, 12.6372], [-13.1717, 12.6396], [-13.1702, 12.6411], [-13.1674, 12.6397], [-13.1657, 12.638], [-13.1633, 12.6387], [-13.1609, 12.638], [-13.159, 12.6375], [-13.1589, 12.6375], [-13.1594, 12.6398], [-13.1598, 12.6419], [-13.1599, 12.6422], [-13.1582, 12.6441], [-13.1559, 12.6443], [-13.1513, 12.6423], [-13.148, 12.6422], [-13.146, 12.642], [-13.1427, 12.6409], [-13.1416, 12.6395], [-13.1396, 12.6365], [-13.1386, 12.6363], [-13.1386, 12.6363], [-13.1387, 12.6388], [-13.1387, 12.6392], [-13.138, 12.6439], [-13.1367, 12.6454], [-13.1348, 12.6452], [-13.1315, 12.642], [-13.1288, 12.6398], [-13.1258, 12.6395], [-13.1252, 12.6402], [-13.124, 12.6408], [-13.1233, 12.6411], [-13.1231, 12.6412], [-13.1224, 12.6417], [-13.1222, 12.6424], [-13.122, 12.6431], [-13.1216, 12.6437], [-13.1211, 12.6451], [-13.121, 12.6459], [-13.1204, 12.6482], [-13.1204, 12.6488], [-13.1202, 12.6509], [-13.1201, 12.6521], [-13.12, 12.6536], [-13.1199, 12.6552], [-13.1199, 12.6563], [-13.1197, 12.6574], [-13.1197, 12.6585], [-13.1196, 12.6597], [-13.1196, 12.6598], [-13.1195, 12.6614], [-13.1193, 12.6623], [-13.1192, 12.6635], [-13.1188, 12.6647], [-13.1188, 12.6652], [-13.1184, 12.6668], [-13.1184, 12.6678], [-13.1182, 12.6692], [-13.1182, 12.6705], [-13.1179, 12.672], [-13.1179, 12.6726], [-13.1178, 12.674], [-13.1177, 12.6749], [-13.1173, 12.6759], [-13.1172, 12.6771], [-13.1169, 12.6787], [-13.1166, 12.6796], [-13.1163, 12.6798], [-13.1154, 12.6807], [-13.1147, 12.6812], [-13.1141, 12.682], [-13.1127, 12.6825], [-13.1114, 12.6831], [-13.1103, 12.6842], [-13.1091, 12.6844], [-13.108, 12.6847], [-13.107, 12.6851], [-13.1058, 12.6862], [-13.1053, 12.6865], [-13.1041, 12.6875], [-13.1037, 12.6883], [-13.103, 12.689], [-13.1019, 12.6901], [-13.1013, 12.691], [-13.1008, 12.6917], [-13.0994, 12.6937], [-13.098, 12.695], [-13.0968, 12.6962], [-13.0954, 12.6976], [-13.0946, 12.6985], [-13.0936, 12.6993], [-13.0927, 12.7009], [-13.0919, 12.7012], [-13.0911, 12.7021], [-13.0902, 12.7024], [-13.0904, 12.7037], [-13.0909, 12.7041], [-13.0912, 12.7047], [-13.0917, 12.7054], [-13.0921, 12.7061], [-13.0926, 12.7066], [-13.0933, 12.7076], [-13.0934, 12.7076], [-13.0946, 12.7084], [-13.0954, 12.7091], [-13.0961, 12.7101], [-13.0968, 12.7111], [-13.0977, 12.7121], [-13.0984, 12.7123], [-13.0991, 12.7127], [-13.1003, 12.714], [-13.1006, 12.7143], [-13.1012, 12.7154], [-13.1016, 12.716], [-13.1025, 12.7168], [-13.1032, 12.7176], [-13.1035, 12.718], [-13.1045, 12.719], [-13.1053, 12.7203], [-13.1056, 12.721], [-13.1062, 12.7228], [-13.1065, 12.7237], [-13.1067, 12.7249], [-13.107, 12.7265], [-13.1072, 12.7271], [-13.1074, 12.7278], [-13.1073, 12.7292], [-13.1078, 12.7307], [-13.1083, 12.7321], [-13.1088, 12.7334], [-13.1092, 12.7349], [-13.1094, 12.7357], [-13.11, 12.7367], [-13.1101, 12.7368], [-13.1102, 12.7381], [-13.1105, 12.739], [-13.1105, 12.7396], [-13.1103, 12.7416], [-13.1113, 12.7417], [-13.1121, 12.7423], [-13.1129, 12.7436], [-13.1131, 12.7438], [-13.1134, 12.7444], [-13.1136, 12.7449], [-13.1137, 12.746], [-13.1137, 12.7462], [-13.1135, 12.7471], [-13.1137, 12.748], [-13.114, 12.7499], [-13.1141, 12.7504], [-13.1144, 12.7517], [-13.1144, 12.7519], [-13.1145, 12.7523], [-13.1147, 12.7535], [-13.1149, 12.7542], [-13.1151, 12.7553], [-13.1154, 12.756], [-13.1156, 12.7566], [-13.1157, 12.7573], [-13.1158, 12.758], [-13.1159, 12.759], [-13.116, 12.7597], [-13.1164, 12.7603], [-13.1164, 12.761], [-13.1164, 12.7619], [-13.1163, 12.7624], [-13.1163, 12.7635], [-13.1164, 12.764], [-13.1167, 12.7643], [-13.1171, 12.7646], [-13.1174, 12.765], [-13.1174, 12.7653], [-13.1167, 12.7663], [-13.1164, 12.7668], [-13.1155, 12.7678], [-13.1152, 12.7681], [-13.115, 12.7695], [-13.1145, 12.7702], [-13.114, 12.7716], [-13.1144, 12.7723], [-13.115, 12.7726], [-13.1164, 12.7745], [-13.1167, 12.7752], [-13.1173, 12.7759], [-13.1177, 12.7771], [-13.1179, 12.7782], [-13.1177, 12.779], [-13.1172, 12.7794], [-13.1164, 12.78], [-13.1153, 12.7804], [-13.1147, 12.7812], [-13.1137, 12.7822], [-13.1135, 12.783], [-13.1128, 12.7838], [-13.1128, 12.7847], [-13.1128, 12.7854], [-13.113, 12.786], [-13.113, 12.7867], [-13.1131, 12.7879], [-13.113, 12.7881], [-13.1122, 12.7887], [-13.112, 12.7886], [-13.1113, 12.7884], [-13.1108, 12.7891], [-13.1103, 12.7892], [-13.11, 12.7901], [-13.11, 12.7903], [-13.11, 12.7904], [-13.1095, 12.791], [-13.1092, 12.7918], [-13.1086, 12.7931], [-13.1084, 12.793], [-13.1075, 12.7929], [-13.1073, 12.7929], [-13.1062, 12.793], [-13.1052, 12.7936], [-13.1045, 12.7941], [-13.1045, 12.7941], [-13.1041, 12.7943], [-13.104, 12.7945], [-13.1036, 12.7947], [-13.1033, 12.7949], [-13.1026, 12.7954], [-13.1022, 12.7957], [-13.1018, 12.7962], [-13.1016, 12.7968], [-13.1017, 12.7972], [-13.1025, 12.7978], [-13.1029, 12.7987], [-13.1034, 12.7998], [-13.1041, 12.8], [-13.105, 12.8005], [-13.1059, 12.8014], [-13.1069, 12.802], [-13.1076, 12.8023], [-13.1081, 12.8032], [-13.1084, 12.8035], [-13.1088, 12.8041], [-13.1092, 12.8045], [-13.1095, 12.8053], [-13.1096, 12.8065], [-13.1095, 12.8075], [-13.1089, 12.8083], [-13.1081, 12.8083], [-13.1074, 12.8088], [-13.1066, 12.8093], [-13.1055, 12.8092], [-13.1045, 12.8093], [-13.1038, 12.8094], [-13.1029, 12.8095], [-13.102, 12.8099], [-13.1011, 12.81], [-13.1002, 12.8101], [-13.0993, 12.8105], [-13.0987, 12.811], [-13.0977, 12.8113], [-13.0973, 12.8118], [-13.0971, 12.8127], [-13.0971, 12.8131], [-13.0971, 12.8141], [-13.0972, 12.8148], [-13.0973, 12.816], [-13.0974, 12.8172], [-13.0978, 12.8184], [-13.098, 12.8189], [-13.0986, 12.8195], [-13.0991, 12.8202], [-13.0993, 12.8206], [-13.0995, 12.8208], [-13.0995, 12.8209], [-13.0995, 12.8222], [-13.1008, 12.8241], [-13.1013, 12.8247], [-13.1021, 12.8259], [-13.1023, 12.8259], [-13.1033, 12.8264], [-13.1039, 12.8265], [-13.1052, 12.8268], [-13.1056, 12.8268], [-13.1067, 12.8267], [-13.1075, 12.8266], [-13.1095, 12.8266], [-13.1106, 12.8265], [-13.1109, 12.8257], [-13.1125, 12.8259], [-13.1143, 12.8261], [-13.1164, 12.826], [-13.1181, 12.826], [-13.1193, 12.8261], [-13.1211, 12.8262], [-13.1228, 12.8261], [-13.124, 12.8258], [-13.1254, 12.826], [-13.1259, 12.8263], [-13.1263, 12.8267], [-13.1274, 12.8271], [-13.1289, 12.8282], [-13.13, 12.8291], [-13.1315, 12.8298], [-13.1335, 12.832], [-13.1339, 12.8321], [-13.1355, 12.8326], [-13.1363, 12.8328], [-13.137, 12.8333], [-13.1375, 12.8332], [-13.1391, 12.8335], [-13.1402, 12.8338], [-13.1417, 12.8338], [-13.1429, 12.8339], [-13.144, 12.8338], [-13.1452, 12.8337], [-13.1461, 12.8334], [-13.1476, 12.8332], [-13.148, 12.8333], [-13.1485, 12.8335], [-13.1491, 12.8347], [-13.1495, 12.8365], [-13.1498, 12.8371], [-13.1505, 12.8388], [-13.1511, 12.8396], [-13.1512, 12.8399], [-13.1504, 12.8407], [-13.1513, 12.8425], [-13.1517, 12.8443], [-13.1499, 12.8451], [-13.1483, 12.8464], [-13.1475, 12.8471], [-13.146, 12.8478], [-13.1452, 12.8491], [-13.1447, 12.8502], [-13.1437, 12.851], [-13.1417, 12.8514], [-13.1434, 12.853], [-13.1417, 12.8526], [-13.1416, 12.8531], [-13.1417, 12.8538], [-13.1417, 12.854], [-13.1427, 12.8555], [-13.1426, 12.8563], [-13.1436, 12.8572], [-13.1454, 12.8581], [-13.1468, 12.8586], [-13.1476, 12.86], [-13.1485, 12.8602], [-13.1489, 12.8605], [-13.1502, 12.8616], [-13.152, 12.8624], [-13.1554, 12.8637], [-13.1567, 12.8645], [-13.1579, 12.8648], [-13.1593, 12.8655], [-13.1605, 12.8664], [-13.1619, 12.8669], [-13.163, 12.8672], [-13.1639, 12.8673], [-13.1649, 12.8672], [-13.167, 12.8676], [-13.1698, 12.8687], [-13.1704, 12.8712], [-13.1707, 12.8723], [-13.1698, 12.8744], [-13.1693, 12.8764], [-13.1694, 12.8777], [-13.169, 12.8801], [-13.1682, 12.8833], [-13.1679, 12.8852], [-13.1676, 12.8857], [-13.1676, 12.8861], [-13.1677, 12.8867], [-13.1677, 12.887], [-13.1675, 12.8884], [-13.1676, 12.8892], [-13.1682, 12.8896], [-13.1688, 12.8901], [-13.1693, 12.8902], [-13.1701, 12.8908], [-13.1713, 12.8915], [-13.1721, 12.8918], [-13.1738, 12.8928], [-13.175, 12.893], [-13.1768, 12.894], [-13.177, 12.894], [-13.1785, 12.8947], [-13.1792, 12.8964], [-13.1785, 12.8967], [-13.1774, 12.8967], [-13.1768, 12.8968], [-13.1761, 12.8968], [-13.1746, 12.8965], [-13.1733, 12.896], [-13.1717, 12.8951], [-13.1712, 12.8946], [-13.169, 12.8944], [-13.1689, 12.8929], [-13.1673, 12.8933], [-13.1658, 12.8924], [-13.165, 12.8926], [-13.1644, 12.8921], [-13.164, 12.892], [-13.1621, 12.893], [-13.1614, 12.8928], [-13.1599, 12.8931], [-13.1582, 12.8942], [-13.1569, 12.8945], [-13.1563, 12.8951], [-13.156, 12.8958], [-13.1546, 12.8964], [-13.1539, 12.8983], [-13.1531, 12.8995], [-13.1527, 12.8997], [-13.152, 12.9014], [-13.1507, 12.9023], [-13.1509, 12.9045], [-13.1498, 12.9047], [-13.1496, 12.9049], [-13.1485, 12.9046], [-13.1475, 12.9054], [-13.147, 12.9061], [-13.1457, 12.9074], [-13.144, 12.9084], [-13.1433, 12.9094], [-13.1414, 12.9099], [-13.142, 12.9103], [-13.1415, 12.9102], [-13.1417, 12.9105], [-13.1407, 12.9108], [-13.141, 12.9113], [-13.1412, 12.9124], [-13.1417, 12.9139], [-13.1426, 12.9157], [-13.1429, 12.9168], [-13.1434, 12.9184], [-13.1434, 12.9197], [-13.1436, 12.9212], [-13.144, 12.9233], [-13.1441, 12.9255], [-13.1442, 12.9261], [-13.1442, 12.9267], [-13.1445, 12.9287], [-13.1446, 12.9287], [-13.1458, 12.9293], [-13.1467, 12.9297], [-13.1482, 12.9304], [-13.1492, 12.9309], [-13.1501, 12.9315], [-13.1515, 12.9321], [-13.1524, 12.9328], [-13.1527, 12.933], [-13.1528, 12.9331], [-13.1547, 12.9351], [-13.1548, 12.9351], [-13.1561, 12.9365], [-13.1566, 12.9371], [-13.158, 12.9385], [-13.1583, 12.9391], [-13.1584, 12.9393], [-13.1593, 12.941], [-13.16, 12.9419], [-13.1601, 12.9423], [-13.1612, 12.9439], [-13.1615, 12.9446], [-13.1619, 12.9461], [-13.1623, 12.9472], [-13.1624, 12.9495], [-13.1633, 12.9512], [-13.1639, 12.9535], [-13.1639, 12.9536], [-13.1637, 12.9545], [-13.1637, 12.9546], [-13.1639, 12.9552], [-13.1668, 12.9587], [-13.1669, 12.959], [-13.1674, 12.9591], [-13.1678, 12.9593], [-13.1697, 12.9611], [-13.1699, 12.9612], [-13.1711, 12.9623], [-13.1736, 12.9647], [-13.1747, 12.9659], [-13.1758, 12.9662], [-13.1775, 12.9683], [-13.178, 12.9689], [-13.1784, 12.969], [-13.1787, 12.9692], [-13.1798, 12.9697], [-13.1799, 12.9698], [-13.1805, 12.9702], [-13.1808, 12.9704], [-13.1812, 12.9705], [-13.1817, 12.9708], [-13.1819, 12.9708], [-13.1834, 12.9712], [-13.1843, 12.971], [-13.1853, 12.9706], [-13.1854, 12.9701], [-13.1854, 12.97], [-13.1867, 12.9689], [-13.1868, 12.9674], [-13.1875, 12.9671], [-13.1879, 12.9662], [-13.188, 12.9655], [-13.1889, 12.964], [-13.1903, 12.9659], [-13.1915, 12.97], [-13.1919, 12.9707], [-13.1925, 12.9729], [-13.1928, 12.9748], [-13.1932, 12.9765], [-13.1932, 12.9766], [-13.1935, 12.9777], [-13.1942, 12.9783], [-13.195, 12.9787], [-13.1951, 12.9789], [-13.1963, 12.9805], [-13.1969, 12.981], [-13.197, 12.981], [-13.198, 12.9823], [-13.199, 12.9837], [-13.2001, 12.9852], [-13.2003, 12.9853], [-13.2025, 12.9876], [-13.2036, 12.9882], [-13.2039, 12.9884], [-13.205, 12.9892], [-13.2055, 12.9898], [-13.2058, 12.9905], [-13.2063, 12.9908], [-13.207, 12.9921], [-13.2072, 12.9924], [-13.2074, 12.993], [-13.2074, 12.9937], [-13.2075, 12.994], [-13.2078, 12.9951], [-13.2079, 12.9955], [-13.2081, 12.9962], [-13.2081, 12.9964], [-13.2084, 12.9973], [-13.2085, 12.9974], [-13.2089, 12.9982], [-13.2089, 12.9985], [-13.209, 12.9987], [-13.2092, 12.9992], [-13.2093, 12.9997], [-13.2107, 13.0008], [-13.2116, 13.0015], [-13.2123, 13.0024], [-13.2123, 13.0035], [-13.2131, 13.0044], [-13.2138, 13.005], [-13.2157, 13.0061], [-13.2174, 13.0063], [-13.2194, 13.0062], [-13.2271, 13.0069], [-13.2355, 13.0092], [-13.2375, 13.0102], [-13.2386, 13.0108], [-13.2394, 13.0124], [-13.2396, 13.0133], [-13.2394, 13.0148], [-13.2387, 13.0164], [-13.2372, 13.0169], [-13.235, 13.0159], [-13.2337, 13.0152], [-13.2313, 13.0164], [-13.2288, 13.0182], [-13.226, 13.0208], [-13.2246, 13.0214], [-13.2234, 13.0221], [-13.2225, 13.0233], [-13.2218, 13.0241], [-13.2206, 13.0243], [-13.2185, 13.0241], [-13.2171, 13.0241], [-13.2156, 13.0251], [-13.2139, 13.0264], [-13.2127, 13.0279], [-13.2116, 13.0278], [-13.2109, 13.0284], [-13.2099, 13.0293], [-13.2098, 13.0302], [-13.21, 13.0309], [-13.2092, 13.0317], [-13.208, 13.0324], [-13.2069, 13.0332], [-13.2066, 13.0342], [-13.2076, 13.0351], [-13.2085, 13.0361], [-13.2092, 13.0373], [-13.2091, 13.0379], [-13.2082, 13.0385], [-13.2068, 13.0394], [-13.2065, 13.04], [-13.2073, 13.0412], [-13.2083, 13.0424], [-13.2094, 13.0437], [-13.2093, 13.0444], [-13.2089, 13.045], [-13.208, 13.0461], [-13.207, 13.0475], [-13.2071, 13.0484], [-13.2081, 13.0493], [-13.2088, 13.0499], [-13.2084, 13.0502], [-13.2073, 13.0504], [-13.2051, 13.0506], [-13.2037, 13.0509], [-13.2023, 13.0518], [-13.2015, 13.0513], [-13.2012, 13.0511], [-13.1991, 13.0503], [-13.1976, 13.0505], [-13.1964, 13.0508], [-13.1955, 13.0519], [-13.1949, 13.0528], [-13.1942, 13.054], [-13.1931, 13.0555], [-13.1911, 13.0565], [-13.1902, 13.0573], [-13.1896, 13.0583], [-13.1887, 13.0589], [-13.1882, 13.0597], [-13.1872, 13.0598], [-13.187, 13.0594], [-13.1869, 13.0587], [-13.1875, 13.0584], [-13.1885, 13.0577], [-13.1888, 13.0567], [-13.1882, 13.0556], [-13.1877, 13.0541], [-13.1866, 13.0532], [-13.1856, 13.0529], [-13.1841, 13.0531], [-13.1821, 13.0534], [-13.181, 13.0538], [-13.1801, 13.0543], [-13.1791, 13.055], [-13.179, 13.0558], [-13.1789, 13.0565], [-13.1792, 13.0572], [-13.1798, 13.0579], [-13.1798, 13.0584], [-13.1798, 13.0586], [-13.1791, 13.0592], [-13.1787, 13.0601], [-13.1782, 13.0609], [-13.1781, 13.0615], [-13.1781, 13.0622], [-13.1782, 13.0625], [-13.1774, 13.0626], [-13.177, 13.0621], [-13.176, 13.0621], [-13.1752, 13.0623], [-13.1741, 13.063], [-13.1727, 13.0644], [-13.1713, 13.0649], [-13.1704, 13.0647], [-13.1694, 13.0636], [-13.168, 13.0623], [-13.1662, 13.0603], [-13.1651, 13.0593], [-13.1641, 13.0578], [-13.1638, 13.0566], [-13.1646, 13.0556], [-13.1655, 13.0545], [-13.1666, 13.0534], [-13.168, 13.0523], [-13.1682, 13.0513], [-13.1672, 13.0505], [-13.1655, 13.0503], [-13.1635, 13.0502], [-13.1609, 13.0497], [-13.159, 13.0491], [-13.1574, 13.0492], [-13.1558, 13.0496], [-13.1547, 13.0504], [-13.1544, 13.051], [-13.1546, 13.0519], [-13.1546, 13.0526], [-13.1544, 13.0538], [-13.1537, 13.0546], [-13.1525, 13.0548], [-13.1508, 13.0546], [-13.1492, 13.0543], [-13.1482, 13.0535], [-13.147, 13.0523], [-13.145, 13.0501], [-13.144, 13.0495], [-13.1435, 13.0494], [-13.1427, 13.0492], [-13.1421, 13.0496], [-13.1415, 13.0504], [-13.1407, 13.0513], [-13.1395, 13.0525], [-13.1379, 13.0534], [-13.1368, 13.0542], [-13.1355, 13.0544], [-13.1338, 13.0542], [-13.1323, 13.0537], [-13.1306, 13.0533], [-13.1282, 13.0528], [-13.1263, 13.0523], [-13.1244, 13.051], [-13.1231, 13.05], [-13.1202, 13.0475], [-13.1183, 13.0462], [-13.1169, 13.0453], [-13.1154, 13.0448], [-13.114, 13.0446], [-13.1123, 13.0435], [-13.1104, 13.0429], [-13.1083, 13.0424], [-13.1055, 13.0421], [-13.1036, 13.0416], [-13.1019, 13.0407], [-13.1006, 13.0397], [-13.0997, 13.0386], [-13.0984, 13.0366], [-13.0976, 13.0358], [-13.096, 13.0348], [-13.0944, 13.034], [-13.093, 13.0334], [-13.0919, 13.0326], [-13.0911, 13.0316], [-13.0902, 13.0306], [-13.0894, 13.0298], [-13.0883, 13.0291], [-13.0876, 13.0287], [-13.0859, 13.0286], [-13.0849, 13.0288], [-13.0833, 13.0296], [-13.0819, 13.03], [-13.0802, 13.0308], [-13.0787, 13.0313], [-13.0781, 13.0319], [-13.0776, 13.0331], [-13.0768, 13.0344], [-13.0762, 13.0354], [-13.0751, 13.0367], [-13.0744, 13.0376], [-13.0734, 13.0387], [-13.0724, 13.0396], [-13.0711, 13.0407], [-13.0708, 13.0412], [-13.0708, 13.0421], [-13.0709, 13.0429], [-13.0709, 13.0441], [-13.0704, 13.0457], [-13.0697, 13.0467], [-13.0685, 13.048], [-13.0678, 13.0488], [-13.0672, 13.0501], [-13.0662, 13.0516], [-13.0655, 13.0523], [-13.0648, 13.0528], [-13.0628, 13.0529], [-13.0613, 13.0531], [-13.0605, 13.0531], [-13.0597, 13.0532], [-13.0591, 13.0539], [-13.0584, 13.0544], [-13.0577, 13.0548], [-13.0569, 13.0554], [-13.0561, 13.0558], [-13.055, 13.0568], [-13.0541, 13.0582], [-13.0536, 13.0588], [-13.0532, 13.0598], [-13.0532, 13.0606], [-13.0531, 13.0614], [-13.0526, 13.0628], [-13.0523, 13.0639], [-13.0517, 13.0645], [-13.0511, 13.0645], [-13.0501, 13.0644], [-13.0493, 13.0637], [-13.0486, 13.063], [-13.0482, 13.0622], [-13.0472, 13.0612], [-13.0463, 13.0599], [-13.0453, 13.0589], [-13.0442, 13.058], [-13.0439, 13.0577], [-13.0427, 13.0575], [-13.0419, 13.0577], [-13.0409, 13.0576], [-13.0402, 13.0577], [-13.0385, 13.0581], [-13.0374, 13.0581], [-13.0364, 13.0582], [-13.0349, 13.0582], [-13.034, 13.0577], [-13.032, 13.0576], [-13.0311, 13.0574], [-13.0296, 13.057], [-13.0283, 13.0568], [-13.0264, 13.0564], [-13.0244, 13.0563], [-13.0238, 13.0566], [-13.0234, 13.0568], [-13.0224, 13.0576], [-13.0217, 13.0589], [-13.0211, 13.06], [-13.0204, 13.0608], [-13.0199, 13.0621], [-13.0197, 13.063], [-13.0203, 13.0637], [-13.0207, 13.0641], [-13.0209, 13.0649], [-13.0212, 13.0653], [-13.0214, 13.0657], [-13.0217, 13.0662], [-13.0215, 13.0667], [-13.0206, 13.0674], [-13.0201, 13.0679], [-13.0192, 13.0679], [-13.0179, 13.0681], [-13.0171, 13.0675], [-13.0161, 13.0672], [-13.0154, 13.0675], [-13.0149, 13.068], [-13.0136, 13.0691], [-13.0128, 13.0697], [-13.0116, 13.0697], [-13.0104, 13.0699], [-13.0087, 13.0698], [-13.0068, 13.0696], [-13.0052, 13.0696], [-13.0041, 13.0699], [-13.0026, 13.0711], [-13.0016, 13.0721], [-13.0004, 13.0726], [-12.9984, 13.0751], [-12.9955, 13.0753], [-12.9929, 13.0774], [-12.9922, 13.0816], [-12.9903, 13.0822], [-12.9889, 13.0796], [-12.988, 13.078], [-12.9843, 13.0749], [-12.982, 13.0747], [-12.9797, 13.0747], [-12.9784, 13.076], [-12.9779, 13.077], [-12.9755, 13.0789], [-12.9741, 13.0775], [-12.9728, 13.0763], [-12.9717, 13.0748], [-12.9693, 13.0724], [-12.9683, 13.071], [-12.9666, 13.0693], [-12.9641, 13.0698], [-12.9632, 13.0709], [-12.9613, 13.0719], [-12.9592, 13.0758], [-12.9553, 13.0789], [-12.9531, 13.0803], [-12.9506, 13.0806], [-12.9492, 13.0782], [-12.9479, 13.0773], [-12.9473, 13.0762], [-12.9464, 13.0747], [-12.9452, 13.0737], [-12.9435, 13.0747], [-12.9402, 13.0751], [-12.9353, 13.0775], [-12.9327, 13.0804], [-12.9302, 13.0817], [-12.9295, 13.0795], [-12.931, 13.0782], [-12.9332, 13.0759], [-12.9355, 13.068], [-12.9357, 13.0659], [-12.9338, 13.0632], [-12.9298, 13.065], [-12.9262, 13.0648], [-12.9236, 13.0635], [-12.9203, 13.0598], [-12.9189, 13.0579], [-12.9177, 13.058], [-12.9141, 13.0592], [-12.915, 13.0561], [-12.916, 13.055], [-12.9162, 13.0526], [-12.9159, 13.0518], [-12.9154, 13.0498], [-12.9151, 13.0486], [-12.9144, 13.0461], [-12.9146, 13.0452], [-12.9125, 13.044], [-12.9101, 13.043], [-12.9085, 13.0435], [-12.9055, 13.0448], [-12.9037, 13.0491], [-12.9021, 13.0501], [-12.901, 13.0504], [-12.9005, 13.0501], [-12.8999, 13.0498], [-12.8935, 13.0464], [-12.8899, 13.044], [-12.8861, 13.0418], [-12.8825, 13.0393], [-12.8812, 13.038], [-12.8808, 13.0378], [-12.8791, 13.0331], [-12.8794, 13.0289], [-12.8784, 13.0261], [-12.8736, 13.024], [-12.8724, 13.0251], [-12.8708, 13.0268], [-12.8703, 13.0272], [-12.8677, 13.0288], [-12.8656, 13.0247], [-12.8623, 13.0229], [-12.8652, 13.0168], [-12.8658, 13.0163], [-12.8662, 13.0157], [-12.8662, 13.0156], [-12.8638, 13.0153], [-12.8625, 13.0159], [-12.8617, 13.0153], [-12.8602, 13.0154], [-12.8588, 13.0151], [-12.8572, 13.0147], [-12.8548, 13.0144], [-12.8531, 13.0107], [-12.8509, 13.0093], [-12.8495, 13.009], [-12.8461, 13.0111], [-12.8446, 13.012], [-12.8432, 13.0132], [-12.8415, 13.0151], [-12.839, 13.0186], [-12.8353, 13.0169], [-12.8316, 13.0125], [-12.8299, 13.0088], [-12.8296, 13.0054], [-12.8299, 13.005], [-12.8291, 13.004], [-12.8276, 13.0024], [-12.8271, 13.0013], [-12.8271, 13.0006], [-12.8256, 12.9998], [-12.825, 12.9964], [-12.8216, 12.9971], [-12.8135, 12.9965], [-12.8114, 12.9984], [-12.8094, 13.0005], [-12.8114, 13.0032], [-12.8139, 13.0043], [-12.8201, 13.0107], [-12.8193, 13.0162], [-12.8193, 13.0185], [-12.8158, 13.0187], [-12.8154, 13.0208], [-12.8131, 13.0222], [-12.8104, 13.0198], [-12.807, 13.0162], [-12.8065, 13.0165], [-12.8062, 13.0168], [-12.8076, 13.0191], [-12.8082, 13.02], [-12.8116, 13.0234], [-12.8127, 13.0254], [-12.8133, 13.0304], [-12.8111, 13.0313], [-12.8095, 13.0328], [-12.8039, 13.0326], [-12.8007, 13.0324], [-12.7981, 13.0326], [-12.7966, 13.0333], [-12.7997, 13.0372], [-12.7991, 13.0398], [-12.7935, 13.038], [-12.7912, 13.037], [-12.7895, 13.037], [-12.7873, 13.0371], [-12.7798, 13.0388], [-12.7761, 13.0372], [-12.775, 13.0362], [-12.7748, 13.0369], [-12.7754, 13.04], [-12.7757, 13.0416], [-12.7768, 13.0436], [-12.7759, 13.0478], [-12.7754, 13.0484], [-12.7756, 13.0505], [-12.7762, 13.0541], [-12.774, 13.0558], [-12.7727, 13.0558], [-12.7677, 13.0573], [-12.7672, 13.0572], [-12.7671, 13.0572], [-12.7644, 13.0569], [-12.7614, 13.0565], [-12.7588, 13.0536], [-12.7586, 13.0554], [-12.7611, 13.0576], [-12.7641, 13.065], [-12.7624, 13.0717], [-12.7621, 13.0749], [-12.7606, 13.0762], [-12.7583, 13.0764], [-12.7574, 13.0758], [-12.7554, 13.0754], [-12.7534, 13.0724], [-12.7522, 13.0715], [-12.7518, 13.0712], [-12.7513, 13.0712], [-12.7508, 13.0765], [-12.7499, 13.0795], [-12.7476, 13.0801], [-12.7429, 13.0785], [-12.7406, 13.0777], [-12.7378, 13.0778], [-12.7345, 13.0761], [-12.7297, 13.0712], [-12.7251, 13.0722], [-12.7238, 13.0728], [-12.7223, 13.0737], [-12.7211, 13.0745], [-12.7199, 13.0751], [-12.7189, 13.0751], [-12.717, 13.0808], [-12.7172, 13.0827], [-12.7209, 13.0843], [-12.7193, 13.0925], [-12.7126, 13.0939], [-12.7094, 13.0934], [-12.7071, 13.0938], [-12.7056, 13.0935], [-12.7035, 13.0936], [-12.7, 13.0928], [-12.6998, 13.0929], [-12.6998, 13.0932], [-12.7, 13.0989], [-12.6987, 13.1009], [-12.6974, 13.1048], [-12.6933, 13.1058], [-12.689, 13.107], [-12.6855, 13.1062], [-12.6865, 13.1096], [-12.6867, 13.1101], [-12.6868, 13.1108], [-12.687, 13.1137], [-12.6872, 13.119], [-12.6796, 13.1263], [-12.6758, 13.125], [-12.674, 13.1271], [-12.6739, 13.1274], [-12.6739, 13.1318], [-12.674, 13.1335], [-12.6749, 13.1374], [-12.6729, 13.1385], [-12.6704, 13.1393], [-12.6689, 13.1426], [-12.6711, 13.1436], [-12.6745, 13.1453], [-12.6767, 13.1463], [-12.6767, 13.1464], [-12.6758, 13.1487], [-12.675, 13.1493], [-12.6742, 13.1506], [-12.6754, 13.1492], [-12.6725, 13.1554], [-12.6729, 13.1557], [-12.6735, 13.1564], [-12.6739, 13.1568], [-12.6739, 13.1569], [-12.6739, 13.1574], [-12.6735, 13.1597], [-12.6742, 13.1618], [-12.6754, 13.1647], [-12.6745, 13.1669], [-12.6743, 13.1686], [-12.6753, 13.1707], [-12.6757, 13.1734], [-12.6758, 13.1759], [-12.6731, 13.1749], [-12.6707, 13.1743], [-12.6676, 13.1733], [-12.665, 13.1737], [-12.6633, 13.1753], [-12.6598, 13.1759], [-12.6587, 13.1776], [-12.6578, 13.1807], [-12.6557, 13.1821], [-12.6539, 13.1814], [-12.6499, 13.177], [-12.6452, 13.1809], [-12.6389, 13.1824], [-12.6384, 13.1825], [-12.6378, 13.1835], [-12.6361, 13.188], [-12.6362, 13.1884], [-12.6367, 13.1892], [-12.6358, 13.1918], [-12.6345, 13.193], [-12.6317, 13.1967], [-12.6297, 13.1961], [-12.6297, 13.1953], [-12.6251, 13.1937], [-12.6203, 13.1945], [-12.6182, 13.1927], [-12.612, 13.1922], [-12.6061, 13.1906], [-12.6055, 13.1908], [-12.6048, 13.1912], [-12.6056, 13.1927], [-12.6072, 13.1935], [-12.6066, 13.1945], [-12.6045, 13.1956], [-12.6017, 13.1947], [-12.5998, 13.1943], [-12.5966, 13.1962], [-12.5958, 13.197], [-12.5959, 13.198], [-12.5966, 13.2008], [-12.5963, 13.206], [-12.5957, 13.2079], [-12.5946, 13.2089], [-12.5939, 13.2096], [-12.5909, 13.209], [-12.5911, 13.2085], [-12.5882, 13.2094], [-12.5866, 13.2074], [-12.5853, 13.207], [-12.5848, 13.2054], [-12.5838, 13.2011], [-12.5837, 13.1996], [-12.5828, 13.1987], [-12.5822, 13.1983], [-12.5814, 13.1993], [-12.5806, 13.2008], [-12.579, 13.202], [-12.578, 13.2028], [-12.5754, 13.203], [-12.5728, 13.2029], [-12.5695, 13.2029], [-12.5698, 13.2018], [-12.5685, 13.2013], [-12.567, 13.1975], [-12.567, 13.1972], [-12.5663, 13.1958], [-12.5654, 13.1936], [-12.5629, 13.1915], [-12.5584, 13.1892], [-12.5563, 13.1853], [-12.5551, 13.1851], [-12.5545, 13.1847], [-12.5514, 13.1844], [-12.549, 13.1831], [-12.5484, 13.1833], [-12.5469, 13.1836], [-12.5465, 13.1843], [-12.5448, 13.1854], [-12.5439, 13.187], [-12.542, 13.1877], [-12.5401, 13.1884], [-12.5384, 13.1885], [-12.5373, 13.188], [-12.5373, 13.1879], [-12.5366, 13.1868], [-12.5357, 13.1858], [-12.5354, 13.1854], [-12.5341, 13.1845], [-12.5332, 13.1843], [-12.5316, 13.1849], [-12.5305, 13.1863], [-12.5291, 13.1873], [-12.5253, 13.189], [-12.523, 13.1854], [-12.5225, 13.1851], [-12.5207, 13.1848], [-12.5204, 13.1846], [-12.5197, 13.1845], [-12.5181, 13.1847], [-12.518, 13.1872], [-12.5174, 13.19], [-12.517, 13.1922], [-12.5144, 13.193], [-12.5132, 13.1939], [-12.5117, 13.1949], [-12.5108, 13.1958], [-12.5087, 13.1951], [-12.5074, 13.1945], [-12.5052, 13.1972], [-12.5026, 13.1984], [-12.5013, 13.1983], [-12.5003, 13.1972], [-12.4988, 13.1966], [-12.4968, 13.1962], [-12.4952, 13.1962], [-12.4941, 13.1956], [-12.4941, 13.1955], [-12.4937, 13.1954], [-12.4928, 13.1951], [-12.492, 13.1944], [-12.492, 13.1943], [-12.4907, 13.1951], [-12.4898, 13.1961], [-12.4885, 13.1967], [-12.4878, 13.1982], [-12.4874, 13.1995], [-12.4882, 13.2008], [-12.4884, 13.2016], [-12.4885, 13.2024], [-12.4877, 13.2029], [-12.4863, 13.2033], [-12.4858, 13.2032], [-12.4847, 13.2036], [-12.4841, 13.2042], [-12.4838, 13.2048], [-12.4841, 13.206], [-12.4828, 13.207], [-12.4823, 13.2073], [-12.4809, 13.2074], [-12.4805, 13.2092], [-12.4809, 13.2104], [-12.4804, 13.2116], [-12.4801, 13.2124], [-12.4794, 13.2139], [-12.4791, 13.2152], [-12.4785, 13.216], [-12.4783, 13.2176], [-12.4775, 13.2189], [-12.4771, 13.2207], [-12.4762, 13.2226], [-12.4758, 13.2247], [-12.4752, 13.2258], [-12.475, 13.2279], [-12.4744, 13.2285], [-12.4742, 13.2301], [-12.4742, 13.2317], [-12.4742, 13.2328], [-12.4728, 13.2332], [-12.4718, 13.2332], [-12.4703, 13.2333], [-12.4696, 13.2337], [-12.4683, 13.2343], [-12.4671, 13.2353], [-12.4667, 13.2366], [-12.4667, 13.2368], [-12.4667, 13.2374], [-12.4664, 13.2377], [-12.4661, 13.2384], [-12.4655, 13.2393], [-12.461, 13.2393], [-12.4604, 13.2396], [-12.4619, 13.2425], [-12.4615, 13.2469], [-12.4606, 13.2502], [-12.4576, 13.2505], [-12.4564, 13.2551], [-12.4531, 13.2566], [-12.4515, 13.2579], [-12.4506, 13.2598], [-12.449, 13.2591], [-12.4473, 13.26], [-12.4453, 13.2631], [-12.4442, 13.2635], [-12.4429, 13.2635], [-12.4413, 13.2638], [-12.4412, 13.2646], [-12.4385, 13.2678], [-12.4335, 13.27], [-12.4312, 13.2692], [-12.4302, 13.269], [-12.429, 13.2711], [-12.4221, 13.2727], [-12.422, 13.2752], [-12.4213, 13.2783], [-12.4182, 13.2838], [-12.417, 13.2856], [-12.4139, 13.2848], [-12.4062, 13.2817], [-12.4054, 13.2825], [-12.4038, 13.2823], [-12.402, 13.2837], [-12.3858, 13.2908], [-12.3834, 13.2922], [-12.3794, 13.292], [-12.3774, 13.2927], [-12.3759, 13.2914], [-12.3733, 13.2903], [-12.3624, 13.2832], [-12.3584, 13.279], [-12.3504, 13.2759], [-12.3489, 13.2738], [-12.348, 13.2722], [-12.3471, 13.2706], [-12.3464, 13.269], [-12.3458, 13.2681], [-12.3447, 13.2661], [-12.3399, 13.2598], [-12.339, 13.259], [-12.3328, 13.2595], [-12.3313, 13.2599], [-12.3259, 13.2615], [-12.3244, 13.2643], [-12.3244, 13.2687], [-12.3248, 13.2766], [-12.3245, 13.2781], [-12.324, 13.2781], [-12.3168, 13.2852], [-12.3159, 13.2868], [-12.313, 13.2914], [-12.3118, 13.2931], [-12.3117, 13.3009], [-12.3112, 13.3036], [-12.3112, 13.3057], [-12.3111, 13.3083], [-12.3112, 13.3125], [-12.31, 13.3163], [-12.3095, 13.3166], [-12.309, 13.3174], [-12.3076, 13.3185], [-12.3074, 13.3184], [-12.3011, 13.3176], [-12.295, 13.3161], [-12.2943, 13.316], [-12.2928, 13.3153], [-12.2906, 13.3145], [-12.2891, 13.3142], [-12.2883, 13.3141], [-12.2866, 13.3144], [-12.2857, 13.3144], [-12.2847, 13.3146], [-12.2841, 13.3147], [-12.2833, 13.3146], [-12.2821, 13.3149], [-12.2807, 13.315], [-12.2791, 13.3149], [-12.2778, 13.3149], [-12.2766, 13.3154], [-12.2756, 13.3155], [-12.2745, 13.3157], [-12.274, 13.3157], [-12.2732, 13.3157], [-12.2727, 13.3158], [-12.2722, 13.3156], [-12.2715, 13.3153], [-12.2709, 13.315], [-12.27, 13.3148], [-12.269, 13.3144], [-12.268, 13.3142], [-12.2669, 13.3138], [-12.2654, 13.3135], [-12.2644, 13.3134], [-12.2632, 13.313], [-12.2624, 13.313], [-12.2617, 13.3128], [-12.2612, 13.3127], [-12.2605, 13.3124], [-12.2597, 13.3121], [-12.2588, 13.3119], [-12.2582, 13.312], [-12.257, 13.3118], [-12.2565, 13.3113], [-12.256, 13.3117], [-12.2552, 13.3122], [-12.2546, 13.3128], [-12.2541, 13.3134], [-12.2537, 13.3139], [-12.2529, 13.3147], [-12.2516, 13.3159], [-12.2507, 13.3157], [-12.2491, 13.3157], [-12.2478, 13.3155], [-12.2466, 13.3155], [-12.2454, 13.3159], [-12.244, 13.3163], [-12.2432, 13.3163], [-12.2419, 13.3167], [-12.2413, 13.3171], [-12.2401, 13.3178], [-12.239, 13.3185], [-12.2382, 13.3187], [-12.2372, 13.319], [-12.2366, 13.3193], [-12.236, 13.3199], [-12.2347, 13.3205], [-12.2338, 13.3211], [-12.2327, 13.3218], [-12.2319, 13.3223], [-12.2315, 13.3234], [-12.2309, 13.3252], [-12.2301, 13.3264], [-12.2297, 13.3273], [-12.2291, 13.3279], [-12.2289, 13.3288], [-12.2285, 13.3295], [-12.2277, 13.3306], [-12.2273, 13.3312], [-12.2266, 13.3324], [-12.226, 13.3328], [-12.2253, 13.3338], [-12.2249, 13.3345], [-12.2245, 13.3352], [-12.2234, 13.3356], [-12.2232, 13.3363], [-12.2228, 13.3369], [-12.2222, 13.3377], [-12.2222, 13.3382], [-12.2219, 13.3392], [-12.2225, 13.3401], [-12.2232, 13.3413], [-12.2234, 13.3419], [-12.2239, 13.3429], [-12.2246, 13.3435], [-12.2254, 13.3439], [-12.2263, 13.3441], [-12.227, 13.3441], [-12.2277, 13.3447], [-12.2279, 13.3452], [-12.2279, 13.3465], [-12.2285, 13.3474], [-12.2297, 13.3483], [-12.2304, 13.3488], [-12.2312, 13.3496], [-12.2317, 13.3505], [-12.2321, 13.3519], [-12.2327, 13.3526], [-12.233, 13.3534], [-12.2334, 13.3542], [-12.2338, 13.3548], [-12.2347, 13.3558], [-12.2359, 13.3568], [-12.2364, 13.3575], [-12.2371, 13.3582], [-12.2451, 13.3703], [-12.2531, 13.3824], [-12.261, 13.3945], [-12.2613, 13.3954], [-12.2618, 13.3962], [-12.2619, 13.397], [-12.2619, 13.3977], [-12.2613, 13.3995], [-12.2609, 13.4008], [-12.2606, 13.4017], [-12.26, 13.4031], [-12.2599, 13.4042], [-12.26, 13.4051], [-12.26, 13.4062], [-12.2605, 13.4067], [-12.2605, 13.4074], [-12.2607, 13.408], [-12.2608, 13.4089], [-12.2609, 13.4095], [-12.261, 13.4098], [-12.2615, 13.4101], [-12.2619, 13.4104], [-12.2624, 13.411], [-12.263, 13.4118], [-12.263, 13.4126], [-12.2629, 13.4134], [-12.2628, 13.4141], [-12.2626, 13.415], [-12.2621, 13.4161], [-12.2615, 13.4165], [-12.2607, 13.4171], [-12.2601, 13.4178], [-12.2596, 13.4185], [-12.2592, 13.4195], [-12.2587, 13.4198], [-12.2582, 13.4209], [-12.2581, 13.4217], [-12.2572, 13.4227], [-12.2569, 13.4231], [-12.2562, 13.4234], [-12.2553, 13.4238], [-12.2545, 13.4238], [-12.2537, 13.4238], [-12.2521, 13.4238], [-12.2514, 13.4247], [-12.2511, 13.4256], [-12.2508, 13.4268], [-12.2505, 13.4281], [-12.2507, 13.4293], [-12.2505, 13.4303], [-12.2504, 13.4305], [-12.2501, 13.4314], [-12.25, 13.4321], [-12.2499, 13.433], [-12.2503, 13.4339], [-12.25, 13.4346], [-12.2498, 13.4353], [-12.2496, 13.436], [-12.2499, 13.4368], [-12.2498, 13.4377], [-12.2495, 13.4386], [-12.2494, 13.4394], [-12.2491, 13.4399], [-12.2483, 13.4405], [-12.2483, 13.4417], [-12.2485, 13.4426], [-12.2486, 13.4436], [-12.2485, 13.4447], [-12.2485, 13.4453], [-12.2485, 13.446], [-12.2486, 13.447], [-12.2483, 13.4484], [-12.2481, 13.4492], [-12.2483, 13.45], [-12.2486, 13.4507], [-12.2489, 13.4516], [-12.2493, 13.4524], [-12.2496, 13.4532], [-12.2499, 13.4538], [-12.2501, 13.4545], [-12.2502, 13.4555], [-12.2497, 13.4567], [-12.2489, 13.4572], [-12.2479, 13.4573], [-12.2478, 13.4573], [-12.2472, 13.4573], [-12.2465, 13.4573], [-12.2457, 13.4574], [-12.2457, 13.4574], [-12.2454, 13.4579], [-12.2453, 13.4581], [-12.2447, 13.4593], [-12.2431, 13.461], [-12.2412, 13.4606], [-12.2369, 13.4594], [-12.2338, 13.4568], [-12.2334, 13.4568], [-12.2325, 13.4561], [-12.2319, 13.4558], [-12.2289, 13.4534], [-12.2279, 13.4529], [-12.2271, 13.4524], [-12.2259, 13.4531], [-12.2256, 13.4534], [-12.2249, 13.454], [-12.2235, 13.4546], [-12.2217, 13.4535], [-12.2134, 13.4487], [-12.2124, 13.4479], [-12.2023, 13.4437], [-12.2008, 13.4433], [-12.1985, 13.4415], [-12.198, 13.4396], [-12.1966, 13.4383], [-12.1962, 13.4383], [-12.1859, 13.4326], [-12.1755, 13.4269], [-12.1652, 13.4212], [-12.165, 13.4207], [-12.1633, 13.4206], [-12.1631, 13.4203], [-12.1625, 13.4195], [-12.16, 13.4189], [-12.1586, 13.419], [-12.1577, 13.4187], [-12.1564, 13.4184], [-12.1541, 13.418], [-12.1518, 13.4172], [-12.149, 13.4164], [-12.1457, 13.4137], [-12.1454, 13.4133], [-12.1446, 13.4121], [-12.1441, 13.4075], [-12.1435, 13.406], [-12.1421, 13.4022], [-12.1409, 13.4007], [-12.1387, 13.3979], [-12.1356, 13.3951], [-12.1335, 13.3931], [-12.1284, 13.3925], [-12.1257, 13.3921], [-12.1242, 13.3917], [-12.1239, 13.3909], [-12.1227, 13.3893], [-12.1197, 13.3872], [-12.1167, 13.386], [-12.1139, 13.3842], [-12.1104, 13.3806], [-12.1078, 13.3764], [-12.1053, 13.3766], [-12.1028, 13.3766], [-12.0988, 13.3764], [-12.0971, 13.3748], [-12.0915, 13.3719], [-12.0882, 13.3719], [-12.085, 13.3726], [-12.0811, 13.3715], [-12.0798, 13.3714], [-12.0789, 13.3712], [-12.0777, 13.3708], [-12.0731, 13.3694], [-12.0706, 13.3679], [-12.0669, 13.3637], [-12.0628, 13.3634], [-12.0595, 13.3611], [-12.0565, 13.3588], [-12.0562, 13.3584], [-12.0522, 13.3584], [-12.0494, 13.3613], [-12.0474, 13.3613], [-12.0458, 13.3617], [-12.0437, 13.3631], [-12.0425, 13.3632], [-12.0404, 13.3646], [-12.0381, 13.3662], [-12.035, 13.3689], [-12.0328, 13.3697], [-12.0324, 13.3702], [-12.0307, 13.3721], [-12.0286, 13.3719], [-12.0276, 13.3701], [-12.0287, 13.3669], [-12.0299, 13.3659], [-12.0299, 13.3655], [-12.0302, 13.3646], [-12.0297, 13.3638], [-12.0294, 13.3626], [-12.0299, 13.3607], [-12.0298, 13.3585], [-12.03, 13.3577], [-12.0305, 13.3565], [-12.0316, 13.3559], [-12.0313, 13.3481], [-12.0307, 13.3466], [-12.0299, 13.345], [-12.0287, 13.3433], [-12.0279, 13.3421], [-12.0304, 13.3336], [-12.0341, 13.3292], [-12.0357, 13.3274], [-12.0315, 13.3224], [-12.0313, 13.3175], [-12.0314, 13.3169], [-12.0316, 13.3158], [-12.031, 13.3136], [-12.0303, 13.3131], [-12.029, 13.313], [-12.0281, 13.3129], [-12.0274, 13.313], [-12.0238, 13.3126], [-12.0234, 13.312], [-12.0185, 13.3111], [-12.014, 13.3125], [-12.0136, 13.3128], [-12.0133, 13.3131], [-12.0123, 13.3153], [-12.0099, 13.3177], [-12.0098, 13.318], [-12.0095, 13.3183], [-12.009, 13.3196], [-12.0077, 13.3211], [-12.0075, 13.3216], [-12.0069, 13.3245], [-12.0061, 13.3259], [-12.0037, 13.3265], [-11.9988, 13.3256], [-11.9946, 13.3254], [-11.9936, 13.3266], [-11.9922, 13.3283], [-11.9906, 13.3298], [-11.9891, 13.3297], [-11.9872, 13.3296], [-11.9861, 13.3302], [-11.9847, 13.3316], [-11.9836, 13.3328], [-11.9816, 13.3352], [-11.9799, 13.3375], [-11.9779, 13.3394], [-11.9769, 13.3398], [-11.9752, 13.3406], [-11.9729, 13.3415], [-11.9708, 13.3438], [-11.9689, 13.3455], [-11.9681, 13.3476], [-11.9658, 13.3499], [-11.9635, 13.3512], [-11.9623, 13.3536], [-11.9623, 13.3548], [-11.9621, 13.3566], [-11.9616, 13.3579], [-11.9605, 13.3593], [-11.9593, 13.3611], [-11.9572, 13.3636], [-11.9553, 13.3655], [-11.9531, 13.3659], [-11.951, 13.3666], [-11.9481, 13.3668], [-11.9469, 13.3663], [-11.9463, 13.3662], [-11.9452, 13.3656], [-11.9439, 13.3654], [-11.9422, 13.3644], [-11.94, 13.364], [-11.9386, 13.3639], [-11.9373, 13.3649], [-11.9358, 13.3656], [-11.9344, 13.3658], [-11.933, 13.3662], [-11.9312, 13.3666], [-11.9304, 13.367], [-11.9299, 13.3674], [-11.9289, 13.3689], [-11.9275, 13.3704], [-11.9265, 13.3716], [-11.925, 13.3721], [-11.9239, 13.372], [-11.9228, 13.3721], [-11.9221, 13.3721], [-11.9209, 13.3719], [-11.9195, 13.3721], [-11.918, 13.3721], [-11.917, 13.3721], [-11.9157, 13.3722], [-11.9137, 13.3726], [-11.9127, 13.3731], [-11.9111, 13.3736], [-11.9092, 13.3742], [-11.9073, 13.3749], [-11.9049, 13.3753], [-11.9025, 13.3765], [-11.9018, 13.3775], [-11.8996, 13.3797], [-11.897, 13.3813], [-11.8953, 13.3821], [-11.8933, 13.3823], [-11.8912, 13.3826], [-11.8878, 13.3848], [-11.8886, 13.3865], [-11.8884, 13.3882], [-11.8881, 13.3898], [-11.8877, 13.3918], [-11.8867, 13.3941], [-11.8859, 13.3969], [-11.8842, 13.4009], [-11.8828, 13.4043], [-11.8812, 13.407], [-11.88, 13.4097], [-11.879, 13.4116], [-11.878, 13.4147], [-11.8767, 13.418], [-11.8756, 13.4205], [-11.8751, 13.4223], [-11.8743, 13.4242], [-11.8737, 13.4264], [-11.8725, 13.4276], [-11.8709, 13.4291], [-11.8692, 13.4301], [-11.8677, 13.4314], [-11.8662, 13.433], [-11.8653, 13.4348], [-11.8652, 13.4348], [-11.8646, 13.4374], [-11.8642, 13.44], [-11.8644, 13.4444], [-11.8646, 13.4491], [-11.8652, 13.4519], [-11.8656, 13.4546], [-11.8669, 13.4581], [-11.8683, 13.4603], [-11.8695, 13.4628], [-11.8708, 13.4651], [-11.8728, 13.4665], [-11.8769, 13.4684], [-11.8797, 13.4692], [-11.8821, 13.4709], [-11.8904, 13.4756], [-11.8922, 13.4768], [-11.8944, 13.4805], [-11.8961, 13.4849], [-11.898, 13.4888], [-11.9008, 13.4916], [-11.905, 13.4935], [-11.9075, 13.4943], [-11.9113, 13.496], [-11.915, 13.4973], [-11.9187, 13.5001], [-11.9223, 13.5035], [-11.9243, 13.5061], [-11.9268, 13.5102], [-11.9295, 13.5136], [-11.9307, 13.5151], [-11.9326, 13.5167], [-11.9353, 13.5172], [-11.9384, 13.5181], [-11.9416, 13.5186], [-11.9467, 13.5199], [-11.9495, 13.5207], [-11.9518, 13.5214], [-11.9541, 13.5234], [-11.9568, 13.5265], [-11.9586, 13.5282], [-11.9603, 13.5294], [-11.963, 13.5312], [-11.9657, 13.5324], [-11.9686, 13.5343], [-11.9706, 13.5353], [-11.9721, 13.5375], [-11.9728, 13.5398], [-11.9728, 13.5424], [-11.9731, 13.5452], [-11.9737, 13.5472], [-11.9744, 13.549], [-11.9768, 13.5525], [-11.979, 13.5551], [-11.9813, 13.5576], [-11.9828, 13.5597], [-11.9847, 13.5614], [-11.9869, 13.5631], [-11.989, 13.5647], [-11.9913, 13.5651], [-11.9945, 13.5659], [-11.9956, 13.5664], [-11.9965, 13.5665], [-11.9981, 13.5676], [-11.9987, 13.569], [-11.9989, 13.5709], [-11.9992, 13.5737], [-11.9991, 13.5757], [-11.9983, 13.5773], [-11.9979, 13.5804], [-11.9979, 13.5824], [-11.9977, 13.5841], [-11.998, 13.5862], [-11.9987, 13.5878], [-11.9997, 13.5892], [-12.001, 13.5904], [-12.003, 13.5919], [-12.0051, 13.5926], [-12.0075, 13.594], [-12.0094, 13.5951], [-12.0117, 13.5967], [-12.0136, 13.5987], [-12.0158, 13.6006], [-12.0197, 13.605], [-12.0207, 13.6061], [-12.0225, 13.6098], [-12.0232, 13.6109], [-12.0244, 13.612], [-12.0363, 13.6209], [-12.0382, 13.6231], [-12.0388, 13.6239], [-12.0396, 13.6253], [-12.04, 13.6263], [-12.0402, 13.6277], [-12.0405, 13.6308], [-12.0401, 13.6336], [-12.0393, 13.6367], [-12.0387, 13.64], [-12.0384, 13.6429], [-12.0382, 13.6468], [-12.0382, 13.6486], [-12.0382, 13.6497], [-12.0384, 13.6509], [-12.0396, 13.6553], [-12.0401, 13.6576], [-12.0406, 13.6603], [-12.0405, 13.6629], [-12.0412, 13.6664], [-12.0417, 13.6674], [-12.0426, 13.6683], [-12.0446, 13.6696], [-12.0464, 13.6712], [-12.0473, 13.6726], [-12.048, 13.6737], [-12.0483, 13.6751], [-12.0484, 13.6764], [-12.0485, 13.6778], [-12.0484, 13.68], [-12.0484, 13.681], [-12.049, 13.6823], [-12.0496, 13.6837], [-12.0507, 13.6846], [-12.0525, 13.6862], [-12.0546, 13.6876], [-12.0563, 13.6887], [-12.0576, 13.69], [-12.0579, 13.6914], [-12.0579, 13.6923], [-12.0578, 13.6948], [-12.059, 13.6964], [-12.0615, 13.6999], [-12.0642, 13.7018], [-12.0672, 13.7046], [-12.0689, 13.7069], [-12.0712, 13.7125], [-12.0723, 13.7153], [-12.0736, 13.7191], [-12.0741, 13.72], [-12.0739, 13.72], [-12.0739, 13.7198], [-12.0736, 13.7202], [-12.0723, 13.72], [-12.0707, 13.7198], [-12.0689, 13.72], [-12.0677, 13.7204], [-12.0663, 13.7211], [-12.0651, 13.7221], [-12.0643, 13.7233], [-12.0636, 13.7243], [-12.0628, 13.7262], [-12.0621, 13.7281], [-12.061, 13.728], [-12.0604, 13.7277], [-12.0589, 13.7281], [-12.0579, 13.7294], [-12.0571, 13.7299], [-12.0551, 13.7304], [-12.053, 13.7306], [-12.0519, 13.7312], [-12.0508, 13.7322], [-12.0499, 13.7319], [-12.0488, 13.732], [-12.0475, 13.7324], [-12.0448, 13.7344], [-12.0432, 13.7342], [-12.0415, 13.7348], [-12.0404, 13.7353], [-12.0395, 13.736], [-12.0378, 13.7388], [-12.0373, 13.7396], [-12.0362, 13.74], [-12.0316, 13.7411], [-12.0306, 13.741], [-12.0288, 13.7429], [-12.0275, 13.7435], [-12.0257, 13.7443], [-12.0233, 13.7466], [-12.0229, 13.7473], [-12.0221, 13.7473], [-12.0196, 13.7485], [-12.0194, 13.7488], [-12.0188, 13.7506], [-12.0186, 13.7512], [-12.0178, 13.7519], [-12.0168, 13.7519], [-12.0122, 13.7515], [-12.0107, 13.7516], [-12.0097, 13.7524], [-12.0091, 13.7533], [-12.0085, 13.7541], [-12.0078, 13.7544], [-12.0065, 13.7549], [-12.0055, 13.7555], [-12.005, 13.756], [-12.0048, 13.757], [-12.0043, 13.7581], [-12.0037, 13.7591], [-12.0037, 13.7601], [-12.0037, 13.7615], [-12.004, 13.7628], [-12.0041, 13.7636], [-12.0042, 13.7638], [-12.003, 13.764], [-12.0016, 13.7648], [-12.0008, 13.766], [-12.0008, 13.7661], [-12.0001, 13.7663], [-11.9989, 13.7668], [-11.9955, 13.769], [-11.9929, 13.7705], [-11.9905, 13.7721], [-11.9894, 13.7728], [-11.9889, 13.7738], [-11.9883, 13.7746], [-11.9875, 13.7761], [-11.987, 13.7775], [-11.9864, 13.7779], [-11.9857, 13.778], [-11.9845, 13.7785], [-11.9837, 13.7794], [-11.9831, 13.7799], [-11.982, 13.7823], [-11.9809, 13.7839], [-11.9805, 13.7854], [-11.9799, 13.7863], [-11.9791, 13.7877], [-11.9783, 13.7893], [-11.9774, 13.7898], [-11.9772, 13.7906], [-11.9771, 13.7918], [-11.977, 13.7926], [-11.9769, 13.7936], [-11.9764, 13.7942], [-11.9757, 13.7951], [-11.975, 13.7953], [-11.9731, 13.7959], [-11.9724, 13.7959], [-11.9716, 13.7963], [-11.9706, 13.7968], [-11.9699, 13.7969], [-11.9694, 13.7969], [-11.9683, 13.7969], [-11.9676, 13.7969], [-11.9666, 13.7972], [-11.9659, 13.7976], [-11.9651, 13.7986], [-11.9651, 13.7999], [-11.9647, 13.8008], [-11.965, 13.8023], [-11.9642, 13.8038], [-11.9638, 13.8045], [-11.963, 13.8054], [-11.9621, 13.8064], [-11.9606, 13.8073], [-11.959, 13.8074], [-11.9574, 13.8076], [-11.9566, 13.8076], [-11.9546, 13.8078], [-11.9532, 13.808], [-11.9522, 13.8086], [-11.9509, 13.8099], [-11.9508, 13.8115], [-11.9509, 13.8129], [-11.9515, 13.8147], [-11.9518, 13.8159], [-11.9524, 13.8174], [-11.9531, 13.8189], [-11.9531, 13.8205], [-11.9526, 13.8221], [-11.9507, 13.825], [-11.9506, 13.8285], [-11.95, 13.8313], [-11.9498, 13.8352], [-11.9498, 13.8382], [-11.949, 13.8407], [-11.9484, 13.8424], [-11.9473, 13.8443], [-11.947, 13.8457], [-11.9471, 13.8473], [-11.9478, 13.85], [-11.948, 13.8526], [-11.9479, 13.8544], [-11.9477, 13.8567], [-11.9472, 13.8578], [-11.9463, 13.859], [-11.9451, 13.8595], [-11.9434, 13.8623], [-11.9432, 13.8635], [-11.9409, 13.8841], [-11.9399, 13.8883], [-11.9395, 13.8926], [-11.9363, 13.9085], [-11.9331, 13.9244], [-11.9566, 13.9412], [-11.98, 13.9581], [-11.9827, 13.9607], [-11.9848, 13.9624], [-11.9864, 13.963], [-11.9879, 13.9637], [-11.9888, 13.9651], [-11.9896, 13.9659], [-11.9898, 13.9667], [-11.9895, 13.9678], [-11.9886, 13.9686], [-11.9889, 13.9692], [-11.9896, 13.9695], [-11.9906, 13.9699], [-11.9915, 13.9709], [-11.9917, 13.9716], [-11.9915, 13.9719], [-11.9913, 13.9725], [-11.9912, 13.9731], [-11.9916, 13.9735], [-11.9916, 13.9743], [-11.9922, 13.9747], [-11.9931, 13.9753], [-11.9937, 13.976], [-11.9938, 13.9767], [-11.9941, 13.9774], [-11.9955, 13.9785], [-11.9967, 13.9795], [-11.9988, 13.9816], [-12.0, 13.9825], [-12.0007, 13.983], [-12.0039, 13.9813], [-12.0057, 13.9823], [-12.0074, 13.9835], [-12.0092, 13.9853], [-12.0101, 13.9868], [-12.0105, 13.988], [-12.0103, 13.9886], [-12.0098, 13.9901], [-12.0097, 13.9913], [-12.0097, 13.9922], [-12.008, 13.9953], [-12.0064, 13.9983], [-12.0042, 13.9998], [-12.0042, 14.0004], [-12.0042, 14.0006], [-12.0043, 14.0009], [-12.0043, 14.0011], [-12.0044, 14.0013], [-12.0044, 14.0017], [-12.0044, 14.0019], [-12.0044, 14.0024], [-12.0044, 14.0029], [-12.0046, 14.0037], [-12.0048, 14.0041], [-12.0048, 14.0052], [-12.005, 14.0065], [-12.0052, 14.0072], [-12.0052, 14.0073], [-12.0057, 14.008], [-12.0058, 14.0086], [-12.0059, 14.0089], [-12.006, 14.0095], [-12.0062, 14.0104], [-12.0062, 14.011], [-12.0062, 14.0116], [-12.0068, 14.0119], [-12.007, 14.0123], [-12.0071, 14.0136], [-12.0076, 14.0145], [-12.0082, 14.0156], [-12.0082, 14.0157], [-12.0089, 14.0168], [-12.0091, 14.0178], [-12.0093, 14.0184], [-12.01, 14.0193], [-12.0105, 14.0197], [-12.0112, 14.0204], [-12.0118, 14.0212], [-12.0128, 14.0223], [-12.0133, 14.0231], [-12.0135, 14.0233], [-12.0139, 14.0245], [-12.0141, 14.0249], [-12.0143, 14.0254], [-12.0151, 14.0266], [-12.0152, 14.0268], [-12.0154, 14.0274], [-12.0154, 14.0279], [-12.0154, 14.0282], [-12.0152, 14.0285], [-12.0146, 14.0289], [-12.0138, 14.0292], [-12.0133, 14.0295], [-12.0124, 14.0298], [-12.0111, 14.0306], [-12.0105, 14.031], [-12.0098, 14.0315], [-12.0089, 14.0319], [-12.0085, 14.0322], [-12.008, 14.0326], [-12.0078, 14.0327], [-12.0076, 14.0328], [-12.0076, 14.0331], [-12.0075, 14.0338], [-12.0072, 14.035], [-12.0072, 14.0355], [-12.0072, 14.0362], [-12.0073, 14.0389], [-12.0074, 14.0394], [-12.0078, 14.0403], [-12.0078, 14.0409], [-12.0078, 14.0423], [-12.008, 14.0448], [-12.008, 14.045], [-12.0082, 14.0461], [-12.0086, 14.0477], [-12.0086, 14.0481], [-12.0088, 14.0502], [-12.0081, 14.0513], [-12.0065, 14.0518], [-12.0052, 14.052], [-12.0036, 14.0526], [-12.0017, 14.053], [-12.0012, 14.0536], [-12.0007, 14.0551], [-12.0002, 14.0567], [-12.0001, 14.0576], [-12.0, 14.0576], [-11.9985, 14.0581], [-11.9973, 14.06], [-11.9971, 14.06], [-11.996, 14.0624], [-11.9949, 14.0636], [-11.9945, 14.0644], [-11.9948, 14.0665], [-11.9948, 14.0672], [-11.9955, 14.0692], [-11.9963, 14.0711], [-11.9967, 14.0715], [-11.9967, 14.0732], [-11.9974, 14.0744], [-11.9978, 14.0752], [-11.9981, 14.076], [-11.9981, 14.0767], [-11.9981, 14.0776], [-11.9982, 14.0786], [-11.9981, 14.0804], [-11.9983, 14.0816], [-11.9983, 14.0828], [-11.9978, 14.0837], [-11.997, 14.0854], [-11.9963, 14.0863], [-11.9949, 14.0873], [-11.9933, 14.0882], [-11.9905, 14.0892], [-11.989, 14.0894], [-11.9885, 14.0897], [-11.987, 14.0889], [-11.9858, 14.0894], [-11.9831, 14.0884], [-11.9848, 14.115], [-11.9869, 14.1179], [-11.9875, 14.1197], [-11.9883, 14.1215], [-11.9888, 14.1238], [-11.9885, 14.1255], [-11.9875, 14.1275], [-11.9862, 14.1303], [-11.9859, 14.1329], [-11.9858, 14.1346], [-11.9845, 14.1382], [-11.9828, 14.1407], [-11.9809, 14.1434], [-11.9807, 14.1447], [-11.979, 14.1462], [-11.9776, 14.1478], [-11.9773, 14.1496], [-11.9767, 14.1526], [-11.9767, 14.1561], [-11.9769, 14.159], [-11.9771, 14.1613], [-11.9776, 14.1637], [-11.9773, 14.1674], [-11.977, 14.17], [-11.9764, 14.1731], [-11.9764, 14.1756], [-11.9758, 14.1782], [-11.9755, 14.1809], [-11.9751, 14.1839], [-11.9756, 14.1859], [-11.9765, 14.1869], [-11.9772, 14.1872], [-11.9787, 14.1876], [-11.9806, 14.1881], [-11.9826, 14.1887], [-11.9844, 14.1899], [-11.9863, 14.1907], [-11.9882, 14.1916], [-11.9893, 14.1926], [-11.9896, 14.1942], [-11.9893, 14.1967], [-11.9889, 14.1986], [-11.9887, 14.2003], [-11.9888, 14.2027], [-11.9892, 14.2035], [-11.9894, 14.2052], [-11.9893, 14.2061], [-11.9898, 14.2066], [-11.9905, 14.2074], [-11.9918, 14.2079], [-11.993, 14.2079], [-11.994, 14.2092], [-11.9991, 14.2145], [-12.0001, 14.218], [-12.0004, 14.2191], [-12.0028, 14.2252], [-12.005, 14.2304], [-12.0075, 14.236], [-12.0079, 14.2369], [-12.0101, 14.2431], [-12.012, 14.2507], [-12.012, 14.251], [-12.0121, 14.251], [-12.0127, 14.2523], [-12.0139, 14.2549], [-12.0157, 14.2586], [-12.0177, 14.2636], [-12.0188, 14.2665], [-12.0196, 14.2701], [-12.0205, 14.2734], [-12.0214, 14.2764], [-12.0223, 14.2791], [-12.0229, 14.2804], [-12.0244, 14.2845], [-12.0244, 14.2838], [-12.0244, 14.2837], [-12.0246, 14.2834], [-12.0248, 14.2831], [-12.0252, 14.2833], [-12.0257, 14.284], [-12.0258, 14.2851], [-12.0259, 14.2859], [-12.0261, 14.2868], [-12.0268, 14.2869], [-12.0272, 14.2867], [-12.0279, 14.286], [-12.0285, 14.2855], [-12.0291, 14.285], [-12.0292, 14.2845], [-12.0298, 14.2834], [-12.0304, 14.2834], [-12.0311, 14.284], [-12.0313, 14.2845], [-12.0317, 14.2848], [-12.0323, 14.2848], [-12.0328, 14.2849], [-12.0331, 14.2854], [-12.033, 14.2859], [-12.0325, 14.2859], [-12.0318, 14.2855], [-12.0314, 14.2856], [-12.031, 14.2859], [-12.0314, 14.2863], [-12.0318, 14.2862], [-12.0325, 14.2864], [-12.0327, 14.2868], [-12.0324, 14.2875], [-12.0319, 14.2876], [-12.0313, 14.2873], [-12.031, 14.2872], [-12.0305, 14.2876], [-12.0307, 14.2881], [-12.0311, 14.2885], [-12.0318, 14.2887], [-12.0323, 14.2889], [-12.0331, 14.2892], [-12.0341, 14.2897], [-12.0345, 14.2896], [-12.0349, 14.2891], [-12.0352, 14.2888], [-12.0359, 14.2886], [-12.0369, 14.2885], [-12.038, 14.288], [-12.0398, 14.2875], [-12.041, 14.2875], [-12.0414, 14.2878], [-12.0424, 14.2881], [-12.0428, 14.2886], [-12.0431, 14.2891], [-12.0439, 14.2895], [-12.0445, 14.2894], [-12.0449, 14.2889], [-12.0457, 14.2885], [-12.0465, 14.2885], [-12.0469, 14.289], [-12.0473, 14.2892], [-12.0477, 14.2891], [-12.0479, 14.2889], [-12.0484, 14.2886], [-12.0487, 14.2891], [-12.0483, 14.2901], [-12.0481, 14.2907], [-12.0485, 14.2917], [-12.0497, 14.2923], [-12.051, 14.2934], [-12.0535, 14.2951], [-12.055, 14.296], [-12.0556, 14.296], [-12.0564, 14.296], [-12.0572, 14.2961], [-12.0577, 14.2963], [-12.0591, 14.2972], [-12.0603, 14.2981], [-12.0611, 14.2981], [-12.0625, 14.2978], [-12.0632, 14.2974], [-12.064, 14.2968], [-12.0647, 14.2969], [-12.0655, 14.2971], [-12.0664, 14.2971], [-12.067, 14.2969], [-12.0681, 14.2962], [-12.0693, 14.2965], [-12.0708, 14.2966], [-12.0718, 14.2963], [-12.0729, 14.2963], [-12.074, 14.2967], [-12.075, 14.2971], [-12.0754, 14.297], [-12.076, 14.2969], [-12.0766, 14.2972], [-12.0766, 14.2976], [-12.0764, 14.298], [-12.0764, 14.2983], [-12.0767, 14.2988], [-12.0768, 14.2997], [-12.0775, 14.2999], [-12.0781, 14.3], [-12.0785, 14.3008], [-12.0783, 14.3016], [-12.0787, 14.3021], [-12.0793, 14.3021], [-12.0795, 14.3019], [-12.08, 14.3021], [-12.0804, 14.3029], [-12.0806, 14.3035], [-12.0813, 14.3039], [-12.0827, 14.3041], [-12.0888, 14.3037], [-12.091, 14.3037], [-12.0932, 14.3051], [-12.0939, 14.3055], [-12.0945, 14.3063], [-12.0952, 14.3074], [-12.0953, 14.3077], [-12.0958, 14.3077], [-12.0959, 14.3075], [-12.0965, 14.3069], [-12.097, 14.3069], [-12.0978, 14.307], [-12.0984, 14.307], [-12.0991, 14.3067], [-12.0993, 14.3062], [-12.0996, 14.3055], [-12.1002, 14.305], [-12.101, 14.305], [-12.1011, 14.306], [-12.1009, 14.3065], [-12.101, 14.3067], [-12.1015, 14.3073], [-12.1014, 14.3075], [-12.1014, 14.3076], [-12.1009, 14.308], [-12.1, 14.3083], [-12.0994, 14.3086], [-12.0991, 14.3095], [-12.0992, 14.3102], [-12.0999, 14.3103], [-12.1004, 14.3101], [-12.1021, 14.3095], [-12.1027, 14.3099], [-12.1026, 14.3106], [-12.1026, 14.3114], [-12.103, 14.3118], [-12.1031, 14.3123], [-12.1027, 14.3131], [-12.1019, 14.3132], [-12.1013, 14.3127], [-12.1012, 14.3126], [-12.1008, 14.3123], [-12.1003, 14.3124], [-12.0996, 14.3126], [-12.0985, 14.3131], [-12.0978, 14.3131], [-12.097, 14.313], [-12.0964, 14.3133], [-12.0965, 14.3141], [-12.0965, 14.3144], [-12.0965, 14.3145], [-12.0936, 14.3164], [-12.0935, 14.3165], [-12.0937, 14.3169], [-12.0939, 14.3176], [-12.0938, 14.318], [-12.0932, 14.3182], [-12.0931, 14.3189], [-12.0935, 14.3193], [-12.0944, 14.3193], [-12.0953, 14.3202], [-12.0953, 14.3211], [-12.0941, 14.3215], [-12.0935, 14.3213], [-12.0932, 14.3218], [-12.0927, 14.3224], [-12.0921, 14.3229], [-12.0913, 14.3235], [-12.0911, 14.3242], [-12.0918, 14.325], [-12.0926, 14.325], [-12.0938, 14.3254], [-12.0952, 14.3258], [-12.0963, 14.3253], [-12.0974, 14.3251], [-12.0982, 14.3252], [-12.0985, 14.3259], [-12.0985, 14.3264], [-12.0986, 14.3267], [-12.0991, 14.3267], [-12.0996, 14.3265], [-12.1, 14.3258], [-12.1005, 14.3256], [-12.101, 14.3258], [-12.1017, 14.3257], [-12.1019, 14.3254], [-12.1019, 14.3249], [-12.1017, 14.3243], [-12.1019, 14.3236], [-12.1023, 14.3234], [-12.1027, 14.3236], [-12.1034, 14.3247], [-12.1036, 14.3258], [-12.1038, 14.3271], [-12.1035, 14.3277], [-12.103, 14.3283], [-12.1029, 14.329], [-12.1032, 14.3295], [-12.1037, 14.3298], [-12.1042, 14.3299], [-12.1047, 14.3308], [-12.1048, 14.332], [-12.105, 14.3324], [-12.1056, 14.3329], [-12.106, 14.3335], [-12.1058, 14.3341], [-12.1051, 14.3345], [-12.1043, 14.3338], [-12.1037, 14.3336], [-12.1029, 14.3337], [-12.1024, 14.3343], [-12.1026, 14.3349], [-12.1027, 14.3351], [-12.1031, 14.3361], [-12.1029, 14.3365], [-12.1024, 14.3371], [-12.1014, 14.3371], [-12.1006, 14.3365], [-12.1004, 14.3352], [-12.1008, 14.3346], [-12.1013, 14.3335], [-12.1016, 14.3321], [-12.1014, 14.3313], [-12.1007, 14.3305], [-12.1007, 14.3304], [-12.0997, 14.3303], [-12.0992, 14.3307], [-12.0991, 14.3308], [-12.0992, 14.3314], [-12.0996, 14.3318], [-12.1001, 14.3322], [-12.0999, 14.3328], [-12.0996, 14.3332], [-12.099, 14.3332], [-12.0985, 14.3331], [-12.0982, 14.3327], [-12.098, 14.3323], [-12.0975, 14.332], [-12.0969, 14.332], [-12.0964, 14.3323], [-12.0963, 14.333], [-12.0965, 14.3337], [-12.0968, 14.3341], [-12.0973, 14.3342], [-12.0979, 14.3345], [-12.0979, 14.3353], [-12.0973, 14.3358], [-12.0968, 14.3359], [-12.0963, 14.3356], [-12.0961, 14.3352], [-12.0955, 14.335], [-12.0948, 14.3351], [-12.0939, 14.3351], [-12.0933, 14.3349], [-12.0931, 14.3343], [-12.0935, 14.3335], [-12.094, 14.3333], [-12.0942, 14.3337], [-12.0945, 14.3338], [-12.0949, 14.3336], [-12.0951, 14.3334], [-12.0951, 14.3331], [-12.0951, 14.3327], [-12.0953, 14.332], [-12.0954, 14.3317], [-12.0955, 14.3314], [-12.0954, 14.3313], [-12.0952, 14.3309], [-12.0946, 14.3309], [-12.0942, 14.3314], [-12.0935, 14.332], [-12.0931, 14.3322], [-12.0925, 14.3324], [-12.0918, 14.3326], [-12.0914, 14.3333], [-12.0909, 14.3339], [-12.0904, 14.3344], [-12.0898, 14.3347], [-12.0898, 14.3353], [-12.0905, 14.3361], [-12.0912, 14.3366], [-12.0917, 14.3368], [-12.0928, 14.3368], [-12.0939, 14.3371], [-12.0944, 14.3378], [-12.0942, 14.3385], [-12.0938, 14.3392], [-12.0943, 14.3406], [-12.0949, 14.3417], [-12.0956, 14.3424], [-12.0962, 14.3427], [-12.0975, 14.3428], [-12.0997, 14.3432], [-12.1004, 14.3436], [-12.1014, 14.3446], [-12.1019, 14.346], [-12.1023, 14.3466], [-12.1027, 14.3474], [-12.1028, 14.3484], [-12.1025, 14.3493], [-12.1021, 14.3497], [-12.1014, 14.3498], [-12.1006, 14.3504], [-12.1005, 14.3512], [-12.1005, 14.3522], [-12.0999, 14.3528], [-12.0992, 14.3532], [-12.0986, 14.3536], [-12.0984, 14.3541], [-12.0985, 14.3546], [-12.0983, 14.3552], [-12.0977, 14.3554], [-12.0974, 14.3554], [-12.0968, 14.3551], [-12.0965, 14.3547], [-12.0961, 14.3543], [-12.0956, 14.3539], [-12.0951, 14.3539], [-12.0943, 14.354], [-12.0934, 14.3543], [-12.0934, 14.3554], [-12.0935, 14.3561], [-12.0936, 14.3574], [-12.0938, 14.358], [-12.0944, 14.3582], [-12.0948, 14.3585], [-12.0948, 14.3591], [-12.0942, 14.3597], [-12.0936, 14.3604], [-12.093, 14.3612], [-12.0927, 14.362], [-12.0926, 14.3627], [-12.0933, 14.3638], [-12.0935, 14.3645], [-12.0933, 14.3655], [-12.0932, 14.3662], [-12.0934, 14.3669], [-12.094, 14.3672], [-12.0943, 14.3673], [-12.0952, 14.3682], [-12.0965, 14.3702], [-12.0985, 14.3723], [-12.1002, 14.3733], [-12.1024, 14.3741], [-12.1038, 14.374], [-12.1044, 14.3738], [-12.1055, 14.3737], [-12.1066, 14.3736], [-12.1075, 14.3734], [-12.1082, 14.3729], [-12.1095, 14.3725], [-12.1106, 14.372], [-12.1115, 14.3715], [-12.1123, 14.3705], [-12.1135, 14.3694], [-12.1146, 14.369], [-12.1156, 14.3679], [-12.1158, 14.3672], [-12.1159, 14.3664], [-12.1162, 14.3659], [-12.117, 14.3657], [-12.1177, 14.3659], [-12.1182, 14.3663], [-12.1185, 14.3672], [-12.1186, 14.3677], [-12.119, 14.3685], [-12.1196, 14.3689], [-12.1202, 14.3689], [-12.1212, 14.3692], [-12.1217, 14.3696], [-12.1221, 14.37], [-12.1225, 14.3702], [-12.123, 14.37], [-12.1235, 14.3696], [-12.1242, 14.3696], [-12.125, 14.3705], [-12.127, 14.3731], [-12.1276, 14.3749], [-12.1278, 14.3762], [-12.1279, 14.378], [-12.128, 14.3797], [-12.1278, 14.381], [-12.1271, 14.3819], [-12.1263, 14.3827], [-12.1257, 14.3836], [-12.1254, 14.3847], [-12.125, 14.3859], [-12.1242, 14.3869], [-12.1239, 14.388], [-12.1241, 14.3893], [-12.1244, 14.3903], [-12.1245, 14.3916], [-12.125, 14.3928], [-12.1259, 14.3929], [-12.1265, 14.3927], [-12.1271, 14.3919], [-12.1279, 14.3913], [-12.1284, 14.3909], [-12.1289, 14.3905], [-12.1288, 14.3901], [-12.1283, 14.3893], [-12.1276, 14.3886], [-12.127, 14.3876], [-12.1271, 14.3869], [-12.1276, 14.3863], [-12.1285, 14.3861], [-12.1289, 14.3861], [-12.1296, 14.3858], [-12.1298, 14.3853], [-12.1304, 14.3851], [-12.131, 14.3853], [-12.1322, 14.3857], [-12.1337, 14.3865], [-12.1353, 14.3874], [-12.1366, 14.3877], [-12.1373, 14.3873], [-12.1381, 14.3873], [-12.1387, 14.3873], [-12.139, 14.387], [-12.1395, 14.3859], [-12.1395, 14.3851], [-12.1396, 14.3843], [-12.1406, 14.3835], [-12.142, 14.3831], [-12.1444, 14.383], [-12.1464, 14.3832], [-12.1489, 14.3836], [-12.1503, 14.3836], [-12.1519, 14.3836], [-12.1535, 14.3834], [-12.1546, 14.3834], [-12.1554, 14.3841], [-12.1563, 14.3843], [-12.1573, 14.3843], [-12.1582, 14.3851], [-12.1597, 14.386], [-12.1612, 14.3866], [-12.1624, 14.3872], [-12.1632, 14.3875], [-12.1636, 14.3885], [-12.1635, 14.389], [-12.1631, 14.3892], [-12.1628, 14.3896], [-12.163, 14.3901], [-12.1638, 14.3908], [-12.1645, 14.3918], [-12.1653, 14.3929], [-12.1664, 14.3938], [-12.1673, 14.3945], [-12.1676, 14.3952], [-12.1681, 14.3964], [-12.1683, 14.3979], [-12.1688, 14.399], [-12.1693, 14.3996], [-12.1698, 14.3993], [-12.17, 14.3991], [-12.1703, 14.3986], [-12.1711, 14.3984], [-12.1721, 14.3981], [-12.1727, 14.3982], [-12.1732, 14.3986], [-12.174, 14.3992], [-12.1751, 14.3993], [-12.1767, 14.3988], [-12.1771, 14.3982], [-12.1783, 14.3959], [-12.1794, 14.3948], [-12.1803, 14.3948], [-12.1812, 14.395], [-12.182, 14.3958], [-12.1825, 14.3966], [-12.1833, 14.397], [-12.1845, 14.3973], [-12.186, 14.3975], [-12.1872, 14.3981], [-12.1884, 14.3992], [-12.1898, 14.4009], [-12.191, 14.4017], [-12.192, 14.4021], [-12.1929, 14.4022], [-12.1937, 14.4027], [-12.1941, 14.4034], [-12.1955, 14.4039], [-12.1969, 14.4042], [-12.1979, 14.4044], [-12.1986, 14.4047], [-12.1988, 14.4048], [-12.1988, 14.4054], [-12.1984, 14.411], [-12.1984, 14.4129], [-12.1991, 14.4152], [-12.1998, 14.419], [-12.2001, 14.4213], [-12.1997, 14.4229], [-12.1991, 14.424], [-12.1972, 14.4274], [-12.195, 14.4295], [-12.1924, 14.4317], [-12.1899, 14.4345], [-12.1887, 14.4359], [-12.1874, 14.4378], [-12.1874, 14.4397], [-12.1879, 14.4415], [-12.1889, 14.4434], [-12.1914, 14.4459], [-12.1952, 14.45], [-12.1988, 14.4527], [-12.2025, 14.4556], [-12.2038, 14.4569], [-12.2047, 14.459], [-12.2046, 14.4611], [-12.2037, 14.4643], [-12.2014, 14.469], [-12.1996, 14.4727], [-12.1988, 14.4745], [-12.1976, 14.4761], [-12.1968, 14.4776], [-12.1971, 14.4791], [-12.198, 14.4804], [-12.2, 14.4827], [-12.2036, 14.4838], [-12.2086, 14.4853], [-12.2125, 14.487], [-12.216, 14.4885], [-12.2176, 14.4904], [-12.2191, 14.4936], [-12.2194, 14.5007], [-12.2195, 14.5038], [-12.2192, 14.5063], [-12.2182, 14.5099], [-12.2163, 14.5147], [-12.2139, 14.5197], [-12.2125, 14.5228], [-12.2118, 14.5247], [-12.2121, 14.5273], [-12.2123, 14.5311], [-12.213, 14.5339], [-12.2136, 14.5362], [-12.214, 14.5388], [-12.2145, 14.5426], [-12.2152, 14.5452], [-12.215, 14.5475], [-12.2141, 14.55], [-12.2122, 14.5524], [-12.2091, 14.555], [-12.2064, 14.5562], [-12.203, 14.5562], [-12.1999, 14.5557], [-12.1966, 14.5555], [-12.1952, 14.5551], [-12.1927, 14.5544], [-12.1916, 14.5541], [-12.1893, 14.5545], [-12.1863, 14.5556], [-12.1857, 14.5559], [-12.185, 14.5564], [-12.1845, 14.5575], [-12.184, 14.5585], [-12.184, 14.5597], [-12.1843, 14.5623], [-12.1846, 14.5637], [-12.1846, 14.5649], [-12.1845, 14.5662], [-12.1843, 14.567], [-12.1835, 14.5689], [-12.1826, 14.5706], [-12.1821, 14.5716], [-12.1816, 14.573], [-12.1812, 14.5744], [-12.1799, 14.5764], [-12.1777, 14.5789], [-12.173, 14.5834], [-12.1718, 14.5847], [-12.171, 14.586], [-12.1708, 14.5873], [-12.171, 14.589], [-12.1711, 14.5924], [-12.1714, 14.5963], [-12.1714, 14.5986], [-12.1714, 14.6], [-12.1714, 14.6], [-12.1712, 14.6033], [-12.1713, 14.6073], [-12.1718, 14.6105], [-12.1713, 14.6132], [-12.1699, 14.6147], [-12.1683, 14.6157], [-12.1666, 14.616], [-12.1621, 14.6159], [-12.1595, 14.6158], [-12.1569, 14.6159], [-12.1542, 14.6164], [-12.1525, 14.6171], [-12.1503, 14.6185], [-12.1482, 14.6212], [-12.1473, 14.6237], [-12.146, 14.6273], [-12.1443, 14.6305], [-12.1431, 14.6339], [-12.1426, 14.6359], [-12.1423, 14.6402], [-12.1429, 14.6447], [-12.1428, 14.6475], [-12.1434, 14.6497], [-12.1444, 14.6526], [-12.146, 14.6544], [-12.1482, 14.6563], [-12.1511, 14.6575], [-12.1564, 14.6595], [-12.1641, 14.6609], [-12.1688, 14.662], [-12.1732, 14.6622], [-12.174, 14.6627], [-12.1743, 14.6635], [-12.1751, 14.6653], [-12.1755, 14.6679], [-12.1755, 14.6694], [-12.1752, 14.6705], [-12.1745, 14.6714], [-12.1726, 14.6717], [-12.1682, 14.673], [-12.1654, 14.6743], [-12.1627, 14.6762], [-12.1603, 14.6779], [-12.1576, 14.681], [-12.1572, 14.6828], [-12.1571, 14.6841], [-12.1576, 14.6868], [-12.159, 14.6885], [-12.1605, 14.6896], [-12.1616, 14.6897], [-12.1626, 14.6895], [-12.1645, 14.6885], [-12.1669, 14.6876], [-12.1681, 14.687], [-12.1691, 14.687], [-12.1701, 14.6872], [-12.1721, 14.6881], [-12.1741, 14.6898], [-12.1753, 14.6913], [-12.1766, 14.6926], [-12.1783, 14.6942], [-12.1797, 14.6962], [-12.1814, 14.6973], [-12.1839, 14.6978], [-12.187, 14.6978], [-12.1913, 14.697], [-12.195, 14.6966], [-12.198, 14.6968], [-12.1999, 14.697], [-12.2027, 14.6986], [-12.2078, 14.701], [-12.2115, 14.7054], [-12.2118, 14.7067], [-12.2116, 14.708], [-12.2111, 14.7094], [-12.2092, 14.7126], [-12.2078, 14.7147], [-12.2071, 14.7163], [-12.2071, 14.7181], [-12.2073, 14.7229], [-12.2083, 14.7271], [-12.209, 14.73], [-12.211, 14.733], [-12.2132, 14.7348], [-12.2149, 14.7368], [-12.218, 14.7378], [-12.2229, 14.7379], [-12.2262, 14.7373], [-12.2279, 14.7374], [-12.231, 14.7385], [-12.2318, 14.7395], [-12.2324, 14.7408], [-12.2327, 14.7428], [-12.2334, 14.7464], [-12.2346, 14.7526], [-12.2347, 14.7532], [-12.2357, 14.758], [-12.2369, 14.7627], [-12.2377, 14.7666], [-12.2405, 14.7675], [-12.2439, 14.7685], [-12.2466, 14.7697], [-12.2518, 14.7705], [-12.2564, 14.7723], [-12.2611, 14.7735], [-12.264, 14.7749], [-12.2666, 14.7752], [-12.2704, 14.7765], [-12.2748, 14.7783], [-12.2779, 14.7793], [-12.2803, 14.7811], [-12.2818, 14.7829], [-12.2851, 14.7853], [-12.2869, 14.7882], [-12.2888, 14.7903], [-12.2902, 14.7916], [-12.2934, 14.7955], [-12.2954, 14.7971], [-12.2982, 14.8007], [-12.3001, 14.8025], [-12.3014, 14.8042], [-12.303, 14.8057], [-12.3049, 14.8076], [-12.306, 14.8086], [-12.307, 14.8096], [-12.3079, 14.8109], [-12.3089, 14.8124], [-12.3104, 14.8145], [-12.3115, 14.8159], [-12.3121, 14.8174], [-12.3138, 14.8197], [-12.3153, 14.8211], [-12.3169, 14.8227], [-12.3186, 14.8246], [-12.3203, 14.8261], [-12.3223, 14.8272], [-12.3236, 14.828], [-12.3255, 14.8289], [-12.328, 14.8302], [-12.3306, 14.831], [-12.3339, 14.8317], [-12.3356, 14.8316], [-12.3378, 14.8317], [-12.3396, 14.8318], [-12.3416, 14.8316], [-12.3441, 14.8314], [-12.3445, 14.8309], [-12.3469, 14.8313], [-12.3498, 14.8318], [-12.3526, 14.8315], [-12.3546, 14.8313], [-12.3569, 14.8326], [-12.3592, 14.8331], [-12.3635, 14.8344], [-12.3655, 14.8354], [-12.3673, 14.8352], [-12.3699, 14.8357], [-12.3712, 14.8372], [-12.3723, 14.8378], [-12.3739, 14.8391], [-12.3749, 14.8398], [-12.3766, 14.8414], [-12.3778, 14.8425], [-12.3794, 14.8437], [-12.3807, 14.8448], [-12.3824, 14.8458], [-12.3849, 14.847], [-12.3862, 14.8472], [-12.387, 14.8467], [-12.388, 14.8464], [-12.3893, 14.8463], [-12.391, 14.8462], [-12.3924, 14.8467], [-12.3937, 14.8474], [-12.3956, 14.8489], [-12.3967, 14.8498], [-12.3983, 14.8509], [-12.4002, 14.8527], [-12.4018, 14.8541], [-12.4025, 14.8553], [-12.4045, 14.857], [-12.4055, 14.8581], [-12.4083, 14.86], [-12.4097, 14.8607], [-12.411, 14.8614], [-12.4126, 14.8632], [-12.4145, 14.8643], [-12.4164, 14.8662], [-12.4179, 14.8677], [-12.4193, 14.869], [-12.4209, 14.8705], [-12.4225, 14.8725], [-12.4238, 14.874], [-12.4253, 14.8759], [-12.4267, 14.8772], [-12.4278, 14.8783], [-12.4292, 14.8797], [-12.4305, 14.8808], [-12.4316, 14.8823], [-12.4326, 14.8832], [-12.4342, 14.8844], [-12.4359, 14.8856], [-12.437, 14.8868], [-12.4382, 14.8876], [-12.4395, 14.8886], [-12.4414, 14.8896], [-12.4426, 14.8898], [-12.4441, 14.8904], [-12.4456, 14.8913], [-12.447, 14.8921], [-12.4481, 14.8926], [-12.4484, 14.8934], [-12.449, 14.8947], [-12.4492, 14.8958], [-12.4495, 14.8973], [-12.4494, 14.8985], [-12.4492, 14.8994], [-12.4486, 14.9005], [-12.4484, 14.9019], [-12.4477, 14.903], [-12.4472, 14.9041], [-12.4466, 14.9055], [-12.4463, 14.9065], [-12.4462, 14.9082], [-12.4461, 14.91], [-12.4461, 14.9115], [-12.4457, 14.9129], [-12.4455, 14.9142], [-12.4453, 14.9152], [-12.4455, 14.9161], [-12.4459, 14.9172], [-12.4463, 14.9187], [-12.4467, 14.9198], [-12.4477, 14.9218], [-12.4482, 14.9232], [-12.4486, 14.9247], [-12.4491, 14.9254], [-12.449, 14.9274], [-12.4492, 14.9291], [-12.4496, 14.9307], [-12.4497, 14.9326], [-12.4501, 14.9347], [-12.4501, 14.9369], [-12.45, 14.9388], [-12.4503, 14.94], [-12.4505, 14.9413], [-12.4506, 14.9433], [-12.4508, 14.945], [-12.4509, 14.9465], [-12.4513, 14.9482], [-12.4518, 14.9498], [-12.452, 14.9516], [-12.4523, 14.9536], [-12.4525, 14.9562], [-12.4526, 14.9578], [-12.4527, 14.9596], [-12.4533, 14.9631], [-12.4536, 14.9662], [-12.4542, 14.9683], [-12.4544, 14.9703], [-12.4547, 14.9731], [-12.4547, 14.9749], [-12.4556, 14.9769], [-12.4555, 14.978], [-12.4557, 14.9787], [-12.4559, 14.9802], [-12.4564, 14.9826], [-12.4567, 14.9838], [-12.4574, 14.9858], [-12.458, 14.9874], [-12.4587, 14.9885], [-12.4594, 14.9891], [-12.4603, 14.9897], [-12.4611, 14.9904], [-12.4622, 14.9913], [-12.4631, 14.9922], [-12.464, 14.9931], [-12.4649, 14.9942], [-12.4654, 14.9951], [-12.4659, 14.9961], [-12.4662, 14.9968], [-12.4669, 14.9985], [-12.4671, 14.9991], [-12.4679, 15.0004], [-12.4693, 15.0021], [-12.4706, 15.0029], [-12.4718, 15.0035], [-12.4731, 15.0043], [-12.4747, 15.0049], [-12.4758, 15.0053], [-12.4768, 15.0059], [-12.4775, 15.0065], [-12.4782, 15.0075], [-12.4791, 15.0085], [-12.4803, 15.0095], [-12.4813, 15.0107], [-12.483, 15.0115], [-12.4842, 15.0122], [-12.4854, 15.013], [-12.4868, 15.0141], [-12.4882, 15.0152], [-12.4898, 15.0162], [-12.4909, 15.0172], [-12.4924, 15.018], [-12.4941, 15.0185], [-12.4962, 15.0191], [-12.4976, 15.0193], [-12.5013, 15.0192], [-12.5038, 15.0196], [-12.5052, 15.0199], [-12.5068, 15.0205], [-12.5079, 15.0212], [-12.5095, 15.0225], [-12.5119, 15.0239], [-12.514, 15.0245], [-12.5163, 15.025], [-12.5183, 15.0256], [-12.5206, 15.0262], [-12.5235, 15.0271], [-12.5265, 15.0277], [-12.5296, 15.0283], [-12.5325, 15.0291], [-12.5346, 15.0296], [-12.5365, 15.0303], [-12.539, 15.0309], [-12.5419, 15.0317], [-12.5441, 15.0322], [-12.5465, 15.0329], [-12.5483, 15.0335], [-12.5505, 15.0343], [-12.5514, 15.0348], [-12.5527, 15.0357], [-12.5539, 15.0368], [-12.5565, 15.0393], [-12.5591, 15.0421], [-12.5614, 15.0445], [-12.5634, 15.0462], [-12.5652, 15.0476], [-12.5676, 15.0497], [-12.5689, 15.0511], [-12.5707, 15.0531], [-12.5728, 15.0551], [-12.5751, 15.0575], [-12.5765, 15.059], [-12.5782, 15.0607], [-12.58, 15.0621], [-12.5815, 15.0629], [-12.583, 15.0636], [-12.5842, 15.0644], [-12.5852, 15.0654], [-12.5863, 15.0669], [-12.5873, 15.0679], [-12.5887, 15.0696], [-12.5888, 15.0695], [-12.5905, 15.0714], [-12.5917, 15.0733], [-12.5929, 15.0747], [-12.5938, 15.0759], [-12.5945, 15.0768], [-12.5958, 15.0784], [-12.5977, 15.0801], [-12.6007, 15.0823], [-12.6029, 15.0835], [-12.6053, 15.085], [-12.6073, 15.0861], [-12.6096, 15.0872], [-12.6113, 15.0882], [-12.6143, 15.0891], [-12.6167, 15.0903], [-12.6191, 15.0916], [-12.6215, 15.0925], [-12.6242, 15.0932], [-12.6279, 15.0946], [-12.6321, 15.0963], [-12.6356, 15.0984], [-12.6394, 15.1006], [-12.6432, 15.1028], [-12.6459, 15.1042], [-12.6486, 15.1057], [-12.6516, 15.1071], [-12.6538, 15.1082], [-12.6554, 15.109], [-12.6583, 15.1103], [-12.6606, 15.1106], [-12.6622, 15.1111], [-12.6638, 15.1111], [-12.6655, 15.1112], [-12.6691, 15.1109], [-12.6719, 15.1104], [-12.6744, 15.1094], [-12.6766, 15.1085], [-12.6795, 15.1067], [-12.6817, 15.105], [-12.6835, 15.1029], [-12.6847, 15.1005], [-12.6851, 15.0983], [-12.6856, 15.0953], [-12.6855, 15.0932], [-12.6854, 15.091], [-12.6855, 15.0894], [-12.686, 15.088], [-12.6862, 15.0872], [-12.6868, 15.0869], [-12.687, 15.0869], [-12.687, 15.0869], [-12.6873, 15.0868], [-12.6877, 15.0868], [-12.6766, 15.0709], [-12.6653, 15.0541], [-12.6456, 15.0272], [-12.6261, 15.0005], [-12.6259, 15.0002], [-12.6249, 14.9972], [-12.6247, 14.9954], [-12.624, 14.9931], [-12.6231, 14.9914], [-12.6223, 14.9903], [-12.6225, 14.988], [-12.6223, 14.987], [-12.6224, 14.986], [-12.6221, 14.9848], [-12.6218, 14.9838], [-12.6208, 14.9834], [-12.6198, 14.9827], [-12.6189, 14.982], [-12.6175, 14.9811], [-12.6167, 14.9806], [-12.6158, 14.9798], [-12.6153, 14.9792], [-12.6153, 14.9781], [-12.6165, 14.9773], [-12.6162, 14.9764], [-12.6172, 14.9766], [-12.617, 14.9757], [-12.6168, 14.974], [-12.6156, 14.9728], [-12.6152, 14.9724], [-12.6148, 14.9723], [-12.6138, 14.9722], [-12.6133, 14.9721], [-12.6129, 14.9717], [-12.6114, 14.9701], [-12.6114, 14.9695], [-12.6122, 14.9688], [-12.6132, 14.968], [-12.6138, 14.9673], [-12.6141, 14.9664], [-12.614, 14.9654], [-12.6138, 14.9651], [-12.613, 14.9648], [-12.6119, 14.9645], [-12.611, 14.9638], [-12.6099, 14.9633], [-12.6086, 14.963], [-12.6078, 14.9626], [-12.607, 14.9621], [-12.6062, 14.9606], [-12.6065, 14.9591], [-12.6061, 14.9578], [-12.6054, 14.9566], [-12.6054, 14.9558], [-12.605, 14.955], [-12.6043, 14.9529], [-12.6043, 14.9519], [-12.6037, 14.9511], [-12.6034, 14.95], [-12.6034, 14.949], [-12.6033, 14.9486], [-12.6032, 14.9476], [-12.6031, 14.9465], [-12.6026, 14.9453], [-12.6018, 14.9438], [-12.602, 14.9428], [-12.6025, 14.941], [-12.6019, 14.9399], [-12.6023, 14.9384], [-12.6023, 14.9373], [-12.6017, 14.9361], [-12.6017, 14.9355], [-12.6013, 14.9339], [-12.6013, 14.9331], [-12.6018, 14.9319], [-12.6018, 14.9306], [-12.6012, 14.9292], [-12.6004, 14.9277], [-12.5999, 14.9261], [-12.5982, 14.9243], [-12.5979, 14.9227], [-12.5972, 14.9218], [-12.5965, 14.9204], [-12.596, 14.9192], [-12.5952, 14.9177], [-12.5941, 14.9166], [-12.5938, 14.9155], [-12.5928, 14.9142], [-12.5921, 14.9132], [-12.5917, 14.9121], [-12.5916, 14.9108], [-12.5904, 14.9098], [-12.5896, 14.9089], [-12.589, 14.9077], [-12.5882, 14.9069], [-12.5878, 14.9055], [-12.5871, 14.9051], [-12.587, 14.9045], [-12.589, 14.901], [-12.591, 14.8958], [-12.5953, 14.8838], [-12.5964, 14.8808], [-12.5982, 14.8759], [-12.6068, 14.8476], [-12.6078, 14.8446], [-12.6144, 14.8259], [-12.6168, 14.8192], [-12.626, 14.7906], [-12.6353, 14.7616], [-12.6449, 14.7328], [-12.6491, 14.7212], [-12.6522, 14.7085], [-12.6543, 14.7045], [-12.6709, 14.6819], [-12.6873, 14.6587], [-12.7042, 14.636], [-12.7221, 14.6127], [-12.7472, 14.6034], [-12.7716, 14.5925], [-12.7967, 14.5814], [-12.8223, 14.5774], [-12.8482, 14.5737], [-12.874, 14.5704], [-12.8999, 14.5665], [-12.9261, 14.5625], [-12.9496, 14.5595], [-12.9502, 14.5595], [-12.9544, 14.5604], [-12.9755, 14.5665], [-12.9996, 14.5723], [-13.0001, 14.5724], [-13.0172, 14.5776], [-13.0375, 14.582], [-13.0669, 14.5865], [-13.0821, 14.5888], [-13.0962, 14.5911], [-13.1253, 14.5954], [-13.1552, 14.5997], [-13.184, 14.6042], [-13.1943, 14.6054], [-13.204, 14.607], [-13.2143, 14.6081], [-13.2234, 14.6097], [-13.2246, 14.6099], [-13.2349, 14.6117], [-13.2452, 14.6134], [-13.2623, 14.6006], [-13.2766, 14.5894], [-13.2917, 14.5781], [-13.3078, 14.566], [-13.3221, 14.555], [-13.3372, 14.5433], [-13.352, 14.532], [-13.3679, 14.5207], [-13.3821, 14.5096], [-13.3979, 14.498], [-13.4136, 14.4864], [-13.4285, 14.4753], [-13.4434, 14.4636], [-13.4593, 14.4515], [-13.4737, 14.4406], [-13.4891, 14.4281], [-13.5042, 14.4179], [-13.5191, 14.4064], [-13.5322, 14.407], [-13.533, 14.4071], [-13.5347, 14.407], [-13.5478, 14.4075], [-13.5578, 14.4078], [-13.5678, 14.408], [-13.5772, 14.4083], [-13.5871, 14.4084], [-13.5976, 14.4086], [-13.6073, 14.4088], [-13.6175, 14.4093], [-13.6272, 14.4093], [-13.6378, 14.4098], [-13.6666, 14.41], [-13.677, 14.4096], [-13.6865, 14.4104], [-13.6972, 14.4107], [-13.7072, 14.4108], [-13.7165, 14.411], [-13.7265, 14.4112], [-13.7373, 14.4115], [-13.7469, 14.4121], [-13.7576, 14.4119], [-13.7742, 14.4126], [-13.7798, 14.4125], [-13.7894, 14.4125], [-13.7983, 14.4123], [-13.8171, 14.4132], [-13.8282, 14.4134], [-13.8471, 14.4138], [-13.8718, 14.4256], [-13.8974, 14.4379], [-13.9227, 14.4501], [-13.9456, 14.4617], [-13.9478, 14.4628], [-13.9497, 14.4637], [-13.9743, 14.4748], [-13.999, 14.4867], [-14.0013, 14.4879], [-14.0043, 14.4884], [-14.0127, 14.4907], [-14.0233, 14.4939], [-14.027, 14.4956], [-14.0317, 14.4971], [-14.0366, 14.4982], [-14.0405, 14.4997], [-14.0448, 14.5016], [-14.0482, 14.5024], [-14.0509, 14.5033], [-14.0531, 14.5034], [-14.0551, 14.5042], [-14.0568, 14.5047], [-14.0615, 14.5063], [-14.0639, 14.507], [-14.0657, 14.5076], [-14.0686, 14.5085], [-14.0709, 14.5092], [-14.0731, 14.5099], [-14.0754, 14.511], [-14.0771, 14.5114], [-14.0793, 14.5129], [-14.0822, 14.5134], [-14.0828, 14.5139], [-14.087, 14.515], [-14.0909, 14.5164], [-14.0957, 14.5179], [-14.1001, 14.5197], [-14.1051, 14.521], [-14.1093, 14.5229], [-14.114, 14.5242], [-14.1184, 14.5262], [-14.1217, 14.5266], [-14.1253, 14.5281], [-14.1291, 14.529], [-14.1336, 14.5305], [-14.1382, 14.5316], [-14.1407, 14.533], [-14.1436, 14.5333], [-14.1481, 14.5353], [-14.1521, 14.5366], [-14.1578, 14.5385], [-14.1605, 14.5392], [-14.1631, 14.54], [-14.1673, 14.5422], [-14.1688, 14.5429], [-14.171, 14.543], [-14.1721, 14.5437], [-14.1733, 14.5444], [-14.1746, 14.5447], [-14.1766, 14.5454], [-14.1804, 14.5462], [-14.1828, 14.5476], [-14.1851, 14.5477], [-14.1867, 14.5482], [-14.188, 14.549], [-14.1922, 14.5503], [-14.1962, 14.551], [-14.1985, 14.5517], [-14.2009, 14.5529], [-14.2043, 14.5536], [-14.206, 14.5543], [-14.2086, 14.5549], [-14.2105, 14.5554], [-14.2127, 14.5565], [-14.2146, 14.5569], [-14.2169, 14.5583], [-14.2198, 14.5589], [-14.2225, 14.5597], [-14.2247, 14.5606], [-14.2267, 14.5609], [-14.2283, 14.5616], [-14.2314, 14.5629], [-14.2344, 14.5633], [-14.237, 14.5647], [-14.2398, 14.5657], [-14.2421, 14.5666], [-14.2453, 14.5672], [-14.2483, 14.5684], [-14.25, 14.569], [-14.2516, 14.5697], [-14.2544, 14.571], [-14.2571, 14.5719], [-14.2602, 14.572], [-14.2613, 14.5724], [-14.2637, 14.5731], [-14.2657, 14.5739], [-14.2674, 14.5744], [-14.2699, 14.5751], [-14.2721, 14.5754], [-14.2728, 14.5756], [-14.274, 14.5761], [-14.274, 14.5767], [-14.2747, 14.579], [-14.2754, 14.5795], [-14.2765, 14.5818], [-14.2767, 14.5825], [-14.2789, 14.5853], [-14.2799, 14.5869], [-14.2822, 14.5878], [-14.2838, 14.5889], [-14.2854, 14.589], [-14.2871, 14.5898], [-14.2891, 14.5909], [-14.2915, 14.5919], [-14.2942, 14.5919], [-14.2954, 14.5916], [-14.2965, 14.5929], [-14.298, 14.5942], [-14.2996, 14.5947], [-14.3013, 14.5953], [-14.3027, 14.5967], [-14.3043, 14.5983], [-14.3056, 14.5996], [-14.3058, 14.5997], [-14.3063, 14.6008], [-14.3068, 14.6022], [-14.3076, 14.6035], [-14.3081, 14.6048], [-14.3088, 14.6065], [-14.309, 14.6076], [-14.3094, 14.6083], [-14.3097, 14.6092], [-14.3104, 14.6107], [-14.3111, 14.6124], [-14.312, 14.6131], [-14.3142, 14.6142], [-14.3156, 14.6146], [-14.3168, 14.6151], [-14.318, 14.6156], [-14.3189, 14.6163], [-14.3198, 14.6173], [-14.3212, 14.6182], [-14.3226, 14.6199], [-14.324, 14.6211], [-14.3256, 14.6224], [-14.3275, 14.6232], [-14.3286, 14.6252], [-14.3301, 14.6263], [-14.3313, 14.6282], [-14.3323, 14.6299], [-14.3331, 14.6321], [-14.3336, 14.6331], [-14.3344, 14.6348], [-14.3349, 14.6358], [-14.3357, 14.6375], [-14.3366, 14.6391], [-14.3372, 14.6403], [-14.3379, 14.6414], [-14.3382, 14.6425], [-14.3386, 14.6441], [-14.3386, 14.6463], [-14.3386, 14.6477], [-14.339, 14.6489], [-14.3396, 14.6499], [-14.3402, 14.6511], [-14.341, 14.6522], [-14.3422, 14.6535], [-14.3433, 14.6549], [-14.3446, 14.6566], [-14.3462, 14.6586], [-14.3466, 14.6582], [-14.348, 14.657], [-14.349, 14.6558], [-14.351, 14.6552], [-14.3543, 14.6551], [-14.3554, 14.6542], [-14.3574, 14.6533], [-14.359, 14.6523], [-14.3602, 14.6513], [-14.3618, 14.6502], [-14.3639, 14.648], [-14.3661, 14.6475], [-14.3673, 14.6471], [-14.3677, 14.6468], [-14.3682, 14.6465], [-14.3705, 14.6473], [-14.3716, 14.6469], [-14.3732, 14.6472], [-14.375, 14.6464], [-14.3754, 14.6452], [-14.3772, 14.6453], [-14.3785, 14.6437], [-14.3814, 14.6433], [-14.3827, 14.6424], [-14.3844, 14.6419], [-14.386, 14.6406], [-14.3872, 14.6399], [-14.3882, 14.6395], [-14.3908, 14.6377], [-14.3923, 14.636], [-14.3943, 14.6357], [-14.3972, 14.635], [-14.3994, 14.6346], [-14.4024, 14.635], [-14.4048, 14.6353], [-14.4075, 14.636], [-14.4085, 14.6366], [-14.4114, 14.6374], [-14.4134, 14.6377], [-14.4143, 14.637], [-14.415, 14.6357], [-14.4153, 14.6349], [-14.4162, 14.6333], [-14.4175, 14.6319], [-14.4201, 14.6304], [-14.4213, 14.6288], [-14.4236, 14.626], [-14.4254, 14.6245], [-14.4267, 14.6229], [-14.4281, 14.6215], [-14.4306, 14.6201], [-14.4319, 14.6185], [-14.434, 14.6157], [-14.4361, 14.6143], [-14.4383, 14.6123], [-14.4402, 14.6102], [-14.4424, 14.6087], [-14.4453, 14.6057], [-14.4475, 14.6022], [-14.4504, 14.5998], [-14.453, 14.5977], [-14.4565, 14.5933], [-14.4594, 14.5908], [-14.4616, 14.5884], [-14.463, 14.5878], [-14.4639, 14.586], [-14.4664, 14.5847], [-14.4683, 14.5822], [-14.4699, 14.5799], [-14.4721, 14.5777], [-14.4744, 14.5758], [-14.4763, 14.5751], [-14.4779, 14.5734], [-14.4793, 14.5708], [-14.4811, 14.5684], [-14.4828, 14.5671], [-14.4851, 14.5672], [-14.488, 14.5661], [-14.4894, 14.5658], [-14.4914, 14.5649], [-14.4931, 14.5639], [-14.4955, 14.5626], [-14.4979, 14.5623], [-14.5004, 14.5615], [-14.5023, 14.5612], [-14.5045, 14.5601], [-14.5071, 14.5598], [-14.5104, 14.5578], [-14.5127, 14.5573], [-14.5162, 14.5559], [-14.5197, 14.5549], [-14.5223, 14.554], [-14.5242, 14.5536], [-14.5258, 14.5533], [-14.5286, 14.5512], [-14.5314, 14.5511], [-14.5344, 14.5498], [-14.5364, 14.5486], [-14.5386, 14.5486], [-14.5409, 14.547], [-14.5439, 14.5463], [-14.5464, 14.5456], [-14.5493, 14.5442], [-14.5508, 14.5435], [-14.5528, 14.5429], [-14.5541, 14.5425], [-14.5557, 14.542], [-14.5587, 14.5423], [-14.5603, 14.5413], [-14.5638, 14.541], [-14.5689, 14.5404], [-14.5716, 14.54], [-14.5753, 14.5396], [-14.5774, 14.5385], [-14.5799, 14.5379], [-14.5838, 14.5371], [-14.5856, 14.5367], [-14.5876, 14.5371], [-14.5915, 14.5359], [-14.5949, 14.5357], [-14.5989, 14.5344], [-14.6023, 14.5336], [-14.6053, 14.5336], [-14.6083, 14.533], [-14.6111, 14.532], [-14.6123, 14.532], [-14.6144, 14.5316], [-14.6175, 14.531], [-14.6195, 14.5302], [-14.6213, 14.5296], [-14.6249, 14.5299], [-14.6261, 14.5292], [-14.6282, 14.5289], [-14.6287, 14.528], [-14.6295, 14.5151], [-14.631, 14.4883], [-14.6324, 14.4615], [-14.6338, 14.4522], [-14.6347, 14.4346], [-14.636, 14.4079], [-14.6378, 14.381], [-14.6396, 14.3543], [-14.6409, 14.3275], [-14.6421, 14.3124], [-14.6417, 14.3012], [-14.64, 14.2989], [-14.6384, 14.2976], [-14.6364, 14.296], [-14.6327, 14.2924], [-14.6298, 14.2895], [-14.6267, 14.2873], [-14.6239, 14.2844], [-14.62, 14.2813], [-14.6158, 14.277], [-14.6121, 14.2739], [-14.6103, 14.2722], [-14.6077, 14.2697], [-14.6075, 14.2694], [-14.6068, 14.2686], [-14.606, 14.2677], [-14.604, 14.2657], [-14.6014, 14.263], [-14.5996, 14.262], [-14.5983, 14.2602], [-14.5972, 14.259], [-14.5972, 14.2579], [-14.5965, 14.255], [-14.5964, 14.2512], [-14.596, 14.2482], [-14.5957, 14.2455], [-14.5957, 14.2429], [-14.5952, 14.24], [-14.5949, 14.2379], [-14.5946, 14.2346], [-14.5943, 14.2308], [-14.5944, 14.228], [-14.5941, 14.2252], [-14.5935, 14.2241], [-14.5931, 14.2211], [-14.593, 14.219], [-14.5929, 14.2171], [-14.5926, 14.2154], [-14.5924, 14.213], [-14.592, 14.2089], [-14.5919, 14.2072], [-14.5917, 14.2054], [-14.5915, 14.2024], [-14.5912, 14.201], [-14.5912, 14.1987], [-14.5912, 14.1969], [-14.5912, 14.1956], [-14.5909, 14.1942], [-14.5905, 14.1926], [-14.5905, 14.1906], [-14.5902, 14.1882], [-14.59, 14.1857], [-14.5897, 14.1832], [-14.5895, 14.181], [-14.5893, 14.1782], [-14.589, 14.1764], [-14.5887, 14.1749], [-14.5887, 14.1719], [-14.5882, 14.169], [-14.5878, 14.1661], [-14.5879, 14.1636], [-14.5877, 14.1618], [-14.5876, 14.1609], [-14.5873, 14.1579], [-14.5871, 14.1549], [-14.5865, 14.1525], [-14.5862, 14.1491], [-14.5859, 14.1463], [-14.5857, 14.1438], [-14.5856, 14.1414], [-14.5858, 14.1394], [-14.5857, 14.1383], [-14.5856, 14.1376], [-14.5859, 14.1365], [-14.5863, 14.1349], [-14.587, 14.1323], [-14.5873, 14.1298], [-14.5875, 14.1276], [-14.5883, 14.1247], [-14.5884, 14.1229], [-14.589, 14.1213], [-14.5896, 14.1179], [-14.5899, 14.1164], [-14.59, 14.116], [-14.5904, 14.1146], [-14.5906, 14.1138], [-14.5908, 14.1129], [-14.5909, 14.1125], [-14.591, 14.1116], [-14.5912, 14.1103], [-14.5918, 14.1076], [-14.5922, 14.1051], [-14.5923, 14.1035], [-14.5926, 14.1023], [-14.5934, 14.0991], [-14.5935, 14.0979], [-14.5938, 14.0962], [-14.5941, 14.0945], [-14.5948, 14.0921], [-14.595, 14.0907], [-14.5946, 14.089], [-14.5943, 14.0871], [-14.5942, 14.0852], [-14.5939, 14.0835], [-14.5934, 14.0822], [-14.5934, 14.0792], [-14.5931, 14.0771], [-14.5932, 14.0741], [-14.5924, 14.0721], [-14.5924, 14.0693], [-14.5916, 14.0674], [-14.5915, 14.0627], [-14.591, 14.0615], [-14.5912, 14.0589], [-14.5905, 14.057], [-14.5904, 14.0535], [-14.5899, 14.0515], [-14.5893, 14.0492], [-14.589, 14.046], [-14.5889, 14.0434], [-14.5884, 14.0406], [-14.5878, 14.0388], [-14.588, 14.0342], [-14.5873, 14.0305], [-14.5874, 14.0267], [-14.5868, 14.0247], [-14.5864, 14.0219], [-14.5859, 14.0191], [-14.586, 14.019], [-14.5857, 14.0163], [-14.5847, 14.0125], [-14.5843, 14.0112], [-14.5844, 14.0099], [-14.5844, 14.0077], [-14.584, 14.0064], [-14.5837, 14.0039], [-14.5834, 14.002], [-14.5832, 14.0012], [-14.5829, 14.0005], [-14.5826, 13.9999], [-14.5829, 13.9982], [-14.5833, 13.9955], [-14.5839, 13.9938], [-14.5846, 13.9908], [-14.5854, 13.9885], [-14.5864, 13.9861], [-14.5873, 13.9832], [-14.5881, 13.9809], [-14.5889, 13.9785], [-14.59, 13.9759], [-14.5918, 13.9722], [-14.5925, 13.9697], [-14.5935, 13.9663], [-14.5945, 13.9628], [-14.5956, 13.9597], [-14.5969, 13.9562], [-14.5983, 13.952], [-14.5996, 13.9498], [-14.6003, 13.9471], [-14.6016, 13.9434], [-14.6024, 13.941], [-14.6061, 13.9395], [-14.6079, 13.9371], [-14.6123, 13.936], [-14.6153, 13.9326], [-14.6203, 13.9301], [-14.6242, 13.928], [-14.6277, 13.9266], [-14.6328, 13.9218], [-14.6356, 13.9205], [-14.6397, 13.9182], [-14.6451, 13.9159], [-14.6479, 13.9129], [-14.6509, 13.9102], [-14.653, 13.9094], [-14.6572, 13.9074], [-14.6606, 13.9046], [-14.666, 13.9019], [-14.6684, 13.8993], [-14.6722, 13.8969], [-14.677, 13.8936], [-14.6801, 13.8929], [-14.6832, 13.8912], [-14.6884, 13.8887], [-14.6924, 13.8871], [-14.694, 13.8845], [-14.6967, 13.8777], [-14.6989, 13.8721], [-14.7018, 13.8657], [-14.7038, 13.8607], [-14.7054, 13.8567], [-14.706, 13.8551], [-14.706, 13.8551], [-14.7087, 13.8491], [-14.7109, 13.8437], [-14.7125, 13.8402], [-14.7143, 13.8361], [-14.7145, 13.8329], [-14.7156, 13.8302], [-14.7179, 13.8276], [-14.7195, 13.8232], [-14.7202, 13.8207], [-14.7206, 13.8191], [-14.7208, 13.8188], [-14.7211, 13.8187], [-14.724, 13.8179], [-14.7311, 13.8168], [-14.7381, 13.8168], [-14.7459, 13.8151], [-14.7525, 13.8152], [-14.7557, 13.8141], [-14.7608, 13.8147], [-14.7665, 13.8147], [-14.7728, 13.8134], [-14.7772, 13.8141], [-14.7814, 13.8136], [-14.7874, 13.8134], [-14.793, 13.8125], [-14.7976, 13.813], [-14.8006, 13.8132], [-14.8042, 13.8124], [-14.8047, 13.8123], [-14.8048, 13.8122], [-14.8064, 13.8103], [-14.8094, 13.8091], [-14.8108, 13.8057], [-14.8124, 13.8024], [-14.8145, 13.8003], [-14.8163, 13.7972], [-14.8186, 13.7951], [-14.8184, 13.7938], [-14.8207, 13.7908], [-14.8221, 13.789], [-14.8233, 13.7854], [-14.826, 13.784], [-14.827, 13.7834], [-14.8269, 13.7804], [-14.829, 13.7791], [-14.8304, 13.778], [-14.8326, 13.7763], [-14.832, 13.773], [-14.8321, 13.7723], [-14.8331, 13.7714], [-14.8336, 13.7707], [-14.8336, 13.7695]]]}}, {"type": "Feature", "properties": {"code": "TH", "name": "Thies", "region": "Thies"}, "geometry": {"type": "Polygon", "coordinates": [[[-17.1446, 14.5868], [-17.1445, 14.5866], [-17.144, 14.5866], [-17.1434, 14.5852], [-17.1428, 14.5834], [-17.142, 14.5818], [-17.1412, 14.5803], [-17.1406, 14.5784], [-17.1403, 14.5764], [-17.1393, 14.5739], [-17.1382, 14.5727], [-17.1374, 14.5719], [-17.1356, 14.5701], [-17.1343, 14.5686], [-17.1333, 14.5676], [-17.1321, 14.5658], [-17.1301, 14.5652], [-17.1279, 14.5639], [-17.1266, 14.5626], [-17.1259, 14.5612], [-17.1247, 14.5601], [-17.1234, 14.5597], [-17.1235, 14.5591], [-17.1213, 14.5582], [-17.12, 14.5571], [-17.1188, 14.5562], [-17.1175, 14.5556], [-17.1162, 14.555], [-17.1148, 14.5542], [-17.1132, 14.5529], [-17.1119, 14.5518], [-17.1112, 14.5519], [-17.111, 14.5516], [-17.1099, 14.5499], [-17.1089, 14.5489], [-17.1081, 14.5475], [-17.1074, 14.5455], [-17.1074, 14.544], [-17.1069, 14.5418], [-17.106, 14.5397], [-17.1058, 14.5386], [-17.1049, 14.5369], [-17.1041, 14.5361], [-17.1038, 14.5348], [-17.1026, 14.5337], [-17.1015, 14.5324], [-17.1011, 14.5309], [-17.1002, 14.5293], [-17.1004, 14.5281], [-17.0999, 14.5269], [-17.0995, 14.5246], [-17.0991, 14.5226], [-17.0986, 14.5212], [-17.0972, 14.5198], [-17.0967, 14.5186], [-17.0958, 14.5169], [-17.095, 14.5152], [-17.0943, 14.5134], [-17.0942, 14.5113], [-17.0929, 14.5102], [-17.0918, 14.5083], [-17.0917, 14.5054], [-17.0918, 14.5045], [-17.0923, 14.5022], [-17.092, 14.5007], [-17.092, 14.4983], [-17.0917, 14.496], [-17.0904, 14.4946], [-17.0892, 14.4934], [-17.0881, 14.4918], [-17.0876, 14.4908], [-17.0867, 14.4901], [-17.0855, 14.4888], [-17.0844, 14.4881], [-17.0828, 14.4877], [-17.0813, 14.4869], [-17.08, 14.4857], [-17.0799, 14.485], [-17.0798, 14.4833], [-17.0796, 14.4819], [-17.0784, 14.4797], [-17.0772, 14.4782], [-17.0769, 14.4779], [-17.0759, 14.4762], [-17.0753, 14.4748], [-17.0741, 14.4732], [-17.0731, 14.4723], [-17.0725, 14.4714], [-17.0723, 14.4704], [-17.0715, 14.4705], [-17.0699, 14.4714], [-17.0686, 14.4718], [-17.0672, 14.4707], [-17.066, 14.4701], [-17.0648, 14.4694], [-17.064, 14.4682], [-17.0636, 14.4674], [-17.0631, 14.4656], [-17.0628, 14.464], [-17.0623, 14.4624], [-17.0619, 14.461], [-17.0612, 14.4589], [-17.061, 14.4568], [-17.0604, 14.4556], [-17.0599, 14.4544], [-17.0593, 14.4529], [-17.0578, 14.4524], [-17.0565, 14.4513], [-17.0552, 14.4505], [-17.0529, 14.4496], [-17.0513, 14.4487], [-17.0498, 14.448], [-17.0483, 14.4475], [-17.0467, 14.4473], [-17.0452, 14.447], [-17.0432, 14.4471], [-17.0412, 14.4471], [-17.0397, 14.4469], [-17.0381, 14.4467], [-17.0369, 14.4459], [-17.0355, 14.4457], [-17.0342, 14.4466], [-17.0326, 14.4469], [-17.0313, 14.4465], [-17.0307, 14.446], [-17.0296, 14.445], [-17.0274, 14.4432], [-17.0261, 14.4419], [-17.0246, 14.441], [-17.0236, 14.4397], [-17.0238, 14.4392], [-17.0217, 14.439], [-17.0193, 14.4385], [-17.0183, 14.438], [-17.0174, 14.4377], [-17.0163, 14.436], [-17.0154, 14.4351], [-17.0132, 14.4355], [-17.0119, 14.4363], [-17.01, 14.4355], [-17.0081, 14.4343], [-17.0068, 14.4331], [-17.006, 14.4321], [-17.0049, 14.4309], [-17.0036, 14.4296], [-17.0025, 14.4294], [-17.0009, 14.4282], [-17.0003, 14.4273], [-16.9999, 14.4272], [-16.9992, 14.4269], [-16.9983, 14.4264], [-16.9959, 14.4248], [-16.9927, 14.4223], [-16.989, 14.4187], [-16.9858, 14.4158], [-16.9821, 14.4138], [-16.9791, 14.4118], [-16.9757, 14.4096], [-16.9725, 14.4072], [-16.9694, 14.4051], [-16.965, 14.4012], [-16.9602, 14.3945], [-16.9568, 14.3882], [-16.9532, 14.3855], [-16.9514, 14.3831], [-16.9502, 14.3794], [-16.9461, 14.3741], [-16.9443, 14.3699], [-16.9414, 14.365], [-16.9384, 14.361], [-16.9363, 14.3569], [-16.934, 14.3526], [-16.9324, 14.3475], [-16.9317, 14.3437], [-16.931, 14.3384], [-16.9312, 14.3346], [-16.932, 14.3285], [-16.933, 14.3209], [-16.9341, 14.3157], [-16.9343, 14.3124], [-16.934, 14.3069], [-16.9328, 14.3023], [-16.9324, 14.2999], [-16.9316, 14.2953], [-16.9306, 14.2909], [-16.929, 14.2879], [-16.9277, 14.2885], [-16.9241, 14.2874], [-16.9206, 14.2869], [-16.9172, 14.2859], [-16.9136, 14.2826], [-16.9104, 14.2792], [-16.9085, 14.2766], [-16.9064, 14.2734], [-16.9044, 14.2696], [-16.9021, 14.2656], [-16.8995, 14.2626], [-16.8958, 14.259], [-16.8918, 14.2553], [-16.8847, 14.2482], [-16.8845, 14.248], [-16.8841, 14.2476], [-16.8812, 14.2424], [-16.8791, 14.2383], [-16.8779, 14.2346], [-16.8764, 14.2315], [-16.8763, 14.2312], [-16.8749, 14.2292], [-16.8744, 14.228], [-16.8742, 14.2269], [-16.8738, 14.2255], [-16.8738, 14.2245], [-16.8738, 14.2235], [-16.8738, 14.2234], [-16.8737, 14.2227], [-16.8736, 14.2226], [-16.8736, 14.2226], [-16.873, 14.2208], [-16.8727, 14.2194], [-16.8713, 14.2169], [-16.8713, 14.214], [-16.8706, 14.2087], [-16.8706, 14.2054], [-16.8708, 14.2035], [-16.8708, 14.2004], [-16.8703, 14.1982], [-16.8707, 14.1954], [-16.8711, 14.1934], [-16.8715, 14.1902], [-16.8718, 14.1875], [-16.8714, 14.1847], [-16.8707, 14.184], [-16.8691, 14.1849], [-16.8675, 14.1859], [-16.8653, 14.1866], [-16.8634, 14.1863], [-16.8615, 14.1852], [-16.86, 14.1842], [-16.8581, 14.1817], [-16.8568, 14.1792], [-16.8554, 14.1763], [-16.8534, 14.1731], [-16.8513, 14.1689], [-16.8495, 14.1656], [-16.8472, 14.1627], [-16.8449, 14.1607], [-16.8416, 14.1583], [-16.8389, 14.1571], [-16.8359, 14.1551], [-16.8325, 14.1528], [-16.8302, 14.1516], [-16.8289, 14.1511], [-16.8281, 14.1509], [-16.8232, 14.1523], [-16.8214, 14.1512], [-16.8197, 14.151], [-16.8185, 14.1511], [-16.8181, 14.1494], [-16.8195, 14.1479], [-16.8204, 14.1464], [-16.8204, 14.1449], [-16.8195, 14.1436], [-16.8183, 14.1426], [-16.817, 14.1418], [-16.8152, 14.1409], [-16.8139, 14.1404], [-16.8128, 14.1397], [-16.8118, 14.139], [-16.8109, 14.1386], [-16.811, 14.1391], [-16.8112, 14.1398], [-16.8115, 14.1403], [-16.8103, 14.1397], [-16.8086, 14.1381], [-16.8072, 14.1362], [-16.806, 14.1346], [-16.8052, 14.1336], [-16.8043, 14.1326], [-16.8039, 14.1318], [-16.8048, 14.1315], [-16.8063, 14.1312], [-16.8066, 14.1307], [-16.807, 14.1298], [-16.807, 14.1293], [-16.8068, 14.1284], [-16.8068, 14.1278], [-16.8052, 14.1265], [-16.8029, 14.1251], [-16.8016, 14.1243], [-16.8, 14.123], [-16.7981, 14.1214], [-16.7965, 14.1196], [-16.796, 14.1178], [-16.795, 14.1148], [-16.794, 14.1118], [-16.7927, 14.1076], [-16.7913, 14.1036], [-16.7898, 14.0998], [-16.7884, 14.0961], [-16.787, 14.0925], [-16.7857, 14.0886], [-16.7848, 14.0846], [-16.7843, 14.0812], [-16.783, 14.0768], [-16.782, 14.0736], [-16.7802, 14.0697], [-16.7783, 14.0633], [-16.7776, 14.0574], [-16.777, 14.0539], [-16.7737, 14.0561], [-16.7723, 14.0575], [-16.77, 14.0608], [-16.7683, 14.0639], [-16.7656, 14.0682], [-16.7634, 14.0682], [-16.7573, 14.0668], [-16.7546, 14.0669], [-16.7532, 14.0694], [-16.7541, 14.0746], [-16.7538, 14.0779], [-16.7538, 14.0806], [-16.7559, 14.0861], [-16.7576, 14.0893], [-16.7591, 14.0918], [-16.7619, 14.0946], [-16.7646, 14.0972], [-16.7686, 14.0992], [-16.7687, 14.1023], [-16.7679, 14.1046], [-16.768, 14.107], [-16.7708, 14.1081], [-16.7752, 14.1099], [-16.7789, 14.1117], [-16.7807, 14.1143], [-16.7833, 14.1164], [-16.7878, 14.119], [-16.7915, 14.1225], [-16.7931, 14.1255], [-16.7925, 14.1313], [-16.7913, 14.1337], [-16.7894, 14.1364], [-16.7858, 14.1404], [-16.7831, 14.1421], [-16.7806, 14.1429], [-16.7785, 14.1425], [-16.7776, 14.1401], [-16.7757, 14.1394], [-16.7722, 14.139], [-16.7693, 14.1399], [-16.7657, 14.1415], [-16.7633, 14.1429], [-16.7608, 14.1431], [-16.7583, 14.1415], [-16.7554, 14.1414], [-16.754, 14.1437], [-16.7543, 14.1472], [-16.7562, 14.1505], [-16.7616, 14.1565], [-16.7637, 14.1592], [-16.7646, 14.1621], [-16.7642, 14.1649], [-16.7598, 14.1688], [-16.7574, 14.1712], [-16.7529, 14.1729], [-16.749, 14.1742], [-16.745, 14.1778], [-16.7437, 14.1813], [-16.7433, 14.1825], [-16.7409, 14.1839], [-16.7374, 14.1842], [-16.7348, 14.1839], [-16.7336, 14.1873], [-16.7299, 14.1893], [-16.7276, 14.1932], [-16.7249, 14.1983], [-16.7241, 14.2028], [-16.7242, 14.207], [-16.7248, 14.211], [-16.7263, 14.2106], [-16.7314, 14.2119], [-16.7369, 14.2146], [-16.7399, 14.2175], [-16.7439, 14.2209], [-16.7461, 14.2258], [-16.7492, 14.231], [-16.7504, 14.2368], [-16.7497, 14.2432], [-16.7486, 14.247], [-16.746, 14.2515], [-16.7456, 14.2534], [-16.7427, 14.2575], [-16.7403, 14.2605], [-16.7371, 14.2647], [-16.7324, 14.2698], [-16.7292, 14.2728], [-16.7256, 14.2774], [-16.7223, 14.2828], [-16.7208, 14.2849], [-16.7201, 14.2859], [-16.7189, 14.288], [-16.7156, 14.293], [-16.713, 14.2979], [-16.7106, 14.3025], [-16.7091, 14.309], [-16.7087, 14.3142], [-16.709, 14.3183], [-16.7093, 14.3228], [-16.7117, 14.3344], [-16.7115, 14.3383], [-16.7118, 14.3414], [-16.7108, 14.347], [-16.7107, 14.3533], [-16.7105, 14.355], [-16.7103, 14.3562], [-16.71, 14.3578], [-16.7098, 14.3636], [-16.7087, 14.373], [-16.7079, 14.3803], [-16.7065, 14.3882], [-16.7064, 14.3892], [-16.706, 14.3961], [-16.7053, 14.3983], [-16.7038, 14.4008], [-16.701, 14.4035], [-16.6975, 14.4069], [-16.693, 14.4111], [-16.6897, 14.4153], [-16.6812, 14.4233], [-16.6771, 14.426], [-16.6726, 14.4272], [-16.6674, 14.4274], [-16.659, 14.4275], [-16.65, 14.4282], [-16.6439, 14.4282], [-16.6388, 14.4287], [-16.6354, 14.4298], [-16.6341, 14.431], [-16.6308, 14.4349], [-16.6279, 14.4395], [-16.624, 14.4428], [-16.6213, 14.4459], [-16.6185, 14.4486], [-16.6162, 14.4499], [-16.6152, 14.45], [-16.6084, 14.453], [-16.6051, 14.4532], [-16.6021, 14.4542], [-16.6002, 14.4551], [-16.5987, 14.4561], [-16.5959, 14.4571], [-16.5938, 14.4589], [-16.5873, 14.4636], [-16.5859, 14.4648], [-16.5826, 14.4675], [-16.5758, 14.4722], [-16.5725, 14.4753], [-16.5719, 14.4759], [-16.5718, 14.476], [-16.5701, 14.4777], [-16.5657, 14.4807], [-16.5613, 14.4847], [-16.5579, 14.488], [-16.5542, 14.4906], [-16.5519, 14.4924], [-16.5484, 14.4965], [-16.548, 14.4984], [-16.5476, 14.5002], [-16.5467, 14.502], [-16.5447, 14.5039], [-16.5421, 14.5077], [-16.5397, 14.5127], [-16.5371, 14.5183], [-16.5357, 14.5213], [-16.535, 14.5242], [-16.534, 14.527], [-16.5327, 14.5317], [-16.5323, 14.5355], [-16.5319, 14.5396], [-16.5321, 14.5445], [-16.5313, 14.5495], [-16.5298, 14.5523], [-16.5291, 14.555], [-16.5286, 14.558], [-16.5273, 14.5606], [-16.5263, 14.5645], [-16.5251, 14.5669], [-16.5246, 14.5679], [-16.5245, 14.568], [-16.5223, 14.572], [-16.5203, 14.5755], [-16.519, 14.5798], [-16.5188, 14.5857], [-16.5198, 14.5899], [-16.5211, 14.5964], [-16.5241, 14.6045], [-16.5254, 14.6076], [-16.5291, 14.6077], [-16.5387, 14.6078], [-16.5458, 14.6071], [-16.5558, 14.6058], [-16.5652, 14.6052], [-16.57, 14.6057], [-16.5755, 14.6068], [-16.5819, 14.6092], [-16.5861, 14.6118], [-16.5892, 14.6135], [-16.5924, 14.617], [-16.5958, 14.6201], [-16.5985, 14.6222], [-16.6016, 14.6253], [-16.6064, 14.6295], [-16.6106, 14.6319], [-16.6143, 14.6355], [-16.6163, 14.6372], [-16.6188, 14.6394], [-16.6209, 14.6401], [-16.621, 14.6404], [-16.6221, 14.65], [-16.6218, 14.6565], [-16.6212, 14.6623], [-16.6169, 14.6689], [-16.6123, 14.6743], [-16.6096, 14.6782], [-16.6069, 14.6824], [-16.6055, 14.6902], [-16.6051, 14.698], [-16.6051, 14.6991], [-16.6065, 14.7167], [-16.6065, 14.72], [-16.6061, 14.7253], [-16.6053, 14.7344], [-16.6046, 14.7394], [-16.6044, 14.741], [-16.6044, 14.7413], [-16.605, 14.7461], [-16.6064, 14.757], [-16.607, 14.767], [-16.607, 14.7674], [-16.6085, 14.7724], [-16.6145, 14.7785], [-16.6179, 14.7822], [-16.6242, 14.7943], [-16.6283, 14.7962], [-16.6357, 14.8011], [-16.6405, 14.8045], [-16.6461, 14.8092], [-16.6493, 14.812], [-16.6492, 14.8176], [-16.6461, 14.8231], [-16.6422, 14.8265], [-16.6354, 14.8332], [-16.6298, 14.8376], [-16.626, 14.8392], [-16.624, 14.8427], [-16.6238, 14.8473], [-16.6237, 14.8487], [-16.6254, 14.8543], [-16.6261, 14.8574], [-16.6276, 14.8625], [-16.6306, 14.8674], [-16.6345, 14.8725], [-16.642, 14.8797], [-16.6499, 14.8848], [-16.6548, 14.8888], [-16.6576, 14.8942], [-16.6621, 14.9046], [-16.6691, 14.9139], [-16.6769, 14.9206], [-16.6871, 14.9293], [-16.6759, 14.9412], [-16.6649, 14.9509], [-16.6581, 14.9556], [-16.6546, 14.9568], [-16.6545, 14.9574], [-16.6542, 14.9583], [-16.6537, 14.9586], [-16.6433, 14.9615], [-16.6308, 14.9648], [-16.6143, 14.9693], [-16.6026, 14.9707], [-16.5878, 14.9743], [-16.5753, 14.9777], [-16.5702, 14.9795], [-16.5615, 14.9826], [-16.5515, 14.986], [-16.5354, 14.9908], [-16.5327, 14.9919], [-16.5205, 14.9972], [-16.5121, 14.9994], [-16.5031, 15.0002], [-16.4977, 15.0008], [-16.4946, 15.0035], [-16.4874, 15.0083], [-16.4807, 15.0126], [-16.4774, 15.0144], [-16.476, 15.0152], [-16.4734, 15.0161], [-16.4718, 15.0166], [-16.4673, 15.0188], [-16.4609, 15.0212], [-16.4539, 15.0231], [-16.4486, 15.0243], [-16.4425, 15.0254], [-16.4371, 15.0264], [-16.4368, 15.0265], [-16.4368, 15.0265], [-16.43, 15.0271], [-16.4218, 15.0259], [-16.414, 15.0249], [-16.4045, 15.0233], [-16.3962, 15.0235], [-16.3912, 15.0231], [-16.3859, 15.0226], [-16.384, 15.0224], [-16.3746, 15.0199], [-16.3642, 15.0172], [-16.3479, 15.0132], [-16.3431, 15.0115], [-16.3318, 15.0068], [-16.3233, 15.003], [-16.3202, 15.0009], [-16.3076, 14.9979], [-16.3015, 14.9958], [-16.2951, 14.9951], [-16.2834, 14.9923], [-16.2805, 14.9917], [-16.2724, 14.9893], [-16.2633, 14.9853], [-16.2518, 14.9795], [-16.2458, 14.9766], [-16.239, 14.9715], [-16.2328, 14.9645], [-16.2318, 14.9592], [-16.2284, 14.9542], [-16.2236, 14.9531], [-16.2143, 14.9533], [-16.202, 14.9572], [-16.1924, 14.9606], [-16.1871, 14.9626], [-16.1784, 14.964], [-16.1771, 14.964], [-16.1777, 14.9679], [-16.1771, 14.974], [-16.1764, 14.9768], [-16.1763, 14.9792], [-16.1775, 14.9855], [-16.1796, 14.9996], [-16.1796, 15.0029], [-16.1804, 15.0077], [-16.182, 15.0118], [-16.1835, 15.0156], [-16.1864, 15.0192], [-16.1886, 15.0228], [-16.1896, 15.0288], [-16.1936, 15.0386], [-16.1961, 15.0467], [-16.1972, 15.0541], [-16.1969, 15.0634], [-16.1969, 15.0683], [-16.1968, 15.072], [-16.1955, 15.0854], [-16.1967, 15.0923], [-16.1995, 15.096], [-16.2043, 15.1008], [-16.2101, 15.1057], [-16.2141, 15.1079], [-16.2243, 15.1142], [-16.2297, 15.1173], [-16.2321, 15.1191], [-16.2343, 15.1207], [-16.237, 15.1246], [-16.2373, 15.1253], [-16.2386, 15.1279], [-16.2392, 15.1318], [-16.2387, 15.1375], [-16.2381, 15.1437], [-16.2378, 15.1468], [-16.2382, 15.1532], [-16.2398, 15.1567], [-16.2415, 15.1586], [-16.2439, 15.165], [-16.245, 15.1667], [-16.2455, 15.1675], [-16.2474, 15.1706], [-16.2502, 15.1753], [-16.2531, 15.1788], [-16.2583, 15.1847], [-16.2621, 15.1897], [-16.2656, 15.1945], [-16.2681, 15.2002], [-16.2691, 15.2048], [-16.2701, 15.2099], [-16.2708, 15.2155], [-16.2704, 15.2223], [-16.27, 15.226], [-16.269, 15.2326], [-16.2682, 15.2374], [-16.2697, 15.2434], [-16.2712, 15.2483], [-16.2745, 15.2562], [-16.2779, 15.2614], [-16.2822, 15.267], [-16.2909, 15.2728], [-16.2936, 15.2735], [-16.2963, 15.2743], [-16.3023, 15.2737], [-16.3063, 15.2717], [-16.3091, 15.266], [-16.3102, 15.2563], [-16.3115, 15.2525], [-16.3135, 15.2506], [-16.3171, 15.2499], [-16.3231, 15.2506], [-16.3258, 15.2524], [-16.3301, 15.2553], [-16.3343, 15.2591], [-16.3393, 15.2642], [-16.3427, 15.2674], [-16.3462, 15.2717], [-16.3457, 15.2788], [-16.3412, 15.2819], [-16.3373, 15.2873], [-16.3349, 15.2943], [-16.3364, 15.2996], [-16.3383, 15.3046], [-16.3437, 15.3127], [-16.3481, 15.3179], [-16.3521, 15.3227], [-16.3607, 15.3279], [-16.3766, 15.3279], [-16.3974, 15.3272], [-16.4059, 15.327], [-16.4174, 15.3262], [-16.4234, 15.3319], [-16.4302, 15.3393], [-16.4335, 15.3435], [-16.4384, 15.3484], [-16.4442, 15.3538], [-16.4473, 15.3564], [-16.4483, 15.3573], [-16.449, 15.3577], [-16.4527, 15.3602], [-16.4537, 15.3595], [-16.4546, 15.3583], [-16.4579, 15.3551], [-16.4591, 15.3538], [-16.4631, 15.3507], [-16.4673, 15.3477], [-16.4806, 15.3332], [-16.4855, 15.3279], [-16.4912, 15.3225], [-16.4948, 15.3171], [-16.4984, 15.3137], [-16.5029, 15.3096], [-16.505, 15.3059], [-16.508, 15.3019], [-16.5119, 15.2962], [-16.5142, 15.2928], [-16.5174, 15.288], [-16.5142, 15.2856], [-16.5137, 15.2806], [-16.5146, 15.2782], [-16.515, 15.2769], [-16.5153, 15.2762], [-16.5185, 15.2722], [-16.5243, 15.2698], [-16.5295, 15.2713], [-16.5317, 15.2672], [-16.5371, 15.2587], [-16.5431, 15.2476], [-16.5496, 15.236], [-16.5566, 15.2208], [-16.5619, 15.2096], [-16.5662, 15.201], [-16.5705, 15.194], [-16.577, 15.1861], [-16.5831, 15.1809], [-16.5892, 15.1751], [-16.5944, 15.1703], [-16.5978, 15.1643], [-16.6008, 15.1589], [-16.6103, 15.1511], [-16.6154, 15.145], [-16.6154, 15.145], [-16.6154, 15.1455], [-16.6137, 15.1681], [-16.6127, 15.1754], [-16.6128, 15.1845], [-16.6152, 15.1943], [-16.6189, 15.2004], [-16.62, 15.2019], [-16.6266, 15.2053], [-16.6303, 15.2081], [-16.6312, 15.2112], [-16.6352, 15.2249], [-16.6404, 15.227], [-16.6517, 15.2338], [-16.6612, 15.241], [-16.6668, 15.245], [-16.669, 15.2465], [-16.6867, 15.2648], [-16.6912, 15.2676], [-16.6981, 15.271], [-16.7032, 15.2745], [-16.7078, 15.2793], [-16.7109, 15.2855], [-16.7163, 15.2911], [-16.7296, 15.2945], [-16.7411, 15.2991], [-16.7445, 15.3023], [-16.7609, 15.3089], [-16.7774, 15.3155], [-16.7939, 15.3221], [-16.8101, 15.3286], [-16.8164, 15.319], [-16.8221, 15.3099], [-16.8259, 15.3029], [-16.8294, 15.2979], [-16.832, 15.293], [-16.8353, 15.2876], [-16.841, 15.2794], [-16.8443, 15.2747], [-16.8482, 15.2684], [-16.8524, 15.262], [-16.8561, 15.2569], [-16.8586, 15.2535], [-16.8631, 15.2468], [-16.8651, 15.2443], [-16.8696, 15.238], [-16.8746, 15.2315], [-16.8784, 15.2257], [-16.8814, 15.2215], [-16.8861, 15.2146], [-16.8908, 15.2092], [-16.8952, 15.2043], [-16.8995, 15.1993], [-16.9042, 15.1941], [-16.9066, 15.1907], [-16.9126, 15.1825], [-16.9168, 15.1766], [-16.9181, 15.175], [-16.9203, 15.173], [-16.926, 15.1641], [-16.9277, 15.1625], [-16.9317, 15.157], [-16.9347, 15.1533], [-16.9377, 15.1485], [-16.9392, 15.1468], [-16.9415, 15.1432], [-16.9441, 15.1403], [-16.9466, 15.1372], [-16.9513, 15.1333], [-16.9545, 15.1295], [-16.958, 15.1244], [-16.96, 15.1224], [-16.9649, 15.1163], [-16.9719, 15.1085], [-16.9749, 15.1049], [-16.9812, 15.0983], [-16.9852, 15.0934], [-16.9906, 15.0868], [-16.9939, 15.0825], [-16.9993, 15.0773], [-17.0, 15.0765], [-17.0018, 15.0745], [-17.0031, 15.0721], [-17.0048, 15.0701], [-17.0064, 15.0684], [-17.008, 15.0662], [-17.01, 15.0642], [-17.0117, 15.0626], [-17.013, 15.0608], [-17.0152, 15.0583], [-17.0161, 15.0568], [-17.018, 15.055], [-17.0201, 15.053], [-17.022, 15.0511], [-17.0245, 15.049], [-17.0262, 15.0471], [-17.0276, 15.0453], [-17.0293, 15.0436], [-17.031, 15.0422], [-17.0329, 15.0396], [-17.0346, 15.0377], [-17.0363, 15.0358], [-17.0375, 15.0344], [-17.039, 15.0328], [-17.0411, 15.0307], [-17.0428, 15.029], [-17.044, 15.0274], [-17.0444, 15.0268], [-17.0446, 15.0266], [-17.0449, 15.0263], [-17.0456, 15.0254], [-17.0467, 15.0239], [-17.0484, 15.0223], [-17.05, 15.0205], [-17.0519, 15.0184], [-17.0532, 15.0166], [-17.0552, 15.0149], [-17.0571, 15.0132], [-17.0585, 15.0114], [-17.0599, 15.0095], [-17.0612, 15.008], [-17.0625, 15.0065], [-17.0636, 15.0054], [-17.0652, 15.0038], [-17.0667, 15.0022], [-17.0682, 15.0006], [-17.0696, 14.9993], [-17.0712, 14.9977], [-17.072, 14.9961], [-17.073, 14.9949], [-17.0739, 14.9935], [-17.0755, 14.9923], [-17.0768, 14.9916], [-17.0781, 14.99], [-17.0788, 14.9884], [-17.0795, 14.9867], [-17.0811, 14.9847], [-17.0819, 14.9836], [-17.0831, 14.9821], [-17.0847, 14.9807], [-17.0856, 14.9794], [-17.0874, 14.9779], [-17.0886, 14.9765], [-17.0897, 14.9756], [-17.0906, 14.9741], [-17.0921, 14.9731], [-17.0937, 14.9713], [-17.0944, 14.9702], [-17.0954, 14.969], [-17.0959, 14.968], [-17.0964, 14.9671], [-17.0974, 14.9662], [-17.0991, 14.9649], [-17.1011, 14.9637], [-17.1025, 14.9618], [-17.1038, 14.9602], [-17.1052, 14.9581], [-17.1062, 14.9568], [-17.1072, 14.9556], [-17.1082, 14.9542], [-17.1089, 14.9529], [-17.109, 14.9528], [-17.1096, 14.9521], [-17.1107, 14.9509], [-17.1119, 14.9496], [-17.1126, 14.9483], [-17.1135, 14.9461], [-17.1148, 14.9447], [-17.1159, 14.9424], [-17.1169, 14.9406], [-17.1177, 14.9395], [-17.1184, 14.9377], [-17.1189, 14.9363], [-17.1191, 14.9349], [-17.12, 14.9328], [-17.1204, 14.9312], [-17.1207, 14.9295], [-17.1212, 14.9282], [-17.1215, 14.9266], [-17.1218, 14.9263], [-17.1229, 14.9245], [-17.1237, 14.9228], [-17.1242, 14.9216], [-17.1247, 14.9198], [-17.1252, 14.9188], [-17.1259, 14.9179], [-17.1267, 14.9162], [-17.1279, 14.9149], [-17.1281, 14.9133], [-17.1297, 14.9115], [-17.1305, 14.9105], [-17.1306, 14.9106], [-17.1323, 14.9098], [-17.1336, 14.9093], [-17.1358, 14.9083], [-17.1386, 14.9067], [-17.1409, 14.9049], [-17.1428, 14.9044], [-17.1444, 14.9037], [-17.1465, 14.9029], [-17.1484, 14.9021], [-17.1503, 14.9011], [-17.152, 14.8999], [-17.1537, 14.8987], [-17.1553, 14.8975], [-17.1566, 14.8967], [-17.1578, 14.8962], [-17.1579, 14.8961], [-17.1606, 14.8947], [-17.1633, 14.8931], [-17.1658, 14.892], [-17.1685, 14.8909], [-17.1706, 14.8898], [-17.1722, 14.889], [-17.1744, 14.8877], [-17.1762, 14.8867], [-17.1768, 14.8863], [-17.1759, 14.8837], [-17.1747, 14.8817], [-17.174, 14.8802], [-17.1728, 14.8785], [-17.1715, 14.8763], [-17.1707, 14.8741], [-17.1702, 14.8728], [-17.1697, 14.8714], [-17.1685, 14.8693], [-17.1669, 14.8671], [-17.1659, 14.8652], [-17.1649, 14.8633], [-17.1642, 14.8613], [-17.1627, 14.859], [-17.1614, 14.8563], [-17.16, 14.8541], [-17.1584, 14.8513], [-17.1574, 14.8491], [-17.1565, 14.8472], [-17.1557, 14.8448], [-17.1545, 14.8426], [-17.1538, 14.8407], [-17.1529, 14.8389], [-17.1521, 14.837], [-17.1511, 14.8345], [-17.1499, 14.832], [-17.1489, 14.8301], [-17.1476, 14.8275], [-17.1467, 14.825], [-17.1452, 14.8229], [-17.1441, 14.8208], [-17.1432, 14.8192], [-17.1425, 14.8184], [-17.1413, 14.8169], [-17.1417, 14.8143], [-17.1404, 14.8108], [-17.1384, 14.8076], [-17.1369, 14.8033], [-17.1357, 14.8012], [-17.1355, 14.8009], [-17.1339, 14.798], [-17.1322, 14.7956], [-17.1306, 14.794], [-17.1295, 14.7913], [-17.1282, 14.7888], [-17.1271, 14.7862], [-17.1266, 14.7846], [-17.1264, 14.7831], [-17.1264, 14.7811], [-17.1264, 14.7794], [-17.1263, 14.777], [-17.1263, 14.7755], [-17.1262, 14.7729], [-17.1264, 14.7706], [-17.1268, 14.7687], [-17.127, 14.766], [-17.1275, 14.7635], [-17.1279, 14.7614], [-17.1279, 14.7597], [-17.128, 14.7576], [-17.1283, 14.7553], [-17.1288, 14.7526], [-17.1289, 14.7506], [-17.1293, 14.7489], [-17.1294, 14.7464], [-17.1294, 14.7447], [-17.13, 14.742], [-17.1301, 14.7399], [-17.1304, 14.7375], [-17.1305, 14.7347], [-17.1307, 14.7326], [-17.1308, 14.7299], [-17.1313, 14.727], [-17.1317, 14.7239], [-17.1317, 14.7216], [-17.1319, 14.7191], [-17.1319, 14.7163], [-17.1321, 14.7137], [-17.1323, 14.7111], [-17.1323, 14.7086], [-17.1322, 14.706], [-17.1325, 14.7037], [-17.1329, 14.702], [-17.1336, 14.6993], [-17.134, 14.6973], [-17.1344, 14.6949], [-17.1347, 14.6918], [-17.1348, 14.6899], [-17.1354, 14.6861], [-17.1356, 14.6828], [-17.1362, 14.6796], [-17.1362, 14.6795], [-17.1363, 14.6762], [-17.1364, 14.6726], [-17.1368, 14.6684], [-17.1369, 14.6652], [-17.1373, 14.6621], [-17.138, 14.659], [-17.1381, 14.6557], [-17.1383, 14.6531], [-17.1387, 14.6498], [-17.1395, 14.647], [-17.1397, 14.6442], [-17.1401, 14.6411], [-17.1403, 14.6384], [-17.1403, 14.6356], [-17.1404, 14.6331], [-17.1406, 14.6294], [-17.1409, 14.6263], [-17.1413, 14.6217], [-17.1415, 14.6185], [-17.1417, 14.6154], [-17.142, 14.6129], [-17.1424, 14.6105], [-17.1431, 14.6072], [-17.1434, 14.6046], [-17.1437, 14.6011], [-17.1438, 14.5978], [-17.1442, 14.5944], [-17.1443, 14.5921], [-17.1446, 14.5868]]]}}, {"type": "Feature", "properties": {"code": "ZG", "name": "Ziguinchor", "region": "Ziguinchor"}, "geometry": {"type": "Polygon", "coordinates": [[[-15.895, 13.1682], [-15.9119, 13.1697], [-15.9304, 13.1702], [-15.9515, 13.1704], [-15.9633, 13.1697], [-15.9763, 13.1678], [-16.0005, 13.1645], [-16.0004, 13.165], [-16.0251, 13.1645], [-16.0396, 13.1647], [-16.0611, 13.166], [-16.0765, 13.1663], [-16.0881, 13.1668], [-16.0922, 13.1669], [-16.1072, 13.1666], [-16.1258, 13.1662], [-16.146, 13.1659], [-16.1703, 13.1651], [-16.1942, 13.1648], [-16.2159, 13.1644], [-16.2336, 13.1651], [-16.2437, 13.1652], [-16.2508, 13.1652], [-16.2648, 13.1654], [-16.2848, 13.1658], [-16.3025, 13.1655], [-16.305, 13.1657], [-16.319, 13.1659], [-16.3374, 13.1661], [-16.3557, 13.1667], [-16.3714, 13.166], [-16.3932, 13.166], [-16.4144, 13.1662], [-16.4148, 13.1662], [-16.4324, 13.1665], [-16.4382, 13.1667], [-16.4605, 13.1666], [-16.4688, 13.1662], [-16.491, 13.1665], [-16.5082, 13.1668], [-16.536, 13.1669], [-16.5523, 13.1663], [-16.5657, 13.1664], [-16.5732, 13.1664], [-16.5959, 13.167], [-16.6019, 13.1671], [-16.6097, 13.1664], [-16.6321, 13.168], [-16.6364, 13.1675], [-16.641, 13.1683], [-16.646, 13.168], [-16.6508, 13.1678], [-16.6602, 13.1683], [-16.6704, 13.1684], [-16.6812, 13.1696], [-16.685, 13.1694], [-16.6853, 13.1695], [-16.6906, 13.1696], [-16.6918, 13.1678], [-16.6923, 13.1666], [-16.6922, 13.1649], [-16.6918, 13.1644], [-16.6918, 13.164], [-16.6918, 13.1633], [-16.6921, 13.1635], [-16.6924, 13.1624], [-16.6931, 13.1622], [-16.6931, 13.1617], [-16.6936, 13.1611], [-16.6942, 13.161], [-16.6951, 13.1606], [-16.6966, 13.1606], [-16.6976, 13.1614], [-16.6995, 13.1628], [-16.7007, 13.1636], [-16.7019, 13.1635], [-16.7032, 13.1633], [-16.7043, 13.1612], [-16.7032, 13.1596], [-16.7024, 13.1582], [-16.7017, 13.1571], [-16.7009, 13.156], [-16.7004, 13.1554], [-16.7001, 13.1541], [-16.7003, 13.1533], [-16.701, 13.1528], [-16.7019, 13.1525], [-16.704, 13.1546], [-16.7043, 13.1555], [-16.7065, 13.1566], [-16.7077, 13.1579], [-16.7099, 13.1571], [-16.7113, 13.1558], [-16.7122, 13.1538], [-16.7116, 13.1517], [-16.7105, 13.1495], [-16.7102, 13.1484], [-16.709, 13.1468], [-16.7082, 13.1464], [-16.7067, 13.1459], [-16.7059, 13.1453], [-16.7051, 13.1441], [-16.7043, 13.143], [-16.7044, 13.1418], [-16.7047, 13.1404], [-16.7048, 13.1393], [-16.7049, 13.1385], [-16.7049, 13.1374], [-16.7042, 13.1366], [-16.7029, 13.1352], [-16.7024, 13.135], [-16.702, 13.1342], [-16.7023, 13.1334], [-16.7035, 13.1327], [-16.7047, 13.1321], [-16.7059, 13.1324], [-16.7073, 13.1342], [-16.7078, 13.1349], [-16.7089, 13.1359], [-16.7096, 13.1356], [-16.7096, 13.136], [-16.7119, 13.1341], [-16.7129, 13.133], [-16.7128, 13.1301], [-16.7117, 13.1284], [-16.7114, 13.1273], [-16.7112, 13.1257], [-16.7117, 13.1251], [-16.7127, 13.124], [-16.7137, 13.1229], [-16.7148, 13.1227], [-16.7166, 13.1228], [-16.7176, 13.122], [-16.7186, 13.1218], [-16.7207, 13.1217], [-16.7222, 13.1232], [-16.7233, 13.124], [-16.7252, 13.1247], [-16.7269, 13.124], [-16.7282, 13.1223], [-16.7287, 13.1196], [-16.7273, 13.1179], [-16.7267, 13.1163], [-16.7247, 13.115], [-16.7237, 13.1143], [-16.7218, 13.1131], [-16.7209, 13.1121], [-16.7203, 13.1113], [-16.7197, 13.1103], [-16.7207, 13.1099], [-16.7223, 13.1096], [-16.7238, 13.109], [-16.7251, 13.1098], [-16.7274, 13.1101], [-16.7288, 13.1114], [-16.7286, 13.1135], [-16.7295, 13.1148], [-16.7307, 13.1161], [-16.7323, 13.1168], [-16.7335, 13.1163], [-16.7365, 13.1158], [-16.7379, 13.1148], [-16.7382, 13.1127], [-16.7391, 13.1109], [-16.7391, 13.1091], [-16.7387, 13.1077], [-16.7383, 13.1063], [-16.738, 13.105], [-16.7371, 13.1042], [-16.736, 13.1024], [-16.7341, 13.1013], [-16.7328, 13.0999], [-16.7316, 13.099], [-16.7305, 13.0984], [-16.7295, 13.0979], [-16.7285, 13.0978], [-16.7284, 13.0967], [-16.7276, 13.096], [-16.7289, 13.0961], [-16.7302, 13.0958], [-16.7316, 13.0952], [-16.7329, 13.0954], [-16.7342, 13.0943], [-16.7361, 13.0936], [-16.7349, 13.0906], [-16.7342, 13.0892], [-16.7331, 13.0876], [-16.7318, 13.0859], [-16.7307, 13.0839], [-16.7301, 13.0818], [-16.7309, 13.0806], [-16.7314, 13.079], [-16.732, 13.0779], [-16.7338, 13.077], [-16.7352, 13.0755], [-16.7361, 13.0744], [-16.7383, 13.0744], [-16.7398, 13.075], [-16.7417, 13.0755], [-16.7435, 13.0749], [-16.7449, 13.0742], [-16.7461, 13.0729], [-16.747, 13.0709], [-16.7476, 13.0693], [-16.7485, 13.0676], [-16.7485, 13.0667], [-16.747, 13.0647], [-16.7465, 13.0627], [-16.7456, 13.0614], [-16.7449, 13.0591], [-16.7445, 13.0572], [-16.7442, 13.0553], [-16.7436, 13.0527], [-16.7427, 13.0491], [-16.7425, 13.0471], [-16.7419, 13.0442], [-16.7416, 13.0423], [-16.7414, 13.0397], [-16.7413, 13.0364], [-16.7408, 13.0339], [-16.741, 13.0319], [-16.7405, 13.0296], [-16.7405, 13.0275], [-16.7404, 13.0245], [-16.7403, 13.0216], [-16.7403, 13.0191], [-16.7403, 13.0171], [-16.7403, 13.017], [-16.7405, 13.0143], [-16.7405, 13.012], [-16.7407, 13.0098], [-16.7412, 13.0076], [-16.7419, 13.0054], [-16.7422, 13.0035], [-16.7426, 13.0007], [-16.7427, 13.0004], [-16.7432, 12.9958], [-16.7439, 12.9908], [-16.7436, 12.9851], [-16.7442, 12.9825], [-16.7448, 12.9747], [-16.7455, 12.9721], [-16.7463, 12.971], [-16.7465, 12.9671], [-16.7471, 12.9648], [-16.7468, 12.9609], [-16.748, 12.9574], [-16.749, 12.9506], [-16.7498, 12.9481], [-16.7503, 12.9425], [-16.7543, 12.9328], [-16.7556, 12.9286], [-16.7565, 12.9271], [-16.7583, 12.9163], [-16.7585, 12.9113], [-16.7601, 12.9064], [-16.7617, 12.8983], [-16.7619, 12.8928], [-16.7632, 12.8875], [-16.764, 12.88], [-16.77, 12.8636], [-16.772, 12.856], [-16.7725, 12.8514], [-16.7744, 12.8455], [-16.7756, 12.8391], [-16.7784, 12.8301], [-16.779, 12.8254], [-16.7799, 12.8225], [-16.783, 12.7991], [-16.7834, 12.7972], [-16.7843, 12.7961], [-16.7846, 12.7884], [-16.7864, 12.7798], [-16.7862, 12.7775], [-16.7868, 12.776], [-16.7871, 12.7714], [-16.7865, 12.7694], [-16.7835, 12.766], [-16.7824, 12.7642], [-16.7809, 12.755], [-16.7835, 12.7511], [-16.7849, 12.7448], [-16.7849, 12.7424], [-16.7826, 12.7398], [-16.7801, 12.7356], [-16.7801, 12.7314], [-16.781, 12.7252], [-16.782, 12.722], [-16.7817, 12.7213], [-16.7819, 12.7182], [-16.7828, 12.7109], [-16.7836, 12.709], [-16.7836, 12.7069], [-16.7831, 12.7049], [-16.7814, 12.7042], [-16.7791, 12.7042], [-16.7776, 12.7046], [-16.7694, 12.6989], [-16.771, 12.6919], [-16.7725, 12.6858], [-16.7744, 12.6805], [-16.7758, 12.6775], [-16.7757, 12.6766], [-16.7752, 12.6762], [-16.7746, 12.6761], [-16.7753, 12.6757], [-16.7757, 12.6748], [-16.7755, 12.6723], [-16.7756, 12.6693], [-16.776, 12.6668], [-16.7775, 12.6635], [-16.7794, 12.6597], [-16.7815, 12.657], [-16.782, 12.6558], [-16.7817, 12.6545], [-16.7806, 12.6532], [-16.7782, 12.6522], [-16.7751, 12.6517], [-16.7733, 12.6494], [-16.7742, 12.648], [-16.7747, 12.6463], [-16.7747, 12.6451], [-16.7745, 12.6433], [-16.7749, 12.6429], [-16.7752, 12.6412], [-16.7749, 12.6389], [-16.7731, 12.6347], [-16.7711, 12.6297], [-16.7692, 12.6222], [-16.7677, 12.6147], [-16.7672, 12.6113], [-16.7666, 12.6076], [-16.7663, 12.6021], [-16.7659, 12.5978], [-16.7652, 12.5947], [-16.7648, 12.5933], [-16.7636, 12.5928], [-16.7639, 12.592], [-16.764, 12.5911], [-16.7641, 12.5902], [-16.7649, 12.5892], [-16.766, 12.5881], [-16.7665, 12.5872], [-16.7671, 12.5827], [-16.767, 12.5766], [-16.7658, 12.5726], [-16.7619, 12.5691], [-16.7577, 12.5665], [-16.7539, 12.5656], [-16.7531, 12.558], [-16.7528, 12.5548], [-16.7522, 12.5499], [-16.7554, 12.5485], [-16.7598, 12.5451], [-16.7624, 12.5424], [-16.7647, 12.5409], [-16.7653, 12.54], [-16.7696, 12.5366], [-16.7728, 12.5318], [-16.7753, 12.5288], [-16.7765, 12.5258], [-16.7788, 12.5228], [-16.7794, 12.5212], [-16.78, 12.5209], [-16.7815, 12.5179], [-16.7825, 12.5175], [-16.7827, 12.515], [-16.7862, 12.505], [-16.7874, 12.5035], [-16.7883, 12.4995], [-16.7921, 12.4904], [-16.7935, 12.4883], [-16.794, 12.4865], [-16.7936, 12.4804], [-16.7921, 12.4725], [-16.7916, 12.4661], [-16.7916, 12.4597], [-16.7913, 12.458], [-16.7895, 12.454], [-16.7893, 12.4525], [-16.7884, 12.4497], [-16.7873, 12.4484], [-16.7849, 12.4422], [-16.7841, 12.4391], [-16.7832, 12.4298], [-16.782, 12.4275], [-16.7817, 12.4264], [-16.7808, 12.4249], [-16.7806, 12.423], [-16.7788, 12.4183], [-16.7786, 12.4162], [-16.776, 12.4107], [-16.7746, 12.4055], [-16.7723, 12.4054], [-16.7708, 12.4048], [-16.7684, 12.4019], [-16.7663, 12.3981], [-16.7631, 12.3977], [-16.7602, 12.395], [-16.7597, 12.3938], [-16.7577, 12.3916], [-16.755, 12.391], [-16.7534, 12.3902], [-16.752, 12.3884], [-16.7504, 12.3851], [-16.7501, 12.3833], [-16.7494, 12.382], [-16.7482, 12.3819], [-16.745, 12.3823], [-16.7435, 12.3822], [-16.7419, 12.3806], [-16.7414, 12.3798], [-16.7413, 12.379], [-16.7385, 12.3748], [-16.7371, 12.3712], [-16.737, 12.3698], [-16.7356, 12.3641], [-16.7353, 12.3595], [-16.7348, 12.3593], [-16.7347, 12.3561], [-16.7341, 12.3547], [-16.7334, 12.3541], [-16.7321, 12.3522], [-16.7311, 12.3519], [-16.7286, 12.3501], [-16.7268, 12.3484], [-16.726, 12.3469], [-16.7243, 12.3455], [-16.7238, 12.3444], [-16.7233, 12.3418], [-16.7226, 12.3399], [-16.7216, 12.3388], [-16.7219, 12.3387], [-16.7218, 12.3383], [-16.7214, 12.338], [-16.7194, 12.3386], [-16.7186, 12.3386], [-16.7165, 12.3406], [-16.7131, 12.3432], [-16.7066, 12.3475], [-16.6956, 12.3553], [-16.6915, 12.3581], [-16.6897, 12.3592], [-16.6877, 12.3591], [-16.6844, 12.3588], [-16.6815, 12.3587], [-16.6761, 12.3583], [-16.6734, 12.3581], [-16.6665, 12.3587], [-16.6582, 12.3598], [-16.6551, 12.3599], [-16.6523, 12.3598], [-16.6459, 12.3595], [-16.6411, 12.3595], [-16.6381, 12.3594], [-16.6344, 12.3576], [-16.6282, 12.3551], [-16.6242, 12.3533], [-16.62, 12.3515], [-16.6133, 12.3493], [-16.6089, 12.3473], [-16.606, 12.3469], [-16.6031, 12.3472], [-16.6031, 12.3472], [-16.6003, 12.3477], [-16.5971, 12.3481], [-16.5908, 12.3505], [-16.5827, 12.3523], [-16.5722, 12.3545], [-16.5502, 12.3599], [-16.5475, 12.3604], [-16.5452, 12.3604], [-16.5435, 12.36], [-16.5408, 12.3592], [-16.5356, 12.3576], [-16.5311, 12.3566], [-16.5249, 12.3549], [-16.5212, 12.354], [-16.5143, 12.3505], [-16.5125, 12.3506], [-16.5079, 12.3517], [-16.4994, 12.3542], [-16.4947, 12.3555], [-16.4849, 12.3583], [-16.4765, 12.3597], [-16.4685, 12.3604], [-16.4599, 12.3611], [-16.4519, 12.3623], [-16.4484, 12.3629], [-16.4461, 12.3635], [-16.4431, 12.3635], [-16.4378, 12.3642], [-16.4292, 12.3651], [-16.4243, 12.3658], [-16.4183, 12.3663], [-16.4157, 12.3662], [-16.4095, 12.3658], [-16.3988, 12.3647], [-16.3859, 12.3631], [-16.381, 12.3625], [-16.3791, 12.3675], [-16.3754, 12.3759], [-16.3707, 12.3783], [-16.3636, 12.3823], [-16.3542, 12.3873], [-16.345, 12.3911], [-16.3426, 12.3917], [-16.3365, 12.3953], [-16.33, 12.3997], [-16.3211, 12.4049], [-16.3114, 12.4109], [-16.3028, 12.4149], [-16.2931, 12.4203], [-16.2859, 12.424], [-16.2784, 12.4278], [-16.2703, 12.4325], [-16.2636, 12.4353], [-16.2509, 12.4404], [-16.2459, 12.4427], [-16.2402, 12.4449], [-16.2349, 12.4474], [-16.2345, 12.4476], [-16.2342, 12.4478], [-16.2313, 12.4495], [-16.2245, 12.4534], [-16.2128, 12.4583], [-16.2028, 12.4613], [-16.2006, 12.4605], [-16.1924, 12.4571], [-16.1867, 12.4562], [-16.1802, 12.4539], [-16.172, 12.4518], [-16.1626, 12.4497], [-16.1596, 12.4499], [-16.157, 12.4507], [-16.1493, 12.4527], [-16.1386, 12.4552], [-16.1263, 12.4579], [-16.1183, 12.4599], [-16.1054, 12.4631], [-16.0948, 12.4658], [-16.0844, 12.4681], [-16.0689, 12.4717], [-16.061, 12.4719], [-16.0502, 12.4724], [-16.0388, 12.4724], [-16.0366, 12.4717], [-16.0324, 12.4707], [-16.0273, 12.4685], [-16.0145, 12.4637], [-16.0066, 12.4609], [-16.0017, 12.4588], [-16.0015, 12.4583], [-15.9977, 12.4572], [-15.9928, 12.4559], [-15.9824, 12.4523], [-15.9534, 12.4428], [-15.9514, 12.443], [-15.9399, 12.4442], [-15.9154, 12.4472], [-15.9019, 12.449], [-15.8958, 12.4494], [-15.8935, 12.45], [-15.8903, 12.4502], [-15.8891, 12.4502], [-15.889, 12.451], [-15.8889, 12.4517], [-15.8888, 12.4524], [-15.8886, 12.4529], [-15.8884, 12.4541], [-15.8886, 12.4552], [-15.8888, 12.4565], [-15.8887, 12.4581], [-15.8889, 12.4591], [-15.889, 12.4604], [-15.8894, 12.4622], [-15.8904, 12.4632], [-15.8913, 12.4639], [-15.8917, 12.4662], [-15.892, 12.4677], [-15.8941, 12.4688], [-15.8974, 12.4705], [-15.8987, 12.4713], [-15.8996, 12.4715], [-15.9007, 12.4716], [-15.9025, 12.4722], [-15.9042, 12.4724], [-15.9068, 12.4726], [-15.9087, 12.4721], [-15.9095, 12.4718], [-15.9108, 12.4718], [-15.9117, 12.4711], [-15.9133, 12.4703], [-15.9142, 12.4685], [-15.9159, 12.468], [-15.9174, 12.4676], [-15.921, 12.466], [-15.9227, 12.4661], [-15.923, 12.4661], [-15.9235, 12.4664], [-15.9237, 12.4674], [-15.9241, 12.4686], [-15.9249, 12.4702], [-15.9255, 12.4714], [-15.9263, 12.4725], [-15.9273, 12.4745], [-15.928, 12.4764], [-15.9286, 12.4778], [-15.929, 12.4788], [-15.9294, 12.4804], [-15.9289, 12.4816], [-15.927, 12.4823], [-15.9256, 12.483], [-15.924, 12.484], [-15.9233, 12.4844], [-15.9228, 12.4847], [-15.9223, 12.485], [-15.9215, 12.4853], [-15.9212, 12.4857], [-15.9204, 12.4864], [-15.9203, 12.4876], [-15.921, 12.4892], [-15.9217, 12.4905], [-15.9221, 12.4917], [-15.9226, 12.4934], [-15.9231, 12.4956], [-15.9232, 12.4968], [-15.9231, 12.4978], [-15.9231, 12.4997], [-15.9224, 12.5015], [-15.9218, 12.5043], [-15.9213, 12.5053], [-15.9221, 12.5064], [-15.9218, 12.5083], [-15.9223, 12.5103], [-15.922, 12.5112], [-15.9223, 12.5121], [-15.9231, 12.5138], [-15.924, 12.5154], [-15.9243, 12.5169], [-15.9242, 12.518], [-15.9244, 12.5186], [-15.9275, 12.5215], [-15.9306, 12.5232], [-15.9342, 12.5259], [-15.9353, 12.5263], [-15.9363, 12.5269], [-15.9383, 12.528], [-15.9413, 12.5297], [-15.9433, 12.5301], [-15.9455, 12.5296], [-15.9468, 12.5303], [-15.9477, 12.5317], [-15.9478, 12.5327], [-15.9479, 12.5342], [-15.9483, 12.5356], [-15.9489, 12.5366], [-15.9499, 12.5386], [-15.9513, 12.5396], [-15.9515, 12.5398], [-15.9532, 12.5412], [-15.9543, 12.5432], [-15.9538, 12.5447], [-15.9553, 12.5445], [-15.9552, 12.5466], [-15.9546, 12.5493], [-15.9546, 12.5517], [-15.9551, 12.5535], [-15.9552, 12.5549], [-15.955, 12.5553], [-15.9548, 12.5556], [-15.9547, 12.5559], [-15.9545, 12.5569], [-15.9548, 12.5576], [-15.9552, 12.5579], [-15.9561, 12.5595], [-15.9571, 12.561], [-15.9566, 12.5632], [-15.9573, 12.5644], [-15.9578, 12.566], [-15.9581, 12.5662], [-15.9581, 12.5665], [-15.9626, 12.5682], [-15.9633, 12.5705], [-15.9649, 12.5717], [-15.9653, 12.5726], [-15.9653, 12.5736], [-15.9648, 12.5747], [-15.9648, 12.5753], [-15.9648, 12.5768], [-15.9655, 12.5783], [-15.9659, 12.5801], [-15.9645, 12.5816], [-15.9625, 12.5831], [-15.9618, 12.5856], [-15.9603, 12.5868], [-15.959, 12.5891], [-15.9589, 12.5893], [-15.9589, 12.5895], [-15.9595, 12.5905], [-15.9595, 12.5911], [-15.9596, 12.5915], [-15.9592, 12.5928], [-15.9577, 12.5947], [-15.9585, 12.5958], [-15.9596, 12.5966], [-15.9601, 12.5964], [-15.9609, 12.5967], [-15.9622, 12.5989], [-15.9622, 12.6006], [-15.9624, 12.6035], [-15.9629, 12.6047], [-15.9633, 12.6057], [-15.9638, 12.6076], [-15.9648, 12.6101], [-15.9656, 12.612], [-15.9661, 12.6136], [-15.9666, 12.6154], [-15.967, 12.6172], [-15.9674, 12.6185], [-15.9681, 12.6204], [-15.9685, 12.6218], [-15.9688, 12.6236], [-15.9685, 12.6248], [-15.9675, 12.6257], [-15.9687, 12.6264], [-15.9703, 12.6283], [-15.9715, 12.6296], [-15.9727, 12.6307], [-15.9752, 12.633], [-15.9768, 12.6346], [-15.978, 12.6365], [-15.9796, 12.6389], [-15.9809, 12.6416], [-15.9827, 12.6447], [-15.984, 12.6467], [-15.9843, 12.6469], [-15.9846, 12.6477], [-15.9849, 12.6485], [-15.9849, 12.6486], [-15.9875, 12.6507], [-15.9899, 12.6528], [-15.9931, 12.6549], [-15.9954, 12.6562], [-15.9985, 12.658], [-16.0038, 12.6587], [-16.0091, 12.6587], [-16.0117, 12.6588], [-16.0164, 12.6584], [-16.0165, 12.6584], [-16.0172, 12.6605], [-16.0179, 12.6628], [-16.0204, 12.6708], [-16.0207, 12.6729], [-16.0205, 12.6772], [-16.021, 12.6789], [-16.0208, 12.6807], [-16.0206, 12.6824], [-16.0207, 12.6841], [-16.0196, 12.6872], [-16.0199, 12.6891], [-16.0194, 12.6906], [-16.0194, 12.6912], [-16.0193, 12.6919], [-16.0199, 12.6947], [-16.0191, 12.696], [-16.0186, 12.6981], [-16.0181, 12.699], [-16.0177, 12.6998], [-16.0171, 12.7019], [-16.0163, 12.7031], [-16.016, 12.7036], [-16.0158, 12.7039], [-16.0146, 12.7066], [-16.0147, 12.7077], [-16.0144, 12.7083], [-16.014, 12.7107], [-16.0134, 12.7118], [-16.0125, 12.7145], [-16.0119, 12.7173], [-16.0119, 12.7177], [-16.0106, 12.7185], [-16.0108, 12.7216], [-16.0127, 12.7237], [-16.0151, 12.7264], [-16.0176, 12.7283], [-16.0192, 12.7299], [-16.0202, 12.7321], [-16.0212, 12.7367], [-16.0206, 12.7413], [-16.0208, 12.7413], [-16.0205, 12.7436], [-16.0223, 12.7473], [-16.0225, 12.7491], [-16.0235, 12.7491], [-16.0232, 12.7498], [-16.0218, 12.7508], [-16.0193, 12.7543], [-16.0168, 12.757], [-16.0112, 12.7596], [-16.0101, 12.7603], [-16.0086, 12.7612], [-16.0052, 12.7633], [-16.0017, 12.7643], [-16.0004, 12.7651], [-15.9989, 12.7661], [-15.998, 12.7665], [-15.9952, 12.7723], [-15.9945, 12.7756], [-15.9924, 12.7811], [-15.9918, 12.7821], [-15.9909, 12.7831], [-15.9906, 12.7843], [-15.9903, 12.7859], [-15.9902, 12.7869], [-15.9902, 12.7878], [-15.9904, 12.7891], [-15.9905, 12.7901], [-15.9908, 12.791], [-15.9917, 12.793], [-15.9923, 12.794], [-15.9926, 12.7949], [-15.9935, 12.7965], [-15.9939, 12.7977], [-15.995, 12.7993], [-15.9961, 12.801], [-15.9968, 12.8021], [-15.9972, 12.8026], [-15.9972, 12.8034], [-15.9984, 12.8046], [-15.9994, 12.8057], [-16.0024, 12.8085], [-16.0024, 12.809], [-16.0027, 12.8099], [-16.0028, 12.8108], [-16.003, 12.812], [-16.0032, 12.8124], [-16.0034, 12.8129], [-16.0037, 12.8136], [-16.0037, 12.8142], [-16.0039, 12.8148], [-16.0042, 12.8155], [-16.0042, 12.8161], [-16.0044, 12.8168], [-16.0044, 12.8178], [-16.0044, 12.8185], [-16.0043, 12.8195], [-16.0041, 12.8208], [-16.0039, 12.8217], [-16.0038, 12.8227], [-16.0036, 12.8233], [-16.0035, 12.8246], [-16.0034, 12.8249], [-16.0033, 12.825], [-16.0027, 12.8265], [-16.0026, 12.8267], [-16.0006, 12.8297], [-15.9979, 12.8309], [-15.9958, 12.8325], [-15.9957, 12.8326], [-15.9955, 12.8326], [-15.9954, 12.8327], [-15.9935, 12.8337], [-15.9906, 12.8354], [-15.9874, 12.8385], [-15.9833, 12.8437], [-15.9801, 12.8463], [-15.9791, 12.8473], [-15.9783, 12.8488], [-15.9758, 12.8535], [-15.9744, 12.8579], [-15.975, 12.8599], [-15.9761, 12.8639], [-15.9772, 12.8655], [-15.9781, 12.8674], [-15.9786, 12.8683], [-15.9794, 12.8703], [-15.9802, 12.8719], [-15.981, 12.8765], [-15.9807, 12.8788], [-15.9803, 12.8801], [-15.9796, 12.8828], [-15.9778, 12.8856], [-15.9778, 12.8856], [-15.9775, 12.886], [-15.9745, 12.8904], [-15.975, 12.8931], [-15.9738, 12.8958], [-15.9748, 12.8969], [-15.9764, 12.8979], [-15.9771, 12.8982], [-15.9782, 12.8989], [-15.9804, 12.899], [-15.9832, 12.8974], [-15.9838, 12.8984], [-15.9832, 12.8999], [-15.9831, 12.9001], [-15.9816, 12.9009], [-15.9811, 12.9016], [-15.9799, 12.9032], [-15.9805, 12.9054], [-15.9814, 12.9073], [-15.9822, 12.9091], [-15.9827, 12.9111], [-15.9848, 12.9156], [-15.9855, 12.9166], [-15.9864, 12.9179], [-15.9873, 12.9189], [-15.988, 12.9191], [-15.9885, 12.9189], [-15.9891, 12.9189], [-15.9906, 12.9184], [-15.9923, 12.918], [-15.9934, 12.9182], [-15.9939, 12.9184], [-15.9944, 12.9192], [-15.9934, 12.9208], [-15.9931, 12.9229], [-15.9921, 12.9239], [-15.9909, 12.9245], [-15.9876, 12.9257], [-15.9871, 12.9262], [-15.987, 12.9273], [-15.9859, 12.9335], [-15.9867, 12.9371], [-15.9875, 12.9395], [-15.9868, 12.9412], [-15.9852, 12.9433], [-15.9838, 12.9466], [-15.982, 12.9484], [-15.9808, 12.9491], [-15.9801, 12.9493], [-15.9783, 12.9501], [-15.9761, 12.9496], [-15.9734, 12.95], [-15.9719, 12.9508], [-15.971, 12.952], [-15.9699, 12.9536], [-15.9686, 12.9552], [-15.9677, 12.9563], [-15.9673, 12.9572], [-15.967, 12.9585], [-15.9671, 12.9596], [-15.9675, 12.9615], [-15.9677, 12.9628], [-15.9673, 12.9661], [-15.9665, 12.9679], [-15.9656, 12.9696], [-15.965, 12.9714], [-15.9647, 12.9726], [-15.9644, 12.973], [-15.964, 12.9733], [-15.9635, 12.9733], [-15.9633, 12.9731], [-15.9629, 12.9731], [-15.9629, 12.9736], [-15.9632, 12.9743], [-15.9632, 12.9749], [-15.9627, 12.976], [-15.9623, 12.9777], [-15.9618, 12.9781], [-15.9611, 12.9784], [-15.9596, 12.9784], [-15.959, 12.978], [-15.9588, 12.978], [-15.9585, 12.978], [-15.9579, 12.9781], [-15.9572, 12.978], [-15.9567, 12.9782], [-15.9562, 12.9784], [-15.9558, 12.9789], [-15.9551, 12.9792], [-15.9547, 12.9796], [-15.9541, 12.9796], [-15.9536, 12.9793], [-15.9527, 12.9796], [-15.9517, 12.9798], [-15.951, 12.9804], [-15.9501, 12.9813], [-15.9492, 12.9819], [-15.9478, 12.9826], [-15.947, 12.9837], [-15.9456, 12.9848], [-15.9441, 12.9862], [-15.9435, 12.9877], [-15.9423, 12.9904], [-15.9402, 12.9942], [-15.9391, 12.9962], [-15.9378, 12.998], [-15.9366, 12.9997], [-15.9363, 13.0001], [-15.9361, 13.0009], [-15.9354, 13.0012], [-15.935, 13.0028], [-15.9342, 13.0041], [-15.9338, 13.006], [-15.9337, 13.0074], [-15.9327, 13.0098], [-15.9321, 13.011], [-15.9312, 13.012], [-15.9305, 13.0139], [-15.9294, 13.0159], [-15.9278, 13.0176], [-15.9279, 13.0193], [-15.9275, 13.0206], [-15.9269, 13.0221], [-15.9267, 13.0243], [-15.9263, 13.0255], [-15.9262, 13.0271], [-15.9258, 13.0305], [-15.9255, 13.0319], [-15.9261, 13.0336], [-15.9256, 13.0365], [-15.925, 13.0384], [-15.925, 13.0402], [-15.9231, 13.0424], [-15.9233, 13.0427], [-15.9222, 13.0454], [-15.9209, 13.0476], [-15.9194, 13.0487], [-15.9179, 13.0512], [-15.9169, 13.0532], [-15.9154, 13.0552], [-15.9144, 13.058], [-15.9122, 13.0594], [-15.9106, 13.0611], [-15.9088, 13.0621], [-15.9078, 13.0637], [-15.9056, 13.0676], [-15.9023, 13.0696], [-15.9007, 13.0717], [-15.9003, 13.0744], [-15.8995, 13.0777], [-15.8994, 13.0777], [-15.8998, 13.0816], [-15.8992, 13.0832], [-15.899, 13.0843], [-15.8988, 13.0855], [-15.8979, 13.0872], [-15.894, 13.0882], [-15.8962, 13.0901], [-15.9008, 13.0916], [-15.9014, 13.0925], [-15.9019, 13.0931], [-15.9035, 13.0945], [-15.9052, 13.0948], [-15.9072, 13.0955], [-15.9094, 13.0964], [-15.9131, 13.0956], [-15.9143, 13.0964], [-15.9166, 13.0948], [-15.9185, 13.0933], [-15.9214, 13.096], [-15.9249, 13.0942], [-15.9283, 13.096], [-15.9305, 13.0996], [-15.9315, 13.1017], [-15.9326, 13.1044], [-15.9342, 13.1087], [-15.9352, 13.1105], [-15.9356, 13.1121], [-15.936, 13.1153], [-15.9358, 13.1173], [-15.9347, 13.1193], [-15.9327, 13.1226], [-15.9305, 13.1249], [-15.9296, 13.1265], [-15.9279, 13.1277], [-15.9266, 13.1304], [-15.9236, 13.1321], [-15.9206, 13.1345], [-15.9175, 13.1379], [-15.9131, 13.1411], [-15.9105, 13.143], [-15.9084, 13.1434], [-15.907, 13.1447], [-15.904, 13.1466], [-15.9018, 13.1456], [-15.8992, 13.1458], [-15.8979, 13.1441], [-15.8973, 13.145], [-15.8967, 13.1463], [-15.8966, 13.1481], [-15.897, 13.1502], [-15.8964, 13.1521], [-15.8966, 13.1537], [-15.8963, 13.1564], [-15.8959, 13.1594], [-15.8963, 13.1621], [-15.8956, 13.1628], [-15.895, 13.1648], [-15.895, 13.1673], [-15.895, 13.1682]]]}}, {"type": "Feature", "properties": {"code": "KG", "name": "Kedougou", "region": "Kedougou"}, "geometry": {"type": "Polygon", "coordinates": [[[-13.1233, 12.6411], [-13.1191, 12.6431], [-13.1182, 12.6436], [-13.1168, 12.6422], [-13.1168, 12.6418], [-13.1173, 12.6396], [-13.1173, 12.6392], [-13.1171, 12.6372], [-13.1155, 12.6371], [-13.1127, 12.6372], [-13.1099, 12.6373], [-13.1063, 12.6367], [-13.1029, 12.6329], [-13.1027, 12.6304], [-13.1004, 12.6287], [-13.0991, 12.6286], [-13.0973, 12.6298], [-13.0945, 12.6306], [-13.0934, 12.6283], [-13.091, 12.6272], [-13.0901, 12.6301], [-13.09, 12.6333], [-13.0874, 12.6343], [-13.0851, 12.6348], [-13.0792, 12.6364], [-13.0777, 12.6366], [-13.077, 12.6387], [-13.0764, 12.6411], [-13.0751, 12.6439], [-13.0732, 12.6451], [-13.0683, 12.644], [-13.063, 12.6445], [-13.0618, 12.6445], [-13.0598, 12.6432], [-13.0599, 12.6428], [-13.0601, 12.6413], [-13.0609, 12.6401], [-13.0632, 12.637], [-13.0633, 12.6341], [-13.0633, 12.6341], [-13.0613, 12.6326], [-13.0603, 12.6316], [-13.057, 12.6292], [-13.0541, 12.6278], [-13.0505, 12.6273], [-13.0483, 12.6255], [-13.0482, 12.6229], [-13.0482, 12.6225], [-13.0482, 12.6188], [-13.0486, 12.617], [-13.0509, 12.6143], [-13.0516, 12.6128], [-13.0515, 12.6126], [-13.05, 12.6111], [-13.048, 12.6086], [-13.0469, 12.6063], [-13.0443, 12.6023], [-13.0443, 12.6019], [-13.0444, 12.5998], [-13.045, 12.5962], [-13.0456, 12.5932], [-13.0456, 12.5928], [-13.0455, 12.5919], [-13.0433, 12.5876], [-13.0428, 12.5848], [-13.0426, 12.5794], [-13.0426, 12.5793], [-13.0441, 12.576], [-13.0451, 12.5735], [-13.047, 12.571], [-13.0495, 12.5679], [-13.0512, 12.5672], [-13.0536, 12.564], [-13.0536, 12.5635], [-13.0535, 12.5613], [-13.0535, 12.561], [-13.0537, 12.557], [-13.0537, 12.5568], [-13.0536, 12.555], [-13.0536, 12.5546], [-13.0536, 12.551], [-13.0546, 12.5474], [-13.0571, 12.5459], [-13.0595, 12.5445], [-13.0624, 12.5429], [-13.0644, 12.5412], [-13.0664, 12.5389], [-13.0685, 12.5358], [-13.0684, 12.5354], [-13.0682, 12.533], [-13.0666, 12.5306], [-13.0652, 12.5281], [-13.0651, 12.5251], [-13.0642, 12.5129], [-13.0642, 12.5126], [-13.0645, 12.5078], [-13.0645, 12.5058], [-13.0652, 12.5029], [-13.0665, 12.4985], [-13.0665, 12.4954], [-13.0665, 12.4953], [-13.0664, 12.4921], [-13.0645, 12.4903], [-13.0631, 12.4871], [-13.0609, 12.4853], [-13.0578, 12.4846], [-13.0542, 12.4844], [-13.0521, 12.4828], [-13.0483, 12.4828], [-13.0463, 12.4835], [-13.0439, 12.4835], [-13.0406, 12.4832], [-13.0376, 12.4807], [-13.0351, 12.482], [-13.0328, 12.4837], [-13.0291, 12.4848], [-13.027, 12.4833], [-13.0238, 12.4829], [-13.0211, 12.4841], [-13.018, 12.4826], [-13.0156, 12.4819], [-13.0009, 12.4822], [-13.001, 12.4818], [-13.0012, 12.4811], [-13.0011, 12.481], [-12.999, 12.478], [-12.9966, 12.4755], [-12.9937, 12.4747], [-12.9886, 12.4739], [-12.9845, 12.4738], [-12.9822, 12.4725], [-12.9777, 12.471], [-12.9754, 12.4707], [-12.973, 12.473], [-12.9715, 12.4764], [-12.9675, 12.4789], [-12.9643, 12.4797], [-12.9631, 12.4794], [-12.9598, 12.4794], [-12.957, 12.4805], [-12.9541, 12.481], [-12.952, 12.4806], [-12.9488, 12.4805], [-12.9486, 12.4834], [-12.9479, 12.4863], [-12.9473, 12.492], [-12.9449, 12.5052], [-12.9449, 12.5053], [-12.945, 12.5068], [-12.945, 12.5072], [-12.9435, 12.5102], [-12.9434, 12.5104], [-12.9443, 12.513], [-12.9465, 12.5171], [-12.9466, 12.5173], [-12.9453, 12.5202], [-12.9453, 12.5236], [-12.9453, 12.5241], [-12.9457, 12.5273], [-12.9485, 12.5288], [-12.951, 12.5305], [-12.9513, 12.5326], [-12.9514, 12.533], [-12.9501, 12.5349], [-12.9484, 12.5369], [-12.9453, 12.5412], [-12.9436, 12.5418], [-12.9404, 12.5428], [-12.9374, 12.5426], [-12.9341, 12.5447], [-12.9328, 12.5463], [-12.9288, 12.5474], [-12.925, 12.5487], [-12.9198, 12.5487], [-12.9157, 12.5485], [-12.9133, 12.5513], [-12.9093, 12.5525], [-12.9055, 12.5524], [-12.9023, 12.5525], [-12.9008, 12.5538], [-12.8983, 12.5551], [-12.8941, 12.5555], [-12.8909, 12.5537], [-12.8863, 12.5526], [-12.8822, 12.5524], [-12.8822, 12.5519], [-12.8828, 12.5486], [-12.8848, 12.5476], [-12.8861, 12.5456], [-12.8861, 12.5452], [-12.8857, 12.5421], [-12.884, 12.5405], [-12.8822, 12.5365], [-12.8799, 12.5338], [-12.8775, 12.5325], [-12.8729, 12.5295], [-12.8677, 12.5271], [-12.8636, 12.527], [-12.8602, 12.5256], [-12.8552, 12.5228], [-12.8532, 12.5229], [-12.8511, 12.5227], [-12.8463, 12.5191], [-12.843, 12.5188], [-12.8382, 12.5187], [-12.8363, 12.5166], [-12.8364, 12.5162], [-12.8365, 12.5155], [-12.8371, 12.5124], [-12.8383, 12.5106], [-12.8441, 12.5048], [-12.8478, 12.5014], [-12.8478, 12.501], [-12.8478, 12.4995], [-12.8479, 12.4984], [-12.8479, 12.4984], [-12.8472, 12.4967], [-12.8461, 12.4961], [-12.8434, 12.4953], [-12.8377, 12.4942], [-12.8288, 12.4915], [-12.8273, 12.4873], [-12.8271, 12.486], [-12.8223, 12.4826], [-12.8171, 12.48], [-12.8124, 12.4797], [-12.8105, 12.4797], [-12.8082, 12.4804], [-12.8021, 12.4813], [-12.796, 12.4852], [-12.7931, 12.486], [-12.789, 12.4836], [-12.7851, 12.4808], [-12.7792, 12.4764], [-12.7741, 12.474], [-12.7718, 12.4755], [-12.7705, 12.476], [-12.7662, 12.4754], [-12.7619, 12.4731], [-12.7549, 12.4686], [-12.755, 12.4682], [-12.7558, 12.4651], [-12.756, 12.4618], [-12.757, 12.4598], [-12.759, 12.4535], [-12.7611, 12.4505], [-12.7639, 12.4457], [-12.7674, 12.4402], [-12.7674, 12.4369], [-12.7674, 12.4369], [-12.7654, 12.4355], [-12.7616, 12.4361], [-12.7577, 12.4363], [-12.7488, 12.4368], [-12.7224, 12.4384], [-12.7196, 12.4389], [-12.7129, 12.4391], [-12.7071, 12.4394], [-12.7011, 12.4399], [-12.6917, 12.4405], [-12.6816, 12.4412], [-12.676, 12.4415], [-12.6737, 12.442], [-12.6716, 12.4427], [-12.6662, 12.4425], [-12.6598, 12.4414], [-12.6543, 12.4408], [-12.6477, 12.44], [-12.6423, 12.4391], [-12.6354, 12.438], [-12.6345, 12.4374], [-12.6333, 12.4376], [-12.6323, 12.4371], [-12.6311, 12.4367], [-12.6301, 12.4367], [-12.6283, 12.4366], [-12.6269, 12.4349], [-12.6249, 12.4345], [-12.6238, 12.4339], [-12.6229, 12.4327], [-12.621, 12.4312], [-12.6191, 12.4296], [-12.6179, 12.4289], [-12.6162, 12.428], [-12.614, 12.4263], [-12.6131, 12.426], [-12.6133, 12.4256], [-12.6138, 12.4243], [-12.6138, 12.4241], [-12.6127, 12.4218], [-12.6128, 12.4213], [-12.6131, 12.4195], [-12.6131, 12.4191], [-12.613, 12.4175], [-12.6114, 12.4168], [-12.6109, 12.4162], [-12.6099, 12.4148], [-12.6096, 12.4131], [-12.6077, 12.4119], [-12.6059, 12.4108], [-12.602, 12.4083], [-12.6, 12.4056], [-12.5979, 12.4056], [-12.5951, 12.4054], [-12.5936, 12.4062], [-12.592, 12.407], [-12.5911, 12.4075], [-12.5891, 12.4081], [-12.5873, 12.4097], [-12.5862, 12.4101], [-12.5839, 12.4097], [-12.583, 12.4084], [-12.583, 12.4073], [-12.583, 12.4072], [-12.5833, 12.4058], [-12.5833, 12.4056], [-12.5832, 12.4039], [-12.5832, 12.4039], [-12.5838, 12.4025], [-12.5852, 12.4013], [-12.5851, 12.4008], [-12.5849, 12.3994], [-12.5841, 12.3994], [-12.5845, 12.3989], [-12.5853, 12.398], [-12.5851, 12.3977], [-12.5845, 12.3968], [-12.5842, 12.3952], [-12.5836, 12.3937], [-12.5822, 12.3924], [-12.5819, 12.3907], [-12.582, 12.3906], [-12.5831, 12.3895], [-12.5829, 12.3893], [-12.5814, 12.3881], [-12.579, 12.388], [-12.5757, 12.3857], [-12.5756, 12.3845], [-12.5756, 12.3842], [-12.5756, 12.3841], [-12.5749, 12.3821], [-12.5733, 12.3802], [-12.5724, 12.379], [-12.5713, 12.3772], [-12.5701, 12.3739], [-12.569, 12.3712], [-12.5674, 12.3689], [-12.5652, 12.3687], [-12.5637, 12.3696], [-12.5615, 12.3687], [-12.5591, 12.3697], [-12.5567, 12.3728], [-12.5561, 12.3728], [-12.5549, 12.3732], [-12.5523, 12.3742], [-12.5489, 12.3747], [-12.5459, 12.3766], [-12.5434, 12.3778], [-12.5418, 12.3802], [-12.5362, 12.3841], [-12.5355, 12.3874], [-12.5324, 12.3902], [-12.5303, 12.3918], [-12.5255, 12.3954], [-12.5239, 12.3969], [-12.5215, 12.3996], [-12.5192, 12.4025], [-12.5171, 12.4054], [-12.5141, 12.4064], [-12.5116, 12.4062], [-12.509, 12.4064], [-12.5066, 12.4056], [-12.5026, 12.4057], [-12.5011, 12.4063], [-12.4994, 12.4069], [-12.4967, 12.4087], [-12.4941, 12.409], [-12.492, 12.4087], [-12.4902, 12.4083], [-12.4888, 12.4073], [-12.4861, 12.4073], [-12.4827, 12.4065], [-12.4805, 12.4058], [-12.4774, 12.4059], [-12.475, 12.4058], [-12.4719, 12.4049], [-12.4687, 12.404], [-12.4633, 12.4026], [-12.4609, 12.402], [-12.4589, 12.4018], [-12.4564, 12.4013], [-12.4542, 12.4011], [-12.4522, 12.401], [-12.4496, 12.4002], [-12.4475, 12.3994], [-12.446, 12.3983], [-12.4449, 12.3968], [-12.4428, 12.3954], [-12.4389, 12.3927], [-12.4379, 12.3921], [-12.4365, 12.3904], [-12.4346, 12.3888], [-12.4322, 12.388], [-12.4303, 12.3868], [-12.4271, 12.386], [-12.4245, 12.3854], [-12.4216, 12.3846], [-12.418, 12.3842], [-12.4159, 12.3844], [-12.413, 12.3846], [-12.4109, 12.3851], [-12.41, 12.3853], [-12.407, 12.3857], [-12.4054, 12.3857], [-12.4039, 12.385], [-12.4024, 12.3844], [-12.4015, 12.384], [-12.3998, 12.3826], [-12.3985, 12.3819], [-12.3962, 12.3803], [-12.3945, 12.3788], [-12.3928, 12.3766], [-12.3925, 12.3765], [-12.3916, 12.3759], [-12.3909, 12.3751], [-12.3909, 12.3747], [-12.3912, 12.3734], [-12.3914, 12.3724], [-12.3914, 12.3716], [-12.3914, 12.3716], [-12.3911, 12.3708], [-12.3894, 12.3696], [-12.3885, 12.3693], [-12.3873, 12.3679], [-12.3862, 12.3666], [-12.3851, 12.3656], [-12.3845, 12.3642], [-12.3838, 12.3628], [-12.3835, 12.3614], [-12.3829, 12.3599], [-12.3818, 12.3579], [-12.3809, 12.3556], [-12.3799, 12.3532], [-12.3786, 12.351], [-12.3773, 12.3485], [-12.3761, 12.3465], [-12.3746, 12.3444], [-12.3744, 12.3418], [-12.3732, 12.3412], [-12.3723, 12.3406], [-12.3713, 12.3399], [-12.3699, 12.3392], [-12.3685, 12.3388], [-12.3675, 12.338], [-12.3666, 12.3372], [-12.3665, 12.337], [-12.366, 12.3364], [-12.3655, 12.3346], [-12.3655, 12.3324], [-12.3654, 12.3297], [-12.3649, 12.3267], [-12.3645, 12.3233], [-12.3637, 12.3203], [-12.3626, 12.3187], [-12.3613, 12.316], [-12.3607, 12.3137], [-12.3602, 12.311], [-12.3592, 12.3098], [-12.358, 12.3088], [-12.3573, 12.3078], [-12.3569, 12.308], [-12.3561, 12.3082], [-12.3541, 12.309], [-12.3525, 12.3097], [-12.3509, 12.3105], [-12.3492, 12.3112], [-12.3469, 12.3125], [-12.3456, 12.3131], [-12.3441, 12.3139], [-12.3405, 12.3155], [-12.3381, 12.316], [-12.335, 12.3173], [-12.3334, 12.3182], [-12.3324, 12.3185], [-12.3309, 12.3193], [-12.3286, 12.3203], [-12.3268, 12.3208], [-12.3251, 12.3213], [-12.3234, 12.3224], [-12.3211, 12.3238], [-12.3182, 12.3246], [-12.3161, 12.3262], [-12.3145, 12.327], [-12.3119, 12.3279], [-12.3103, 12.3286], [-12.3087, 12.3297], [-12.3074, 12.3299], [-12.3056, 12.331], [-12.3032, 12.3324], [-12.3006, 12.3334], [-12.2998, 12.3339], [-12.2971, 12.3353], [-12.2955, 12.3361], [-12.2939, 12.3369], [-12.2913, 12.3373], [-12.2912, 12.3376], [-12.2895, 12.3373], [-12.2882, 12.3373], [-12.2868, 12.337], [-12.2852, 12.3368], [-12.2832, 12.3362], [-12.282, 12.336], [-12.2811, 12.3362], [-12.2808, 12.3363], [-12.2798, 12.3374], [-12.2795, 12.3377], [-12.279, 12.3382], [-12.2772, 12.3397], [-12.2766, 12.3404], [-12.276, 12.3412], [-12.2756, 12.3416], [-12.2751, 12.3425], [-12.2749, 12.3428], [-12.2718, 12.344], [-12.2707, 12.344], [-12.2705, 12.3441], [-12.2697, 12.3442], [-12.269, 12.3444], [-12.2673, 12.3454], [-12.2671, 12.3456], [-12.2664, 12.3464], [-12.2656, 12.3463], [-12.264, 12.3461], [-12.2635, 12.3461], [-12.2627, 12.3473], [-12.2625, 12.3477], [-12.2617, 12.3485], [-12.2609, 12.3486], [-12.2583, 12.3485], [-12.2574, 12.3483], [-12.2567, 12.3486], [-12.256, 12.3491], [-12.2544, 12.3505], [-12.2532, 12.351], [-12.2519, 12.3516], [-12.2511, 12.3518], [-12.2494, 12.3527], [-12.2481, 12.3533], [-12.2471, 12.3531], [-12.2459, 12.3526], [-12.2452, 12.3523], [-12.2446, 12.3518], [-12.2431, 12.3514], [-12.2423, 12.3507], [-12.2423, 12.3506], [-12.2412, 12.3499], [-12.2397, 12.3493], [-12.2374, 12.3499], [-12.2366, 12.3502], [-12.2351, 12.3505], [-12.2334, 12.3511], [-12.2326, 12.3513], [-12.2309, 12.3518], [-12.2294, 12.3533], [-12.2288, 12.3542], [-12.2275, 12.3559], [-12.2273, 12.3562], [-12.2265, 12.3568], [-12.2258, 12.3575], [-12.2247, 12.3581], [-12.2235, 12.358], [-12.2223, 12.358], [-12.2202, 12.3584], [-12.2188, 12.3584], [-12.2168, 12.3583], [-12.2157, 12.3583], [-12.2146, 12.3576], [-12.2134, 12.3568], [-12.2123, 12.3562], [-12.2112, 12.3544], [-12.2067, 12.3539], [-12.2031, 12.3543], [-12.1996, 12.3557], [-12.1962, 12.3574], [-12.1914, 12.3573], [-12.1894, 12.3581], [-12.1872, 12.3597], [-12.1839, 12.3593], [-12.18, 12.3591], [-12.178, 12.359], [-12.1779, 12.359], [-12.1741, 12.3595], [-12.1725, 12.3628], [-12.172, 12.3658], [-12.169, 12.3682], [-12.1658, 12.3698], [-12.1609, 12.3717], [-12.1568, 12.3732], [-12.1537, 12.3736], [-12.1505, 12.376], [-12.1491, 12.3787], [-12.1483, 12.3817], [-12.1454, 12.3831], [-12.1422, 12.3832], [-12.1391, 12.3842], [-12.1359, 12.3846], [-12.1326, 12.3851], [-12.1301, 12.3865], [-12.1289, 12.3894], [-12.1264, 12.3922], [-12.1237, 12.3943], [-12.1218, 12.3965], [-12.1203, 12.399], [-12.1188, 12.4021], [-12.1166, 12.4054], [-12.1158, 12.4075], [-12.1146, 12.4108], [-12.1117, 12.413], [-12.1085, 12.4147], [-12.1053, 12.4163], [-12.1013, 12.4157], [-12.0984, 12.4155], [-12.0951, 12.4173], [-12.0917, 12.418], [-12.089, 12.4213], [-12.0869, 12.4229], [-12.0831, 12.4227], [-12.0797, 12.423], [-12.0735, 12.4265], [-12.0687, 12.4256], [-12.0654, 12.4256], [-12.0643, 12.4275], [-12.0614, 12.4296], [-12.0582, 12.4304], [-12.056, 12.4286], [-12.0534, 12.4267], [-12.0514, 12.4247], [-12.048, 12.4247], [-12.0445, 12.4249], [-12.0415, 12.4251], [-12.0385, 12.4249], [-12.0354, 12.4229], [-12.0331, 12.42], [-12.0308, 12.4175], [-12.0279, 12.414], [-12.0242, 12.4109], [-12.0224, 12.4089], [-12.0192, 12.4086], [-12.016, 12.4075], [-12.0143, 12.4048], [-12.013, 12.4019], [-12.0115, 12.4], [-12.0087, 12.4], [-12.0059, 12.4001], [-12.0035, 12.4009], [-12.0005, 12.4012], [-11.9969, 12.4017], [-11.9956, 12.4038], [-11.9933, 12.4054], [-11.9914, 12.4055], [-11.989, 12.4062], [-11.9873, 12.4063], [-11.9855, 12.4066], [-11.9842, 12.4075], [-11.9824, 12.4085], [-11.9803, 12.4089], [-11.9797, 12.4093], [-11.9789, 12.4087], [-11.9778, 12.4082], [-11.9762, 12.4074], [-11.975, 12.407], [-11.9735, 12.4069], [-11.971, 12.4083], [-11.9697, 12.4085], [-11.9668, 12.4091], [-11.9627, 12.4106], [-11.9606, 12.4119], [-11.9512, 12.418], [-11.9498, 12.4183], [-11.9484, 12.4197], [-11.9466, 12.4208], [-11.9447, 12.4221], [-11.9429, 12.423], [-11.9402, 12.4243], [-11.9379, 12.4266], [-11.9353, 12.4277], [-11.9321, 12.4301], [-11.9292, 12.4318], [-11.9277, 12.4329], [-11.9251, 12.4341], [-11.9232, 12.4359], [-11.9215, 12.4372], [-11.9187, 12.4386], [-11.916, 12.4407], [-11.9124, 12.4423], [-11.9099, 12.4438], [-11.9071, 12.4455], [-11.9042, 12.4471], [-11.9034, 12.4476], [-11.9007, 12.4495], [-11.8993, 12.4499], [-11.8993, 12.4495], [-11.8984, 12.447], [-11.8976, 12.4452], [-11.8973, 12.4439], [-11.8968, 12.4414], [-11.8957, 12.4392], [-11.8949, 12.4367], [-11.8949, 12.4343], [-11.8936, 12.432], [-11.8931, 12.4301], [-11.8918, 12.4281], [-11.8912, 12.4273], [-11.8898, 12.4267], [-11.889, 12.4261], [-11.887, 12.4257], [-11.8846, 12.4247], [-11.8824, 12.4239], [-11.8803, 12.4227], [-11.8787, 12.4216], [-11.877, 12.4207], [-11.8749, 12.4199], [-11.8725, 12.4203], [-11.8706, 12.4203], [-11.8691, 12.4201], [-11.8678, 12.4198], [-11.8667, 12.4197], [-11.8642, 12.4189], [-11.8641, 12.418], [-11.864, 12.4176], [-11.8632, 12.4159], [-11.8629, 12.4142], [-11.8627, 12.4125], [-11.8616, 12.4113], [-11.8596, 12.4093], [-11.858, 12.4077], [-11.8568, 12.4065], [-11.8551, 12.4047], [-11.8539, 12.4037], [-11.8526, 12.403], [-11.8509, 12.4028], [-11.8495, 12.4017], [-11.8489, 12.4004], [-11.8482, 12.3989], [-11.8479, 12.3971], [-11.8461, 12.3965], [-11.8447, 12.3966], [-11.8427, 12.3983], [-11.8417, 12.3993], [-11.8397, 12.4001], [-11.838, 12.4013], [-11.8361, 12.4008], [-11.8347, 12.4011], [-11.8344, 12.4018], [-11.8327, 12.4031], [-11.8312, 12.4043], [-11.8291, 12.4031], [-11.8276, 12.4026], [-11.8264, 12.4028], [-11.824, 12.4035], [-11.8227, 12.4026], [-11.8206, 12.4027], [-11.8185, 12.4027], [-11.8159, 12.4031], [-11.8136, 12.4027], [-11.813, 12.4022], [-11.8124, 12.4012], [-11.8122, 12.3999], [-11.811, 12.3997], [-11.8096, 12.4015], [-11.8083, 12.4029], [-11.8067, 12.4039], [-11.8061, 12.4049], [-11.8049, 12.4057], [-11.8038, 12.406], [-11.8021, 12.406], [-11.8006, 12.4052], [-11.7993, 12.4037], [-11.7976, 12.4027], [-11.796, 12.4015], [-11.7952, 12.4003], [-11.7948, 12.397], [-11.7931, 12.3969], [-11.7921, 12.3978], [-11.7897, 12.3979], [-11.7868, 12.3971], [-11.7842, 12.3967], [-11.7823, 12.3963], [-11.7799, 12.3964], [-11.7779, 12.3955], [-11.7753, 12.3956], [-11.7735, 12.3937], [-11.7717, 12.3921], [-11.7693, 12.3891], [-11.7677, 12.3867], [-11.7672, 12.386], [-11.7658, 12.3863], [-11.7638, 12.3867], [-11.7616, 12.3863], [-11.7601, 12.3865], [-11.7577, 12.3876], [-11.7559, 12.3882], [-11.7537, 12.39], [-11.7523, 12.3904], [-11.7511, 12.3911], [-11.7489, 12.3905], [-11.747, 12.3898], [-11.745, 12.3906], [-11.7428, 12.3902], [-11.7389, 12.391], [-11.7364, 12.3913], [-11.7348, 12.3912], [-11.7329, 12.3903], [-11.7309, 12.3912], [-11.728, 12.3912], [-11.7258, 12.3929], [-11.7214, 12.3976], [-11.7198, 12.3991], [-11.7181, 12.4013], [-11.7159, 12.402], [-11.7141, 12.4029], [-11.7113, 12.4022], [-11.7094, 12.402], [-11.7069, 12.4018], [-11.704, 12.4017], [-11.7024, 12.4012], [-11.7007, 12.4015], [-11.6974, 12.4024], [-11.6939, 12.4045], [-11.6898, 12.4068], [-11.6903, 12.4068], [-11.6896, 12.4076], [-11.6876, 12.4096], [-11.6856, 12.4112], [-11.6847, 12.413], [-11.6832, 12.4145], [-11.682, 12.4162], [-11.6809, 12.4175], [-11.6794, 12.4186], [-11.678, 12.4191], [-11.6749, 12.42], [-11.6734, 12.4209], [-11.6726, 12.4231], [-11.6705, 12.4244], [-11.6694, 12.4255], [-11.6678, 12.4262], [-11.6659, 12.4265], [-11.6645, 12.4268], [-11.6626, 12.4279], [-11.6607, 12.4283], [-11.6585, 12.4292], [-11.6506, 12.4308], [-11.6483, 12.4299], [-11.6468, 12.4305], [-11.6453, 12.4311], [-11.6441, 12.4316], [-11.6422, 12.4322], [-11.6404, 12.4329], [-11.6373, 12.4332], [-11.6352, 12.4343], [-11.633, 12.4351], [-11.6312, 12.4354], [-11.6294, 12.4353], [-11.6275, 12.4349], [-11.6257, 12.4335], [-11.6243, 12.4321], [-11.6233, 12.4302], [-11.622, 12.4293], [-11.6206, 12.4289], [-11.6175, 12.4287], [-11.6156, 12.4296], [-11.6129, 12.4312], [-11.6099, 12.4327], [-11.6083, 12.4328], [-11.6069, 12.4328], [-11.6047, 12.4322], [-11.6032, 12.4318], [-11.6012, 12.4316], [-11.599, 12.4333], [-11.5969, 12.4353], [-11.5942, 12.4373], [-11.5922, 12.4383], [-11.5902, 12.4394], [-11.5882, 12.4394], [-11.5862, 12.4396], [-11.584, 12.4396], [-11.581, 12.44], [-11.5781, 12.4403], [-11.576, 12.4401], [-11.5743, 12.4407], [-11.5709, 12.4417], [-11.5678, 12.4417], [-11.5647, 12.4415], [-11.5621, 12.4418], [-11.5588, 12.4418], [-11.5569, 12.4425], [-11.5545, 12.4425], [-11.5515, 12.4434], [-11.5494, 12.4433], [-11.5475, 12.4434], [-11.5452, 12.4434], [-11.5419, 12.4442], [-11.5384, 12.4441], [-11.5357, 12.4436], [-11.5331, 12.4446], [-11.531, 12.4448], [-11.5285, 12.445], [-11.526, 12.4456], [-11.5228, 12.4458], [-11.5203, 12.4462], [-11.517, 12.4466], [-11.5141, 12.447], [-11.5116, 12.447], [-11.5091, 12.4469], [-11.5056, 12.4479], [-11.5022, 12.4484], [-11.4989, 12.4487], [-11.4965, 12.4484], [-11.4941, 12.4489], [-11.4913, 12.4492], [-11.4877, 12.4491], [-11.4833, 12.4498], [-11.4788, 12.4503], [-11.4747, 12.4502], [-11.4726, 12.4487], [-11.4711, 12.4475], [-11.4696, 12.4458], [-11.4685, 12.445], [-11.4665, 12.4437], [-11.4654, 12.4433], [-11.4631, 12.4431], [-11.4613, 12.4434], [-11.4595, 12.4439], [-11.4579, 12.4438], [-11.4552, 12.4437], [-11.4533, 12.4432], [-11.4524, 12.4426], [-11.4512, 12.4416], [-11.4501, 12.4412], [-11.4486, 12.4406], [-11.447, 12.4403], [-11.4453, 12.4402], [-11.4433, 12.4401], [-11.4416, 12.4401], [-11.4402, 12.4404], [-11.4384, 12.4409], [-11.4366, 12.4411], [-11.4345, 12.4416], [-11.4326, 12.4411], [-11.4304, 12.4392], [-11.4286, 12.4391], [-11.4272, 12.4387], [-11.4274, 12.439], [-11.4258, 12.4387], [-11.423, 12.4377], [-11.4199, 12.4374], [-11.418, 12.4365], [-11.4156, 12.4352], [-11.4147, 12.4334], [-11.4137, 12.4324], [-11.4132, 12.431], [-11.4114, 12.4296], [-11.4091, 12.4278], [-11.4065, 12.4268], [-11.4071, 12.4254], [-11.4057, 12.4232], [-11.4035, 12.4206], [-11.3999, 12.419], [-11.3991, 12.4186], [-11.3955, 12.4186], [-11.3934, 12.4184], [-11.3907, 12.4183], [-11.389, 12.4182], [-11.3873, 12.4181], [-11.3843, 12.4182], [-11.3827, 12.4188], [-11.3803, 12.4183], [-11.3783, 12.418], [-11.3758, 12.4184], [-11.375, 12.4186], [-11.3737, 12.421], [-11.3731, 12.4213], [-11.3722, 12.4214], [-11.371, 12.4213], [-11.3699, 12.4208], [-11.3689, 12.4208], [-11.3681, 12.4212], [-11.3676, 12.4221], [-11.3675, 12.4241], [-11.3675, 12.4272], [-11.3673, 12.4293], [-11.3665, 12.4312], [-11.3658, 12.4325], [-11.3656, 12.4336], [-11.3657, 12.4351], [-11.3664, 12.4363], [-11.3675, 12.4371], [-11.37, 12.4382], [-11.3703, 12.4385], [-11.3704, 12.4389], [-11.3707, 12.4405], [-11.371, 12.4417], [-11.3715, 12.4421], [-11.3722, 12.4426], [-11.3725, 12.443], [-11.3727, 12.4446], [-11.3725, 12.4474], [-11.3723, 12.4492], [-11.3723, 12.4496], [-11.3723, 12.4501], [-11.3726, 12.4508], [-11.3727, 12.4509], [-11.3733, 12.4513], [-11.374, 12.452], [-11.3743, 12.453], [-11.3743, 12.4546], [-11.3737, 12.4553], [-11.3732, 12.4556], [-11.3727, 12.4555], [-11.371, 12.4558], [-11.3697, 12.4564], [-11.3678, 12.457], [-11.3675, 12.4572], [-11.3669, 12.4571], [-11.3665, 12.4565], [-11.3659, 12.4563], [-11.365, 12.4563], [-11.3644, 12.4564], [-11.3634, 12.4572], [-11.3623, 12.4583], [-11.3602, 12.4601], [-11.3595, 12.4608], [-11.3594, 12.4614], [-11.3594, 12.4618], [-11.3596, 12.4635], [-11.3593, 12.4652], [-11.3583, 12.466], [-11.3572, 12.4662], [-11.3557, 12.4663], [-11.3543, 12.4654], [-11.3539, 12.465], [-11.3531, 12.465], [-11.3517, 12.4652], [-11.3514, 12.4654], [-11.3511, 12.4658], [-11.3516, 12.4665], [-11.3524, 12.4673], [-11.3527, 12.4699], [-11.352, 12.4717], [-11.3519, 12.4736], [-11.3526, 12.4756], [-11.3541, 12.4782], [-11.3551, 12.4787], [-11.3561, 12.4788], [-11.3595, 12.4797], [-11.3605, 12.4804], [-11.3609, 12.4813], [-11.3611, 12.4822], [-11.3608, 12.4837], [-11.3592, 12.4858], [-11.3578, 12.489], [-11.3553, 12.494], [-11.3558, 12.4959], [-11.3562, 12.4984], [-11.3568, 12.5005], [-11.3571, 12.5016], [-11.3581, 12.5027], [-11.3589, 12.5038], [-11.3596, 12.5051], [-11.3596, 12.5064], [-11.3599, 12.5075], [-11.3605, 12.5086], [-11.3613, 12.5098], [-11.3628, 12.5102], [-11.3648, 12.5105], [-11.3661, 12.5104], [-11.3673, 12.5102], [-11.368, 12.5095], [-11.3688, 12.5084], [-11.3691, 12.5074], [-11.3701, 12.5047], [-11.3712, 12.5025], [-11.3721, 12.5012], [-11.3732, 12.4994], [-11.3736, 12.4974], [-11.374, 12.4956], [-11.3733, 12.4937], [-11.3724, 12.4915], [-11.3718, 12.4897], [-11.3714, 12.4882], [-11.3714, 12.4872], [-11.3718, 12.4862], [-11.373, 12.485], [-11.3739, 12.4845], [-11.3746, 12.4844], [-11.3762, 12.4848], [-11.3781, 12.4858], [-11.3789, 12.4874], [-11.3799, 12.4889], [-11.3824, 12.4905], [-11.383, 12.4913], [-11.3835, 12.4923], [-11.3837, 12.4933], [-11.3836, 12.4938], [-11.3832, 12.4953], [-11.3829, 12.4969], [-11.3824, 12.4986], [-11.3817, 12.5006], [-11.3811, 12.5025], [-11.3808, 12.5051], [-11.3807, 12.5071], [-11.3805, 12.508], [-11.3795, 12.5118], [-11.3794, 12.516], [-11.3802, 12.5194], [-11.3805, 12.5209], [-11.3812, 12.5228], [-11.382, 12.5236], [-11.3846, 12.5244], [-11.3872, 12.5247], [-11.3918, 12.5249], [-11.3938, 12.5254], [-11.3947, 12.5262], [-11.3945, 12.5271], [-11.3937, 12.5276], [-11.3927, 12.5278], [-11.3919, 12.5285], [-11.3896, 12.5329], [-11.3888, 12.5365], [-11.3887, 12.5374], [-11.3891, 12.5384], [-11.3902, 12.5395], [-11.3916, 12.5402], [-11.3937, 12.5408], [-11.3986, 12.5401], [-11.3997, 12.54], [-11.4008, 12.5403], [-11.4022, 12.5416], [-11.4031, 12.5429], [-11.4038, 12.5436], [-11.4052, 12.5441], [-11.4068, 12.5442], [-11.4081, 12.5436], [-11.4095, 12.5428], [-11.411, 12.541], [-11.412, 12.536], [-11.4112, 12.5291], [-11.4107, 12.5257], [-11.4107, 12.5244], [-11.411, 12.5233], [-11.4115, 12.5226], [-11.4124, 12.5224], [-11.4136, 12.5227], [-11.4156, 12.5236], [-11.4181, 12.5247], [-11.4201, 12.526], [-11.4226, 12.5267], [-11.4247, 12.5267], [-11.4265, 12.5272], [-11.4274, 12.5278], [-11.4284, 12.5291], [-11.4289, 12.5307], [-11.429, 12.534], [-11.4286, 12.5383], [-11.4283, 12.5434], [-11.4285, 12.5447], [-11.4291, 12.5458], [-11.4305, 12.5475], [-11.4334, 12.5502], [-11.4349, 12.5507], [-11.4384, 12.5495], [-11.4394, 12.5483], [-11.4405, 12.5462], [-11.4421, 12.5448], [-11.4432, 12.5447], [-11.4446, 12.545], [-11.4462, 12.5459], [-11.4471, 12.5468], [-11.4476, 12.5473], [-11.4482, 12.5484], [-11.4483, 12.5498], [-11.4479, 12.552], [-11.4473, 12.5536], [-11.4463, 12.5554], [-11.4454, 12.5573], [-11.4443, 12.5599], [-11.4439, 12.5613], [-11.4435, 12.5635], [-11.4428, 12.5661], [-11.4425, 12.567], [-11.4423, 12.5676], [-11.4412, 12.5688], [-11.4392, 12.5688], [-11.4376, 12.5685], [-11.4353, 12.5681], [-11.4275, 12.567], [-11.4252, 12.5669], [-11.4222, 12.5668], [-11.4185, 12.5688], [-11.4166, 12.5706], [-11.4152, 12.5725], [-11.4137, 12.5755], [-11.4123, 12.5779], [-11.4109, 12.5804], [-11.409, 12.5832], [-11.406, 12.587], [-11.405, 12.5895], [-11.4048, 12.591], [-11.4066, 12.5935], [-11.4083, 12.5946], [-11.4094, 12.5957], [-11.4108, 12.5974], [-11.4132, 12.6], [-11.416, 12.6015], [-11.418, 12.6025], [-11.4209, 12.6037], [-11.423, 12.6055], [-11.4243, 12.6069], [-11.4249, 12.6079], [-11.4251, 12.6086], [-11.4252, 12.609], [-11.4258, 12.6116], [-11.4251, 12.615], [-11.4238, 12.6179], [-11.4223, 12.6198], [-11.4203, 12.6211], [-11.4175, 12.6214], [-11.416, 12.622], [-11.4125, 12.6242], [-11.4111, 12.6253], [-11.41, 12.6264], [-11.4093, 12.6288], [-11.4086, 12.635], [-11.4096, 12.6372], [-11.4103, 12.6379], [-11.4116, 12.6381], [-11.4132, 12.6382], [-11.4143, 12.6393], [-11.4142, 12.6402], [-11.4145, 12.6454], [-11.4146, 12.65], [-11.4153, 12.652], [-11.4155, 12.6535], [-11.4163, 12.655], [-11.4189, 12.6587], [-11.422, 12.6629], [-11.4228, 12.6641], [-11.4242, 12.6648], [-11.4259, 12.6649], [-11.4266, 12.6646], [-11.4283, 12.6636], [-11.4323, 12.6628], [-11.4378, 12.6633], [-11.4425, 12.6637], [-11.4436, 12.664], [-11.4447, 12.6643], [-11.4461, 12.6656], [-11.4478, 12.6679], [-11.4488, 12.6712], [-11.4494, 12.6751], [-11.4493, 12.6769], [-11.4489, 12.6783], [-11.4482, 12.6793], [-11.4476, 12.6797], [-11.4464, 12.6803], [-11.4448, 12.6808], [-11.4437, 12.6812], [-11.4422, 12.682], [-11.4409, 12.6834], [-11.4397, 12.6852], [-11.439, 12.6871], [-11.4387, 12.6898], [-11.4388, 12.6949], [-11.4391, 12.6978], [-11.4397, 12.7018], [-11.4394, 12.7036], [-11.4385, 12.7047], [-11.4371, 12.7052], [-11.4365, 12.7054], [-11.435, 12.7049], [-11.4344, 12.704], [-11.4328, 12.6998], [-11.4324, 12.6987], [-11.4317, 12.6981], [-11.4304, 12.6979], [-11.4285, 12.698], [-11.4264, 12.6994], [-11.4256, 12.7001], [-11.4254, 12.7011], [-11.4252, 12.7027], [-11.4258, 12.7062], [-11.4264, 12.7102], [-11.427, 12.7158], [-11.4263, 12.7212], [-11.4262, 12.7246], [-11.4262, 12.7281], [-11.426, 12.7291], [-11.4255, 12.7297], [-11.4244, 12.7302], [-11.423, 12.7306], [-11.42, 12.7306], [-11.4164, 12.7305], [-11.4127, 12.73], [-11.4096, 12.7303], [-11.4062, 12.7306], [-11.4026, 12.7309], [-11.3995, 12.7314], [-11.3964, 12.7311], [-11.392, 12.7295], [-11.3882, 12.7288], [-11.3855, 12.7291], [-11.3827, 12.7302], [-11.3799, 12.7309], [-11.3751, 12.731], [-11.3728, 12.732], [-11.372, 12.7334], [-11.3703, 12.736], [-11.3686, 12.7378], [-11.3688, 12.7383], [-11.3696, 12.739], [-11.3708, 12.7391], [-11.3726, 12.739], [-11.3769, 12.7393], [-11.379, 12.7399], [-11.383, 12.7413], [-11.3849, 12.7434], [-11.3855, 12.7448], [-11.3856, 12.7464], [-11.3853, 12.7474], [-11.3831, 12.7487], [-11.3811, 12.7506], [-11.3799, 12.7522], [-11.3797, 12.7529], [-11.38, 12.7545], [-11.3806, 12.7562], [-11.3817, 12.7585], [-11.3825, 12.7601], [-11.3835, 12.7617], [-11.3847, 12.7626], [-11.3858, 12.7636], [-11.3866, 12.7648], [-11.3873, 12.7659], [-11.3881, 12.7674], [-11.3893, 12.7684], [-11.391, 12.769], [-11.3934, 12.7695], [-11.396, 12.7702], [-11.3985, 12.7721], [-11.3996, 12.7739], [-11.3997, 12.7754], [-11.3999, 12.7765], [-11.3988, 12.7772], [-11.3974, 12.7776], [-11.3949, 12.7776], [-11.3924, 12.7777], [-11.3898, 12.7782], [-11.3872, 12.7791], [-11.3858, 12.7797], [-11.3855, 12.7801], [-11.3852, 12.7817], [-11.3848, 12.7844], [-11.3847, 12.7877], [-11.385, 12.7895], [-11.3853, 12.7916], [-11.3854, 12.794], [-11.3845, 12.7969], [-11.3834, 12.8012], [-11.3833, 12.805], [-11.3838, 12.8064], [-11.3844, 12.8078], [-11.3857, 12.8087], [-11.3867, 12.8094], [-11.3878, 12.8099], [-11.3891, 12.8108], [-11.39, 12.8122], [-11.3906, 12.8138], [-11.3902, 12.8157], [-11.3876, 12.8222], [-11.3856, 12.8279], [-11.3848, 12.8305], [-11.3849, 12.8317], [-11.3853, 12.8326], [-11.3858, 12.8332], [-11.387, 12.8328], [-11.3881, 12.8323], [-11.3892, 12.8309], [-11.3899, 12.8301], [-11.3913, 12.8286], [-11.3927, 12.8279], [-11.3965, 12.8277], [-11.4009, 12.8276], [-11.4027, 12.8277], [-11.4038, 12.8282], [-11.4041, 12.8285], [-11.4042, 12.8295], [-11.4049, 12.8313], [-11.4049, 12.8341], [-11.404, 12.8371], [-11.4038, 12.8386], [-11.4039, 12.84], [-11.4043, 12.8409], [-11.405, 12.8421], [-11.4064, 12.843], [-11.4079, 12.8436], [-11.4088, 12.8441], [-11.4101, 12.8452], [-11.4112, 12.8466], [-11.412, 12.8482], [-11.4118, 12.8496], [-11.4108, 12.851], [-11.4098, 12.8518], [-11.4078, 12.8526], [-11.4054, 12.8535], [-11.4026, 12.8547], [-11.4005, 12.8559], [-11.3991, 12.8569], [-11.3982, 12.8582], [-11.3977, 12.8598], [-11.3969, 12.862], [-11.397, 12.8632], [-11.3971, 12.8647], [-11.3981, 12.8661], [-11.3993, 12.8671], [-11.4007, 12.8685], [-11.4028, 12.87], [-11.4043, 12.8711], [-11.405, 12.8723], [-11.4056, 12.8738], [-11.4063, 12.8759], [-11.4066, 12.8787], [-11.4057, 12.8818], [-11.4049, 12.8853], [-11.4031, 12.8904], [-11.403, 12.8917], [-11.4022, 12.8928], [-11.4, 12.8945], [-11.3973, 12.8971], [-11.3941, 12.8999], [-11.3898, 12.9039], [-11.3892, 12.9049], [-11.3887, 12.9062], [-11.3885, 12.9078], [-11.3891, 12.9093], [-11.3903, 12.9103], [-11.3932, 12.9105], [-11.3988, 12.9116], [-11.4004, 12.9122], [-11.4013, 12.9127], [-11.4027, 12.9142], [-11.4033, 12.9162], [-11.4032, 12.9207], [-11.4023, 12.9251], [-11.4005, 12.9292], [-11.3998, 12.9303], [-11.3991, 12.9314], [-11.3948, 12.933], [-11.3941, 12.9334], [-11.3932, 12.9336], [-11.3919, 12.9325], [-11.3914, 12.93], [-11.3914, 12.928], [-11.3911, 12.927], [-11.3909, 12.9265], [-11.3904, 12.9261], [-11.3898, 12.9261], [-11.3882, 12.9264], [-11.387, 12.9273], [-11.3839, 12.9283], [-11.3811, 12.9291], [-11.378, 12.9297], [-11.3743, 12.9304], [-11.3714, 12.9307], [-11.368, 12.9307], [-11.3664, 12.931], [-11.3623, 12.932], [-11.3597, 12.9329], [-11.3576, 12.9335], [-11.3527, 12.9343], [-11.3514, 12.9347], [-11.3508, 12.9348], [-11.3501, 12.9368], [-11.3484, 12.9405], [-11.348, 12.9427], [-11.3481, 12.9433], [-11.3488, 12.9444], [-11.3497, 12.9453], [-11.3514, 12.9469], [-11.3532, 12.9491], [-11.3541, 12.9515], [-11.3552, 12.9531], [-11.3565, 12.9549], [-11.3577, 12.9589], [-11.358, 12.9598], [-11.3582, 12.9612], [-11.3579, 12.9631], [-11.3573, 12.967], [-11.3575, 12.9704], [-11.3574, 12.9744], [-11.3579, 12.9778], [-11.3583, 12.9794], [-11.3591, 12.9807], [-11.3596, 12.9818], [-11.3615, 12.9849], [-11.3638, 12.9882], [-11.3662, 12.9905], [-11.3666, 12.991], [-11.3678, 12.9915], [-11.3699, 12.9924], [-11.3727, 12.993], [-11.3753, 12.9937], [-11.3789, 12.9937], [-11.3814, 12.994], [-11.3829, 12.9934], [-11.3838, 12.9933], [-11.3843, 12.9928], [-11.3846, 12.9919], [-11.3835, 12.9874], [-11.3821, 12.984], [-11.3817, 12.9824], [-11.3819, 12.9809], [-11.3814, 12.9764], [-11.3817, 12.975], [-11.382, 12.9739], [-11.3829, 12.9708], [-11.3843, 12.9682], [-11.3848, 12.9677], [-11.3853, 12.9672], [-11.3864, 12.9667], [-11.3886, 12.9661], [-11.392, 12.9657], [-11.3932, 12.9659], [-11.3938, 12.9666], [-11.3939, 12.9671], [-11.394, 12.9677], [-11.3943, 12.9684], [-11.3947, 12.9691], [-11.3952, 12.9698], [-11.396, 12.9704], [-11.3968, 12.9712], [-11.3983, 12.972], [-11.4002, 12.9731], [-11.402, 12.9739], [-11.4043, 12.9747], [-11.405, 12.9745], [-11.4059, 12.9742], [-11.4065, 12.9732], [-11.4075, 12.9712], [-11.4084, 12.9704], [-11.4102, 12.9697], [-11.412, 12.9699], [-11.4122, 12.97], [-11.4124, 12.9705], [-11.4126, 12.9716], [-11.4126, 12.973], [-11.4125, 12.9745], [-11.4121, 12.9755], [-11.4115, 12.9768], [-11.4107, 12.9783], [-11.41, 12.9796], [-11.408, 12.9813], [-11.4076, 12.9823], [-11.4078, 12.9835], [-11.4082, 12.9845], [-11.4095, 12.9856], [-11.4107, 12.9866], [-11.4118, 12.9877], [-11.4131, 12.9891], [-11.4145, 12.991], [-11.4154, 12.9923], [-11.4161, 12.9934], [-11.4169, 12.9948], [-11.4171, 12.996], [-11.417, 12.9977], [-11.4167, 12.9996], [-11.4159, 13.0003], [-11.4152, 13.0008], [-11.4148, 13.0012], [-11.4126, 13.002], [-11.4094, 13.0016], [-11.3982, 13.0046], [-11.3981, 13.0047], [-11.3967, 13.0069], [-11.3974, 13.0103], [-11.3989, 13.0129], [-11.4012, 13.0154], [-11.4058, 13.0174], [-11.4094, 13.0182], [-11.4136, 13.0189], [-11.4157, 13.0202], [-11.4143, 13.0239], [-11.4127, 13.0282], [-11.4117, 13.0318], [-11.4107, 13.0342], [-11.4114, 13.036], [-11.4127, 13.0375], [-11.4153, 13.0384], [-11.4191, 13.0393], [-11.4209, 13.0405], [-11.4224, 13.0426], [-11.4237, 13.0447], [-11.4259, 13.0485], [-11.4274, 13.0503], [-11.4305, 13.0524], [-11.4327, 13.0539], [-11.4348, 13.0554], [-11.4362, 13.0575], [-11.4364, 13.0596], [-11.4361, 13.0622], [-11.435, 13.0642], [-11.4317, 13.0668], [-11.4286, 13.0701], [-11.4263, 13.0728], [-11.4257, 13.0764], [-11.4253, 13.0794], [-11.4263, 13.0833], [-11.4276, 13.0855], [-11.431, 13.0873], [-11.4352, 13.0888], [-11.437, 13.0909], [-11.4403, 13.0943], [-11.4429, 13.0969], [-11.4456, 13.0977], [-11.4494, 13.0978], [-11.4555, 13.0977], [-11.4594, 13.0978], [-11.4636, 13.0971], [-11.4667, 13.0968], [-11.47, 13.0968], [-11.4732, 13.0972], [-11.475, 13.0979], [-11.4778, 13.0998], [-11.4795, 13.1038], [-11.4805, 13.1106], [-11.4828, 13.1135], [-11.4853, 13.1157], [-11.4885, 13.1163], [-11.4933, 13.1187], [-11.4955, 13.1199], [-11.4966, 13.1225], [-11.4969, 13.1289], [-11.4979, 13.1326], [-11.4991, 13.1358], [-11.4992, 13.1381], [-11.5007, 13.1417], [-11.5021, 13.1442], [-11.5056, 13.1456], [-11.5087, 13.1462], [-11.5122, 13.1466], [-11.5149, 13.1472], [-11.5161, 13.15], [-11.5171, 13.1528], [-11.5186, 13.1556], [-11.518, 13.1593], [-11.5149, 13.1623], [-11.5109, 13.165], [-11.5082, 13.1678], [-11.5057, 13.1705], [-11.5027, 13.1764], [-11.501, 13.1804], [-11.4997, 13.1844], [-11.5, 13.1895], [-11.5022, 13.1936], [-11.5061, 13.1962], [-11.5126, 13.1971], [-11.5179, 13.1974], [-11.5249, 13.198], [-11.5295, 13.1971], [-11.5349, 13.1983], [-11.5384, 13.2007], [-11.5417, 13.2059], [-11.5433, 13.2123], [-11.5427, 13.22], [-11.5424, 13.2262], [-11.5423, 13.2304], [-11.541, 13.2341], [-11.5379, 13.2368], [-11.5348, 13.2405], [-11.5305, 13.245], [-11.5272, 13.2491], [-11.5242, 13.2531], [-11.5234, 13.2569], [-11.5242, 13.2585], [-11.5304, 13.262], [-11.5346, 13.2638], [-11.5383, 13.2686], [-11.5417, 13.2737], [-11.5432, 13.2765], [-11.5421, 13.2828], [-11.5434, 13.2876], [-11.5482, 13.2898], [-11.5548, 13.2902], [-11.5616, 13.291], [-11.5684, 13.2933], [-11.5713, 13.2958], [-11.5747, 13.3011], [-11.577, 13.3037], [-11.5784, 13.3063], [-11.5801, 13.3069], [-11.5867, 13.3077], [-11.591, 13.3096], [-11.5907, 13.3115], [-11.591, 13.3128], [-11.5902, 13.315], [-11.5887, 13.3182], [-11.588, 13.3206], [-11.5879, 13.3225], [-11.5886, 13.3245], [-11.5895, 13.3265], [-11.5906, 13.3277], [-11.5923, 13.3297], [-11.593, 13.3307], [-11.5948, 13.3331], [-11.5958, 13.3353], [-11.5965, 13.3384], [-11.5966, 13.3416], [-11.5967, 13.3456], [-11.596, 13.3518], [-11.5957, 13.3564], [-11.5955, 13.3592], [-11.5954, 13.3621], [-11.5955, 13.3645], [-11.5959, 13.3657], [-11.5967, 13.367], [-11.5984, 13.3672], [-11.6009, 13.3668], [-11.6031, 13.3657], [-11.6052, 13.3646], [-11.6067, 13.3637], [-11.6094, 13.3625], [-11.6117, 13.3619], [-11.6149, 13.3615], [-11.6191, 13.361], [-11.6229, 13.3614], [-11.6257, 13.3617], [-11.6301, 13.3623], [-11.6327, 13.3626], [-11.6345, 13.3627], [-11.6364, 13.3631], [-11.6374, 13.3638], [-11.638, 13.3652], [-11.6378, 13.3671], [-11.6363, 13.3695], [-11.635, 13.3715], [-11.6325, 13.3732], [-11.631, 13.3745], [-11.6296, 13.3763], [-11.628, 13.3778], [-11.6273, 13.379], [-11.6264, 13.3809], [-11.6258, 13.3834], [-11.6255, 13.386], [-11.6256, 13.3893], [-11.6258, 13.3909], [-11.6262, 13.3925], [-11.6269, 13.3938], [-11.6292, 13.3946], [-11.6314, 13.3951], [-11.6345, 13.3953], [-11.6377, 13.3954], [-11.6404, 13.3952], [-11.6438, 13.3949], [-11.6483, 13.3944], [-11.6519, 13.3933], [-11.6569, 13.3914], [-11.6602, 13.3898], [-11.6635, 13.3889], [-11.6672, 13.3881], [-11.6708, 13.3881], [-11.6744, 13.3887], [-11.6773, 13.3892], [-11.6801, 13.3898], [-11.6842, 13.3891], [-11.6874, 13.3888], [-11.6897, 13.3887], [-11.6917, 13.389], [-11.6932, 13.3896], [-11.6943, 13.3905], [-11.6949, 13.3919], [-11.695, 13.3947], [-11.6949, 13.397], [-11.6948, 13.4008], [-11.6951, 13.4033], [-11.6975, 13.407], [-11.6995, 13.4101], [-11.7011, 13.4114], [-11.7023, 13.4126], [-11.7041, 13.4134], [-11.7078, 13.4141], [-11.7132, 13.4146], [-11.7168, 13.4151], [-11.7212, 13.4155], [-11.7246, 13.4154], [-11.7276, 13.4159], [-11.7292, 13.416], [-11.7316, 13.4151], [-11.7341, 13.4146], [-11.7371, 13.4138], [-11.7399, 13.4125], [-11.7427, 13.4108], [-11.7443, 13.4096], [-11.7454, 13.4079], [-11.7456, 13.4063], [-11.7455, 13.4044], [-11.7451, 13.4018], [-11.7443, 13.3985], [-11.7439, 13.3961], [-11.743, 13.3937], [-11.7418, 13.3909], [-11.7422, 13.388], [-11.7428, 13.3864], [-11.7438, 13.3854], [-11.7461, 13.3843], [-11.7486, 13.3826], [-11.7491, 13.3809], [-11.7495, 13.379], [-11.7501, 13.3768], [-11.7514, 13.3745], [-11.7528, 13.3726], [-11.7544, 13.3708], [-11.7562, 13.3695], [-11.7579, 13.3681], [-11.7595, 13.3664], [-11.7605, 13.3641], [-11.7612, 13.362], [-11.7621, 13.359], [-11.763, 13.3555], [-11.7634, 13.3516], [-11.7638, 13.3481], [-11.7646, 13.3456], [-11.7655, 13.343], [-11.7662, 13.341], [-11.7669, 13.3396], [-11.7685, 13.3382], [-11.7699, 13.3376], [-11.7723, 13.3374], [-11.7745, 13.3375], [-11.7761, 13.338], [-11.7779, 13.3381], [-11.7806, 13.3381], [-11.784, 13.3378], [-11.7858, 13.3373], [-11.7881, 13.3359], [-11.7894, 13.3348], [-11.7908, 13.3334], [-11.7921, 13.3317], [-11.7929, 13.3298], [-11.7938, 13.327], [-11.7944, 13.3238], [-11.7945, 13.3213], [-11.7943, 13.3179], [-11.7948, 13.3157], [-11.7953, 13.3143], [-11.796, 13.3128], [-11.7966, 13.3117], [-11.7973, 13.3109], [-11.7994, 13.3102], [-11.8031, 13.31], [-11.8062, 13.3103], [-11.8095, 13.3102], [-11.8134, 13.3095], [-11.8164, 13.3095], [-11.8208, 13.3091], [-11.8231, 13.3087], [-11.8261, 13.3084], [-11.8286, 13.3088], [-11.8307, 13.3096], [-11.8326, 13.3109], [-11.8333, 13.3125], [-11.8335, 13.3138], [-11.8336, 13.3142], [-11.8326, 13.3165], [-11.8306, 13.3196], [-11.8287, 13.3229], [-11.828, 13.3243], [-11.8279, 13.3243], [-11.828, 13.3269], [-11.8292, 13.3295], [-11.8298, 13.3315], [-11.8311, 13.3321], [-11.8337, 13.3328], [-11.8366, 13.3332], [-11.8385, 13.3344], [-11.8399, 13.3365], [-11.8414, 13.34], [-11.8425, 13.3435], [-11.8442, 13.347], [-11.8455, 13.3496], [-11.8476, 13.3524], [-11.8512, 13.3552], [-11.856, 13.3576], [-11.8587, 13.3596], [-11.8621, 13.362], [-11.8646, 13.3649], [-11.8662, 13.3677], [-11.8677, 13.3705], [-11.8693, 13.3737], [-11.8699, 13.3761], [-11.8714, 13.3791], [-11.873, 13.3803], [-11.8764, 13.381], [-11.8803, 13.3817], [-11.8836, 13.3818], [-11.8867, 13.3833], [-11.8875, 13.3843], [-11.8878, 13.3848], [-11.8912, 13.3826], [-11.8933, 13.3823], [-11.8953, 13.3821], [-11.897, 13.3813], [-11.8996, 13.3797], [-11.9018, 13.3775], [-11.9025, 13.3765], [-11.9049, 13.3753], [-11.9073, 13.3749], [-11.9092, 13.3742], [-11.9111, 13.3736], [-11.9127, 13.3731], [-11.9137, 13.3726], [-11.9157, 13.3722], [-11.917, 13.3721], [-11.918, 13.3721], [-11.9195, 13.3721], [-11.9209, 13.3719], [-11.9221, 13.3721], [-11.9228, 13.3721], [-11.9239, 13.372], [-11.925, 13.3721], [-11.9265, 13.3716], [-11.9275, 13.3704], [-11.9289, 13.3689], [-11.9299, 13.3674], [-11.9304, 13.367], [-11.9312, 13.3666], [-11.933, 13.3662], [-11.9344, 13.3658], [-11.9358, 13.3656], [-11.9373, 13.3649], [-11.9386, 13.3639], [-11.94, 13.364], [-11.9422, 13.3644], [-11.9439, 13.3654], [-11.9452, 13.3656], [-11.9463, 13.3662], [-11.9469, 13.3663], [-11.9481, 13.3668], [-11.951, 13.3666], [-11.9531, 13.3659], [-11.9553, 13.3655], [-11.9572, 13.3636], [-11.9593, 13.3611], [-11.9605, 13.3593], [-11.9616, 13.3579], [-11.9621, 13.3566], [-11.9623, 13.3548], [-11.9623, 13.3536], [-11.9635, 13.3512], [-11.9658, 13.3499], [-11.9681, 13.3476], [-11.9689, 13.3455], [-11.9708, 13.3438], [-11.9729, 13.3415], [-11.9752, 13.3406], [-11.9769, 13.3398], [-11.9779, 13.3394], [-11.9799, 13.3375], [-11.9816, 13.3352], [-11.9836, 13.3328], [-11.9847, 13.3316], [-11.9861, 13.3302], [-11.9872, 13.3296], [-11.9891, 13.3297], [-11.9906, 13.3298], [-11.9922, 13.3283], [-11.9936, 13.3266], [-11.9946, 13.3254], [-11.9988, 13.3256], [-12.0037, 13.3265], [-12.0061, 13.3259], [-12.0069, 13.3245], [-12.0075, 13.3216], [-12.0077, 13.3211], [-12.009, 13.3196], [-12.0095, 13.3183], [-12.0098, 13.318], [-12.0099, 13.3177], [-12.0123, 13.3153], [-12.0133, 13.3131], [-12.0136, 13.3128], [-12.014, 13.3125], [-12.0185, 13.3111], [-12.0234, 13.312], [-12.0238, 13.3126], [-12.0274, 13.313], [-12.0281, 13.3129], [-12.029, 13.313], [-12.0303, 13.3131], [-12.031, 13.3136], [-12.0316, 13.3158], [-12.0314, 13.3169], [-12.0313, 13.3175], [-12.0315, 13.3224], [-12.0357, 13.3274], [-12.0341, 13.3292], [-12.0304, 13.3336], [-12.0279, 13.3421], [-12.0287, 13.3433], [-12.0299, 13.345], [-12.0307, 13.3466], [-12.0313, 13.3481], [-12.0316, 13.3559], [-12.0305, 13.3565], [-12.03, 13.3577], [-12.0298, 13.3585], [-12.0299, 13.3607], [-12.0294, 13.3626], [-12.0297, 13.3638], [-12.0302, 13.3646], [-12.0299, 13.3655], [-12.0299, 13.3659], [-12.0287, 13.3669], [-12.0276, 13.3701], [-12.0286, 13.3719], [-12.0307, 13.3721], [-12.0324, 13.3702], [-12.0328, 13.3697], [-12.035, 13.3689], [-12.0381, 13.3662], [-12.0404, 13.3646], [-12.0425, 13.3632], [-12.0437, 13.3631], [-12.0458, 13.3617], [-12.0474, 13.3613], [-12.0494, 13.3613], [-12.0522, 13.3584], [-12.0562, 13.3584], [-12.0565, 13.3588], [-12.0595, 13.3611], [-12.0628, 13.3634], [-12.0669, 13.3637], [-12.0706, 13.3679], [-12.0731, 13.3694], [-12.0777, 13.3708], [-12.0789, 13.3712], [-12.0798, 13.3714], [-12.0811, 13.3715], [-12.085, 13.3726], [-12.0882, 13.3719], [-12.0915, 13.3719], [-12.0971, 13.3748], [-12.0988, 13.3764], [-12.1028, 13.3766], [-12.1053, 13.3766], [-12.1078, 13.3764], [-12.1104, 13.3806], [-12.1139, 13.3842], [-12.1167, 13.386], [-12.1197, 13.3872], [-12.1227, 13.3893], [-12.1239, 13.3909], [-12.1242, 13.3917], [-12.1257, 13.3921], [-12.1284, 13.3925], [-12.1335, 13.3931], [-12.1356, 13.3951], [-12.1387, 13.3979], [-12.1409, 13.4007], [-12.1421, 13.4022], [-12.1435, 13.406], [-12.1441, 13.4075], [-12.1446, 13.4121], [-12.1454, 13.4133], [-12.1457, 13.4137], [-12.149, 13.4164], [-12.1518, 13.4172], [-12.1541, 13.418], [-12.1564, 13.4184], [-12.1577, 13.4187], [-12.1586, 13.419], [-12.16, 13.4189], [-12.1625, 13.4195], [-12.1631, 13.4203], [-12.1633, 13.4206], [-12.165, 13.4207], [-12.1652, 13.4212], [-12.1755, 13.4269], [-12.1859, 13.4326], [-12.1962, 13.4383], [-12.1966, 13.4383], [-12.198, 13.4396], [-12.1985, 13.4415], [-12.2008, 13.4433], [-12.2023, 13.4437], [-12.2124, 13.4479], [-12.2134, 13.4487], [-12.2217, 13.4535], [-12.2235, 13.4546], [-12.2249, 13.454], [-12.2256, 13.4534], [-12.2259, 13.4531], [-12.2271, 13.4524], [-12.2279, 13.4529], [-12.2289, 13.4534], [-12.2319, 13.4558], [-12.2325, 13.4561], [-12.2334, 13.4568], [-12.2338, 13.4568], [-12.2369, 13.4594], [-12.2412, 13.4606], [-12.2431, 13.461], [-12.2447, 13.4593], [-12.2453, 13.4581], [-12.2454, 13.4579], [-12.2457, 13.4574], [-12.2457, 13.4574], [-12.2465, 13.4573], [-12.2472, 13.4573], [-12.2478, 13.4573], [-12.2479, 13.4573], [-12.2489, 13.4572], [-12.2497, 13.4567], [-12.2502, 13.4555], [-12.2501, 13.4545], [-12.2499, 13.4538], [-12.2496, 13.4532], [-12.2493, 13.4524], [-12.2489, 13.4516], [-12.2486, 13.4507], [-12.2483, 13.45], [-12.2481, 13.4492], [-12.2483, 13.4484], [-12.2486, 13.447], [-12.2485, 13.446], [-12.2485, 13.4453], [-12.2485, 13.4447], [-12.2486, 13.4436], [-12.2485, 13.4426], [-12.2483, 13.4417], [-12.2483, 13.4405], [-12.2491, 13.4399], [-12.2494, 13.4394], [-12.2495, 13.4386], [-12.2498, 13.4377], [-12.2499, 13.4368], [-12.2496, 13.436], [-12.2498, 13.4353], [-12.25, 13.4346], [-12.2503, 13.4339], [-12.2499, 13.433], [-12.25, 13.4321], [-12.2501, 13.4314], [-12.2504, 13.4305], [-12.2505, 13.4303], [-12.2507, 13.4293], [-12.2505, 13.4281], [-12.2508, 13.4268], [-12.2511, 13.4256], [-12.2514, 13.4247], [-12.2521, 13.4238], [-12.2537, 13.4238], [-12.2545, 13.4238], [-12.2553, 13.4238], [-12.2562, 13.4234], [-12.2569, 13.4231], [-12.2572, 13.4227], [-12.2581, 13.4217], [-12.2582, 13.4209], [-12.2587, 13.4198], [-12.2592, 13.4195], [-12.2596, 13.4185], [-12.2601, 13.4178], [-12.2607, 13.4171], [-12.2615, 13.4165], [-12.2621, 13.4161], [-12.2626, 13.415], [-12.2628, 13.4141], [-12.2629, 13.4134], [-12.263, 13.4126], [-12.263, 13.4118], [-12.2624, 13.411], [-12.2619, 13.4104], [-12.2615, 13.4101], [-12.261, 13.4098], [-12.2609, 13.4095], [-12.2608, 13.4089], [-12.2607, 13.408], [-12.2605, 13.4074], [-12.2605, 13.4067], [-12.26, 13.4062], [-12.26, 13.4051], [-12.2599, 13.4042], [-12.26, 13.4031], [-12.2606, 13.4017], [-12.2609, 13.4008], [-12.2613, 13.3995], [-12.2619, 13.3977], [-12.2619, 13.397], [-12.2618, 13.3962], [-12.2613, 13.3954], [-12.261, 13.3945], [-12.2531, 13.3824], [-12.2451, 13.3703], [-12.2371, 13.3582], [-12.2364, 13.3575], [-12.2359, 13.3568], [-12.2347, 13.3558], [-12.2338, 13.3548], [-12.2334, 13.3542], [-12.233, 13.3534], [-12.2327, 13.3526], [-12.2321, 13.3519], [-12.2317, 13.3505], [-12.2312, 13.3496], [-12.2304, 13.3488], [-12.2297, 13.3483], [-12.2285, 13.3474], [-12.2279, 13.3465], [-12.2279, 13.3452], [-12.2277, 13.3447], [-12.227, 13.3441], [-12.2263, 13.3441], [-12.2254, 13.3439], [-12.2246, 13.3435], [-12.2239, 13.3429], [-12.2234, 13.3419], [-12.2232, 13.3413], [-12.2225, 13.3401], [-12.2219, 13.3392], [-12.2222, 13.3382], [-12.2222, 13.3377], [-12.2228, 13.3369], [-12.2232, 13.3363], [-12.2234, 13.3356], [-12.2245, 13.3352], [-12.2249, 13.3345], [-12.2253, 13.3338], [-12.226, 13.3328], [-12.2266, 13.3324], [-12.2273, 13.3312], [-12.2277, 13.3306], [-12.2285, 13.3295], [-12.2289, 13.3288], [-12.2291, 13.3279], [-12.2297, 13.3273], [-12.2301, 13.3264], [-12.2309, 13.3252], [-12.2315, 13.3234], [-12.2319, 13.3223], [-12.2327, 13.3218], [-12.2338, 13.3211], [-12.2347, 13.3205], [-12.236, 13.3199], [-12.2366, 13.3193], [-12.2372, 13.319], [-12.2382, 13.3187], [-12.239, 13.3185], [-12.2401, 13.3178], [-12.2413, 13.3171], [-12.2419, 13.3167], [-12.2432, 13.3163], [-12.244, 13.3163], [-12.2454, 13.3159], [-12.2466, 13.3155], [-12.2478, 13.3155], [-12.2491, 13.3157], [-12.2507, 13.3157], [-12.2516, 13.3159], [-12.2529, 13.3147], [-12.2537, 13.3139], [-12.2541, 13.3134], [-12.2546, 13.3128], [-12.2552, 13.3122], [-12.256, 13.3117], [-12.2565, 13.3113], [-12.257, 13.3118], [-12.2582, 13.312], [-12.2588, 13.3119], [-12.2597, 13.3121], [-12.2605, 13.3124], [-12.2612, 13.3127], [-12.2617, 13.3128], [-12.2624, 13.313], [-12.2632, 13.313], [-12.2644, 13.3134], [-12.2654, 13.3135], [-12.2669, 13.3138], [-12.268, 13.3142], [-12.269, 13.3144], [-12.27, 13.3148], [-12.2709, 13.315], [-12.2715, 13.3153], [-12.2722, 13.3156], [-12.2727, 13.3158], [-12.2732, 13.3157], [-12.274, 13.3157], [-12.2745, 13.3157], [-12.2756, 13.3155], [-12.2766, 13.3154], [-12.2778, 13.3149], [-12.2791, 13.3149], [-12.2807, 13.315], [-12.2821, 13.3149], [-12.2833, 13.3146], [-12.2841, 13.3147], [-12.2847, 13.3146], [-12.2857, 13.3144], [-12.2866, 13.3144], [-12.2883, 13.3141], [-12.2891, 13.3142], [-12.2906, 13.3145], [-12.2928, 13.3153], [-12.2943, 13.316], [-12.295, 13.3161], [-12.3011, 13.3176], [-12.3074, 13.3184], [-12.3076, 13.3185], [-12.309, 13.3174], [-12.3095, 13.3166], [-12.31, 13.3163], [-12.3112, 13.3125], [-12.3111, 13.3083], [-12.3112, 13.3057], [-12.3112, 13.3036], [-12.3117, 13.3009], [-12.3118, 13.2931], [-12.313, 13.2914], [-12.3159, 13.2868], [-12.3168, 13.2852], [-12.324, 13.2781], [-12.3245, 13.2781], [-12.3248, 13.2766], [-12.3244, 13.2687], [-12.3244, 13.2643], [-12.3259, 13.2615], [-12.3313, 13.2599], [-12.3328, 13.2595], [-12.339, 13.259], [-12.3399, 13.2598], [-12.3447, 13.2661], [-12.3458, 13.2681], [-12.3464, 13.269], [-12.3471, 13.2706], [-12.348, 13.2722], [-12.3489, 13.2738], [-12.3504, 13.2759], [-12.3584, 13.279], [-12.3624, 13.2832], [-12.3733, 13.2903], [-12.3759, 13.2914], [-12.3774, 13.2927], [-12.3794, 13.292], [-12.3834, 13.2922], [-12.3858, 13.2908], [-12.402, 13.2837], [-12.4038, 13.2823], [-12.4054, 13.2825], [-12.4062, 13.2817], [-12.4139, 13.2848], [-12.417, 13.2856], [-12.4182, 13.2838], [-12.4213, 13.2783], [-12.422, 13.2752], [-12.4221, 13.2727], [-12.429, 13.2711], [-12.4302, 13.269], [-12.4312, 13.2692], [-12.4335, 13.27], [-12.4385, 13.2678], [-12.4412, 13.2646], [-12.4413, 13.2638], [-12.4429, 13.2635], [-12.4442, 13.2635], [-12.4453, 13.2631], [-12.4473, 13.26], [-12.449, 13.2591], [-12.4506, 13.2598], [-12.4515, 13.2579], [-12.4531, 13.2566], [-12.4564, 13.2551], [-12.4576, 13.2505], [-12.4606, 13.2502], [-12.4615, 13.2469], [-12.4619, 13.2425], [-12.4604, 13.2396], [-12.461, 13.2393], [-12.4655, 13.2393], [-12.4661, 13.2384], [-12.4664, 13.2377], [-12.4667, 13.2374], [-12.4667, 13.2368], [-12.4667, 13.2366], [-12.4671, 13.2353], [-12.4683, 13.2343], [-12.4696, 13.2337], [-12.4703, 13.2333], [-12.4718, 13.2332], [-12.4728, 13.2332], [-12.4742, 13.2328], [-12.4742, 13.2317], [-12.4742, 13.2301], [-12.4744, 13.2285], [-12.475, 13.2279], [-12.4752, 13.2258], [-12.4758, 13.2247], [-12.4762, 13.2226], [-12.4771, 13.2207], [-12.4775, 13.2189], [-12.4783, 13.2176], [-12.4785, 13.216], [-12.4791, 13.2152], [-12.4794, 13.2139], [-12.4801, 13.2124], [-12.4804, 13.2116], [-12.4809, 13.2104], [-12.4805, 13.2092], [-12.4809, 13.2074], [-12.4823, 13.2073], [-12.4828, 13.207], [-12.4841, 13.206], [-12.4838, 13.2048], [-12.4841, 13.2042], [-12.4847, 13.2036], [-12.4858, 13.2032], [-12.4863, 13.2033], [-12.4877, 13.2029], [-12.4885, 13.2024], [-12.4884, 13.2016], [-12.4882, 13.2008], [-12.4874, 13.1995], [-12.4878, 13.1982], [-12.4885, 13.1967], [-12.4898, 13.1961], [-12.4907, 13.1951], [-12.492, 13.1943], [-12.492, 13.1944], [-12.4928, 13.1951], [-12.4937, 13.1954], [-12.4941, 13.1955], [-12.4941, 13.1956], [-12.4952, 13.1962], [-12.4968, 13.1962], [-12.4988, 13.1966], [-12.5003, 13.1972], [-12.5013, 13.1983], [-12.5026, 13.1984], [-12.5052, 13.1972], [-12.5074, 13.1945], [-12.5087, 13.1951], [-12.5108, 13.1958], [-12.5117, 13.1949], [-12.5132, 13.1939], [-12.5144, 13.193], [-12.517, 13.1922], [-12.5174, 13.19], [-12.518, 13.1872], [-12.5181, 13.1847], [-12.5197, 13.1845], [-12.5204, 13.1846], [-12.5207, 13.1848], [-12.5225, 13.1851], [-12.523, 13.1854], [-12.5253, 13.189], [-12.5291, 13.1873], [-12.5305, 13.1863], [-12.5316, 13.1849], [-12.5332, 13.1843], [-12.5341, 13.1845], [-12.5354, 13.1854], [-12.5357, 13.1858], [-12.5366, 13.1868], [-12.5373, 13.1879], [-12.5373, 13.188], [-12.5384, 13.1885], [-12.5401, 13.1884], [-12.542, 13.1877], [-12.5439, 13.187], [-12.5448, 13.1854], [-12.5465, 13.1843], [-12.5469, 13.1836], [-12.5484, 13.1833], [-12.549, 13.1831], [-12.5514, 13.1844], [-12.5545, 13.1847], [-12.5551, 13.1851], [-12.5563, 13.1853], [-12.5584, 13.1892], [-12.5629, 13.1915], [-12.5654, 13.1936], [-12.5663, 13.1958], [-12.567, 13.1972], [-12.567, 13.1975], [-12.5685, 13.2013], [-12.5698, 13.2018], [-12.5695, 13.2029], [-12.5728, 13.2029], [-12.5754, 13.203], [-12.578, 13.2028], [-12.579, 13.202], [-12.5806, 13.2008], [-12.5814, 13.1993], [-12.5822, 13.1983], [-12.5828, 13.1987], [-12.5837, 13.1996], [-12.5838, 13.2011], [-12.5848, 13.2054], [-12.5853, 13.207], [-12.5866, 13.2074], [-12.5882, 13.2094], [-12.5911, 13.2085], [-12.5909, 13.209], [-12.5939, 13.2096], [-12.5946, 13.2089], [-12.5957, 13.2079], [-12.5963, 13.206], [-12.5966, 13.2008], [-12.5959, 13.198], [-12.5958, 13.197], [-12.5966, 13.1962], [-12.5998, 13.1943], [-12.6017, 13.1947], [-12.6045, 13.1956], [-12.6066, 13.1945], [-12.6072, 13.1935], [-12.6056, 13.1927], [-12.6048, 13.1912], [-12.6055, 13.1908], [-12.6061, 13.1906], [-12.612, 13.1922], [-12.6182, 13.1927], [-12.6203, 13.1945], [-12.6251, 13.1937], [-12.6297, 13.1953], [-12.6297, 13.1961], [-12.6317, 13.1967], [-12.6345, 13.193], [-12.6358, 13.1918], [-12.6367, 13.1892], [-12.6362, 13.1884], [-12.6361, 13.188], [-12.6378, 13.1835], [-12.6384, 13.1825], [-12.6389, 13.1824], [-12.6452, 13.1809], [-12.6499, 13.177], [-12.6539, 13.1814], [-12.6557, 13.1821], [-12.6578, 13.1807], [-12.6587, 13.1776], [-12.6598, 13.1759], [-12.6633, 13.1753], [-12.665, 13.1737], [-12.6676, 13.1733], [-12.6707, 13.1743], [-12.6731, 13.1749], [-12.6758, 13.1759], [-12.6757, 13.1734], [-12.6753, 13.1707], [-12.6743, 13.1686], [-12.6745, 13.1669], [-12.6754, 13.1647], [-12.6742, 13.1618], [-12.6735, 13.1597], [-12.6739, 13.1574], [-12.6739, 13.1569], [-12.6739, 13.1568], [-12.6735, 13.1564], [-12.6729, 13.1557], [-12.6725, 13.1554], [-12.6754, 13.1492], [-12.6742, 13.1506], [-12.675, 13.1493], [-12.6758, 13.1487], [-12.6767, 13.1464], [-12.6767, 13.1463], [-12.6745, 13.1453], [-12.6711, 13.1436], [-12.6689, 13.1426], [-12.6704, 13.1393], [-12.6729, 13.1385], [-12.6749, 13.1374], [-12.674, 13.1335], [-12.6739, 13.1318], [-12.6739, 13.1274], [-12.674, 13.1271], [-12.6758, 13.125], [-12.6796, 13.1263], [-12.6872, 13.119], [-12.687, 13.1137], [-12.6868, 13.1108], [-12.6867, 13.1101], [-12.6865, 13.1096], [-12.6855, 13.1062], [-12.689, 13.107], [-12.6933, 13.1058], [-12.6974, 13.1048], [-12.6987, 13.1009], [-12.7, 13.0989], [-12.6998, 13.0932], [-12.6998, 13.0929], [-12.7, 13.0928], [-12.7035, 13.0936], [-12.7056, 13.0935], [-12.7071, 13.0938], [-12.7094, 13.0934], [-12.7126, 13.0939], [-12.7193, 13.0925], [-12.7209, 13.0843], [-12.7172, 13.0827], [-12.717, 13.0808], [-12.7189, 13.0751], [-12.7199, 13.0751], [-12.7211, 13.0745], [-12.7223, 13.0737], [-12.7238, 13.0728], [-12.7251, 13.0722], [-12.7297, 13.0712], [-12.7345, 13.0761], [-12.7378, 13.0778], [-12.7406, 13.0777], [-12.7429, 13.0785], [-12.7476, 13.0801], [-12.7499, 13.0795], [-12.7508, 13.0765], [-12.7513, 13.0712], [-12.7518, 13.0712], [-12.7522, 13.0715], [-12.7534, 13.0724], [-12.7554, 13.0754], [-12.7574, 13.0758], [-12.7583, 13.0764], [-12.7606, 13.0762], [-12.7621, 13.0749], [-12.7624, 13.0717], [-12.7641, 13.065], [-12.7611, 13.0576], [-12.7586, 13.0554], [-12.7588, 13.0536], [-12.7614, 13.0565], [-12.7644, 13.0569], [-12.7671, 13.0572], [-12.7672, 13.0572], [-12.7677, 13.0573], [-12.7727, 13.0558], [-12.774, 13.0558], [-12.7762, 13.0541], [-12.7756, 13.0505], [-12.7754, 13.0484], [-12.7759, 13.0478], [-12.7768, 13.0436], [-12.7757, 13.0416], [-12.7754, 13.04], [-12.7748, 13.0369], [-12.775, 13.0362], [-12.7761, 13.0372], [-12.7798, 13.0388], [-12.7873, 13.0371], [-12.7895, 13.037], [-12.7912, 13.037], [-12.7935, 13.038], [-12.7991, 13.0398], [-12.7997, 13.0372], [-12.7966, 13.0333], [-12.7981, 13.0326], [-12.8007, 13.0324], [-12.8039, 13.0326], [-12.8095, 13.0328], [-12.8111, 13.0313], [-12.8133, 13.0304], [-12.8127, 13.0254], [-12.8116, 13.0234], [-12.8082, 13.02], [-12.8076, 13.0191], [-12.8062, 13.0168], [-12.8065, 13.0165], [-12.807, 13.0162], [-12.8104, 13.0198], [-12.8131, 13.0222], [-12.8154, 13.0208], [-12.8158, 13.0187], [-12.8193, 13.0185], [-12.8193, 13.0162], [-12.8201, 13.0107], [-12.8139, 13.0043], [-12.8114, 13.0032], [-12.8094, 13.0005], [-12.8114, 12.9984], [-12.8135, 12.9965], [-12.8216, 12.9971], [-12.825, 12.9964], [-12.8256, 12.9998], [-12.8271, 13.0006], [-12.8271, 13.0013], [-12.8276, 13.0024], [-12.8291, 13.004], [-12.8299, 13.005], [-12.8296, 13.0054], [-12.8299, 13.0088], [-12.8316, 13.0125], [-12.8353, 13.0169], [-12.839, 13.0186], [-12.8415, 13.0151], [-12.8432, 13.0132], [-12.8446, 13.012], [-12.8461, 13.0111], [-12.8495, 13.009], [-12.8509, 13.0093], [-12.8531, 13.0107], [-12.8548, 13.0144], [-12.8572, 13.0147], [-12.8588, 13.0151], [-12.8602, 13.0154], [-12.8617, 13.0153], [-12.8625, 13.0159], [-12.8638, 13.0153], [-12.8662, 13.0156], [-12.8662, 13.0157], [-12.8658, 13.0163], [-12.8652, 13.0168], [-12.8623, 13.0229], [-12.8656, 13.0247], [-12.8677, 13.0288], [-12.8703, 13.0272], [-12.8708, 13.0268], [-12.8724, 13.0251], [-12.8736, 13.024], [-12.8784, 13.0261], [-12.8794, 13.0289], [-12.8791, 13.0331], [-12.8808, 13.0378], [-12.8812, 13.038], [-12.8825, 13.0393], [-12.8861, 13.0418], [-12.8899, 13.044], [-12.8935, 13.0464], [-12.8999, 13.0498], [-12.9005, 13.0501], [-12.901, 13.0504], [-12.9021, 13.0501], [-12.9037, 13.0491], [-12.9055, 13.0448], [-12.9085, 13.0435], [-12.9101, 13.043], [-12.9125, 13.044], [-12.9146, 13.0452], [-12.9144, 13.0461], [-12.9151, 13.0486], [-12.9154, 13.0498], [-12.9159, 13.0518], [-12.9162, 13.0526], [-12.916, 13.055], [-12.915, 13.0561], [-12.9141, 13.0592], [-12.9177, 13.058], [-12.9189, 13.0579], [-12.9203, 13.0598], [-12.9236, 13.0635], [-12.9262, 13.0648], [-12.9298, 13.065], [-12.9338, 13.0632], [-12.9357, 13.0659], [-12.9355, 13.068], [-12.9332, 13.0759], [-12.931, 13.0782], [-12.9295, 13.0795], [-12.9302, 13.0817], [-12.9327, 13.0804], [-12.9353, 13.0775], [-12.9402, 13.0751], [-12.9435, 13.0747], [-12.9452, 13.0737], [-12.9464, 13.0747], [-12.9473, 13.0762], [-12.9479, 13.0773], [-12.9492, 13.0782], [-12.9506, 13.0806], [-12.9531, 13.0803], [-12.9553, 13.0789], [-12.9592, 13.0758], [-12.9613, 13.0719], [-12.9632, 13.0709], [-12.9641, 13.0698], [-12.9666, 13.0693], [-12.9683, 13.071], [-12.9693, 13.0724], [-12.9717, 13.0748], [-12.9728, 13.0763], [-12.9741, 13.0775], [-12.9755, 13.0789], [-12.9779, 13.077], [-12.9784, 13.076], [-12.9797, 13.0747], [-12.982, 13.0747], [-12.9843, 13.0749], [-12.988, 13.078], [-12.9889, 13.0796], [-12.9903, 13.0822], [-12.9922, 13.0816], [-12.9929, 13.0774], [-12.9955, 13.0753], [-12.9984, 13.0751], [-13.0004, 13.0726], [-13.0016, 13.0721], [-13.0026, 13.0711], [-13.0041, 13.0699], [-13.0052, 13.0696], [-13.0068, 13.0696], [-13.0087, 13.0698], [-13.0104, 13.0699], [-13.0116, 13.0697], [-13.0128, 13.0697], [-13.0136, 13.0691], [-13.0149, 13.068], [-13.0154, 13.0675], [-13.0161, 13.0672], [-13.0171, 13.0675], [-13.0179, 13.0681], [-13.0192, 13.0679], [-13.0201, 13.0679], [-13.0206, 13.0674], [-13.0215, 13.0667], [-13.0217, 13.0662], [-13.0214, 13.0657], [-13.0212, 13.0653], [-13.0209, 13.0649], [-13.0207, 13.0641], [-13.0203, 13.0637], [-13.0197, 13.063], [-13.0199, 13.0621], [-13.0204, 13.0608], [-13.0211, 13.06], [-13.0217, 13.0589], [-13.0224, 13.0576], [-13.0234, 13.0568], [-13.0238, 13.0566], [-13.0244, 13.0563], [-13.0264, 13.0564], [-13.0283, 13.0568], [-13.0296, 13.057], [-13.0311, 13.0574], [-13.032, 13.0576], [-13.034, 13.0577], [-13.0349, 13.0582], [-13.0364, 13.0582], [-13.0374, 13.0581], [-13.0385, 13.0581], [-13.0402, 13.0577], [-13.0409, 13.0576], [-13.0419, 13.0577], [-13.0427, 13.0575], [-13.0439, 13.0577], [-13.0442, 13.058], [-13.0453, 13.0589], [-13.0463, 13.0599], [-13.0472, 13.0612], [-13.0482, 13.0622], [-13.0486, 13.063], [-13.0493, 13.0637], [-13.0501, 13.0644], [-13.0511, 13.0645], [-13.0517, 13.0645], [-13.0523, 13.0639], [-13.0526, 13.0628], [-13.0531, 13.0614], [-13.0532, 13.0606], [-13.0532, 13.0598], [-13.0536, 13.0588], [-13.0541, 13.0582], [-13.055, 13.0568], [-13.0561, 13.0558], [-13.0569, 13.0554], [-13.0577, 13.0548], [-13.0584, 13.0544], [-13.0591, 13.0539], [-13.0597, 13.0532], [-13.0605, 13.0531], [-13.0613, 13.0531], [-13.0628, 13.0529], [-13.0648, 13.0528], [-13.0655, 13.0523], [-13.0662, 13.0516], [-13.0672, 13.0501], [-13.0678, 13.0488], [-13.0685, 13.048], [-13.0697, 13.0467], [-13.0704, 13.0457], [-13.0709, 13.0441], [-13.0709, 13.0429], [-13.0708, 13.0421], [-13.0708, 13.0412], [-13.0711, 13.0407], [-13.0724, 13.0396], [-13.0734, 13.0387], [-13.0744, 13.0376], [-13.0751, 13.0367], [-13.0762, 13.0354], [-13.0768, 13.0344], [-13.0776, 13.0331], [-13.0781, 13.0319], [-13.0787, 13.0313], [-13.0802, 13.0308], [-13.0819, 13.03], [-13.0833, 13.0296], [-13.0849, 13.0288], [-13.0859, 13.0286], [-13.0876, 13.0287], [-13.0883, 13.0291], [-13.0894, 13.0298], [-13.0902, 13.0306], [-13.0911, 13.0316], [-13.0919, 13.0326], [-13.093, 13.0334], [-13.0944, 13.034], [-13.096, 13.0348], [-13.0976, 13.0358], [-13.0984, 13.0366], [-13.0997, 13.0386], [-13.1006, 13.0397], [-13.1019, 13.0407], [-13.1036, 13.0416], [-13.1055, 13.0421], [-13.1083, 13.0424], [-13.1104, 13.0429], [-13.1123, 13.0435], [-13.114, 13.0446], [-13.1154, 13.0448], [-13.1169, 13.0453], [-13.1183, 13.0462], [-13.1202, 13.0475], [-13.1231, 13.05], [-13.1244, 13.051], [-13.1263, 13.0523], [-13.1282, 13.0528], [-13.1306, 13.0533], [-13.1323, 13.0537], [-13.1338, 13.0542], [-13.1355, 13.0544], [-13.1368, 13.0542], [-13.1379, 13.0534], [-13.1395, 13.0525], [-13.1407, 13.0513], [-13.1415, 13.0504], [-13.1421, 13.0496], [-13.1427, 13.0492], [-13.1435, 13.0494], [-13.144, 13.0495], [-13.145, 13.0501], [-13.147, 13.0523], [-13.1482, 13.0535], [-13.1492, 13.0543], [-13.1508, 13.0546], [-13.1525, 13.0548], [-13.1537, 13.0546], [-13.1544, 13.0538], [-13.1546, 13.0526], [-13.1546, 13.0519], [-13.1544, 13.051], [-13.1547, 13.0504], [-13.1558, 13.0496], [-13.1574, 13.0492], [-13.159, 13.0491], [-13.1609, 13.0497], [-13.1635, 13.0502], [-13.1655, 13.0503], [-13.1672, 13.0505], [-13.1682, 13.0513], [-13.168, 13.0523], [-13.1666, 13.0534], [-13.1655, 13.0545], [-13.1646, 13.0556], [-13.1638, 13.0566], [-13.1641, 13.0578], [-13.1651, 13.0593], [-13.1662, 13.0603], [-13.168, 13.0623], [-13.1694, 13.0636], [-13.1704, 13.0647], [-13.1713, 13.0649], [-13.1727, 13.0644], [-13.1741, 13.063], [-13.1752, 13.0623], [-13.176, 13.0621], [-13.177, 13.0621], [-13.1774, 13.0626], [-13.1782, 13.0625], [-13.1781, 13.0622], [-13.1781, 13.0615], [-13.1782, 13.0609], [-13.1787, 13.0601], [-13.1791, 13.0592], [-13.1798, 13.0586], [-13.1798, 13.0584], [-13.1798, 13.0579], [-13.1792, 13.0572], [-13.1789, 13.0565], [-13.179, 13.0558], [-13.1791, 13.055], [-13.1801, 13.0543], [-13.181, 13.0538], [-13.1821, 13.0534], [-13.1841, 13.0531], [-13.1856, 13.0529], [-13.1866, 13.0532], [-13.1877, 13.0541], [-13.1882, 13.0556], [-13.1888, 13.0567], [-13.1885, 13.0577], [-13.1875, 13.0584], [-13.1869, 13.0587], [-13.187, 13.0594], [-13.1872, 13.0598], [-13.1882, 13.0597], [-13.1887, 13.0589], [-13.1896, 13.0583], [-13.1902, 13.0573], [-13.1911, 13.0565], [-13.1931, 13.0555], [-13.1942, 13.054], [-13.1949, 13.0528], [-13.1955, 13.0519], [-13.1964, 13.0508], [-13.1976, 13.0505], [-13.1991, 13.0503], [-13.2012, 13.0511], [-13.2015, 13.0513], [-13.2023, 13.0518], [-13.2037, 13.0509], [-13.2051, 13.0506], [-13.2073, 13.0504], [-13.2084, 13.0502], [-13.2088, 13.0499], [-13.2081, 13.0493], [-13.2071, 13.0484], [-13.207, 13.0475], [-13.208, 13.0461], [-13.2089, 13.045], [-13.2093, 13.0444], [-13.2094, 13.0437], [-13.2083, 13.0424], [-13.2073, 13.0412], [-13.2065, 13.04], [-13.2068, 13.0394], [-13.2082, 13.0385], [-13.2091, 13.0379], [-13.2092, 13.0373], [-13.2085, 13.0361], [-13.2076, 13.0351], [-13.2066, 13.0342], [-13.2069, 13.0332], [-13.208, 13.0324], [-13.2092, 13.0317], [-13.21, 13.0309], [-13.2098, 13.0302], [-13.2099, 13.0293], [-13.2109, 13.0284], [-13.2116, 13.0278], [-13.2127, 13.0279], [-13.2139, 13.0264], [-13.2156, 13.0251], [-13.2171, 13.0241], [-13.2185, 13.0241], [-13.2206, 13.0243], [-13.2218, 13.0241], [-13.2225, 13.0233], [-13.2234, 13.0221], [-13.2246, 13.0214], [-13.226, 13.0208], [-13.2288, 13.0182], [-13.2313, 13.0164], [-13.2337, 13.0152], [-13.235, 13.0159], [-13.2372, 13.0169], [-13.2387, 13.0164], [-13.2394, 13.0148], [-13.2396, 13.0133], [-13.2394, 13.0124], [-13.2386, 13.0108], [-13.2375, 13.0102], [-13.2355, 13.0092], [-13.2271, 13.0069], [-13.2194, 13.0062], [-13.2174, 13.0063], [-13.2157, 13.0061], [-13.2138, 13.005], [-13.2131, 13.0044], [-13.2123, 13.0035], [-13.2123, 13.0024], [-13.2116, 13.0015], [-13.2107, 13.0008], [-13.2093, 12.9997], [-13.2092, 12.9992], [-13.209, 12.9987], [-13.2089, 12.9985], [-13.2089, 12.9982], [-13.2085, 12.9974], [-13.2084, 12.9973], [-13.2081, 12.9964], [-13.2081, 12.9962], [-13.2079, 12.9955], [-13.2078, 12.9951], [-13.2075, 12.994], [-13.2074, 12.9937], [-13.2074, 12.993], [-13.2072, 12.9924], [-13.207, 12.9921], [-13.2063, 12.9908], [-13.2058, 12.9905], [-13.2055, 12.9898], [-13.205, 12.9892], [-13.2039, 12.9884], [-13.2036, 12.9882], [-13.2025, 12.9876], [-13.2003, 12.9853], [-13.2001, 12.9852], [-13.199, 12.9837], [-13.198, 12.9823], [-13.197, 12.981], [-13.1969, 12.981], [-13.1963, 12.9805], [-13.1951, 12.9789], [-13.195, 12.9787], [-13.1942, 12.9783], [-13.1935, 12.9777], [-13.1932, 12.9766], [-13.1932, 12.9765], [-13.1928, 12.9748], [-13.1925, 12.9729], [-13.1919, 12.9707], [-13.1915, 12.97], [-13.1903, 12.9659], [-13.1889, 12.964], [-13.188, 12.9655], [-13.1879, 12.9662], [-13.1875, 12.9671], [-13.1868, 12.9674], [-13.1867, 12.9689], [-13.1854, 12.97], [-13.1854, 12.9701], [-13.1853, 12.9706], [-13.1843, 12.971], [-13.1834, 12.9712], [-13.1819, 12.9708], [-13.1817, 12.9708], [-13.1812, 12.9705], [-13.1808, 12.9704], [-13.1805, 12.9702], [-13.1799, 12.9698], [-13.1798, 12.9697], [-13.1787, 12.9692], [-13.1784, 12.969], [-13.178, 12.9689], [-13.1775, 12.9683], [-13.1758, 12.9662], [-13.1747, 12.9659], [-13.1736, 12.9647], [-13.1711, 12.9623], [-13.1699, 12.9612], [-13.1697, 12.9611], [-13.1678, 12.9593], [-13.1674, 12.9591], [-13.1669, 12.959], [-13.1668, 12.9587], [-13.1639, 12.9552], [-13.1637, 12.9546], [-13.1637, 12.9545], [-13.1639, 12.9536], [-13.1639, 12.9535], [-13.1633, 12.9512], [-13.1624, 12.9495], [-13.1623, 12.9472], [-13.1619, 12.9461], [-13.1615, 12.9446], [-13.1612, 12.9439], [-13.1601, 12.9423], [-13.16, 12.9419], [-13.1593, 12.941], [-13.1584, 12.9393], [-13.1583, 12.9391], [-13.158, 12.9385], [-13.1566, 12.9371], [-13.1561, 12.9365], [-13.1548, 12.9351], [-13.1547, 12.9351], [-13.1528, 12.9331], [-13.1527, 12.933], [-13.1524, 12.9328], [-13.1515, 12.9321], [-13.1501, 12.9315], [-13.1492, 12.9309], [-13.1482, 12.9304], [-13.1467, 12.9297], [-13.1458, 12.9293], [-13.1446, 12.9287], [-13.1445, 12.9287], [-13.1442, 12.9267], [-13.1442, 12.9261], [-13.1441, 12.9255], [-13.144, 12.9233], [-13.1436, 12.9212], [-13.1434, 12.9197], [-13.1434, 12.9184], [-13.1429, 12.9168], [-13.1426, 12.9157], [-13.1417, 12.9139], [-13.1412, 12.9124], [-13.141, 12.9113], [-13.1407, 12.9108], [-13.1417, 12.9105], [-13.1415, 12.9102], [-13.142, 12.9103], [-13.1414, 12.9099], [-13.1433, 12.9094], [-13.144, 12.9084], [-13.1457, 12.9074], [-13.147, 12.9061], [-13.1475, 12.9054], [-13.1485, 12.9046], [-13.1496, 12.9049], [-13.1498, 12.9047], [-13.1509, 12.9045], [-13.1507, 12.9023], [-13.152, 12.9014], [-13.1527, 12.8997], [-13.1531, 12.8995], [-13.1539, 12.8983], [-13.1546, 12.8964], [-13.156, 12.8958], [-13.1563, 12.8951], [-13.1569, 12.8945], [-13.1582, 12.8942], [-13.1599, 12.8931], [-13.1614, 12.8928], [-13.1621, 12.893], [-13.164, 12.892], [-13.1644, 12.8921], [-13.165, 12.8926], [-13.1658, 12.8924], [-13.1673, 12.8933], [-13.1689, 12.8929], [-13.169, 12.8944], [-13.1712, 12.8946], [-13.1717, 12.8951], [-13.1733, 12.896], [-13.1746, 12.8965], [-13.1761, 12.8968], [-13.1768, 12.8968], [-13.1774, 12.8967], [-13.1785, 12.8967], [-13.1792, 12.8964], [-13.1785, 12.8947], [-13.177, 12.894], [-13.1768, 12.894], [-13.175, 12.893], [-13.1738, 12.8928], [-13.1721, 12.8918], [-13.1713, 12.8915], [-13.1701, 12.8908], [-13.1693, 12.8902], [-13.1688, 12.8901], [-13.1682, 12.8896], [-13.1676, 12.8892], [-13.1675, 12.8884], [-13.1677, 12.887], [-13.1677, 12.8867], [-13.1676, 12.8861], [-13.1676, 12.8857], [-13.1679, 12.8852], [-13.1682, 12.8833], [-13.169, 12.8801], [-13.1694, 12.8777], [-13.1693, 12.8764], [-13.1698, 12.8744], [-13.1707, 12.8723], [-13.1704, 12.8712], [-13.1698, 12.8687], [-13.167, 12.8676], [-13.1649, 12.8672], [-13.1639, 12.8673], [-13.163, 12.8672], [-13.1619, 12.8669], [-13.1605, 12.8664], [-13.1593, 12.8655], [-13.1579, 12.8648], [-13.1567, 12.8645], [-13.1554, 12.8637], [-13.152, 12.8624], [-13.1502, 12.8616], [-13.1489, 12.8605], [-13.1485, 12.8602], [-13.1476, 12.86], [-13.1468, 12.8586], [-13.1454, 12.8581], [-13.1436, 12.8572], [-13.1426, 12.8563], [-13.1427, 12.8555], [-13.1417, 12.854], [-13.1417, 12.8538], [-13.1416, 12.8531], [-13.1417, 12.8526], [-13.1434, 12.853], [-13.1417, 12.8514], [-13.1437, 12.851], [-13.1447, 12.8502], [-13.1452, 12.8491], [-13.146, 12.8478], [-13.1475, 12.8471], [-13.1483, 12.8464], [-13.1499, 12.8451], [-13.1517, 12.8443], [-13.1513, 12.8425], [-13.1504, 12.8407], [-13.1512, 12.8399], [-13.1511, 12.8396], [-13.1505, 12.8388], [-13.1498, 12.8371], [-13.1495, 12.8365], [-13.1491, 12.8347], [-13.1485, 12.8335], [-13.148, 12.8333], [-13.1476, 12.8332], [-13.1461, 12.8334], [-13.1452, 12.8337], [-13.144, 12.8338], [-13.1429, 12.8339], [-13.1417, 12.8338], [-13.1402, 12.8338], [-13.1391, 12.8335], [-13.1375, 12.8332], [-13.137, 12.8333], [-13.1363, 12.8328], [-13.1355, 12.8326], [-13.1339, 12.8321], [-13.1335, 12.832], [-13.1315, 12.8298], [-13.13, 12.8291], [-13.1289, 12.8282], [-13.1274, 12.8271], [-13.1263, 12.8267], [-13.1259, 12.8263], [-13.1254, 12.826], [-13.124, 12.8258], [-13.1228, 12.8261], [-13.1211, 12.8262], [-13.1193, 12.8261], [-13.1181, 12.826], [-13.1164, 12.826], [-13.1143, 12.8261], [-13.1125, 12.8259], [-13.1109, 12.8257], [-13.1106, 12.8265], [-13.1095, 12.8266], [-13.1075, 12.8266], [-13.1067, 12.8267], [-13.1056, 12.8268], [-13.1052, 12.8268], [-13.1039, 12.8265], [-13.1033, 12.8264], [-13.1023, 12.8259], [-13.1021, 12.8259], [-13.1013, 12.8247], [-13.1008, 12.8241], [-13.0995, 12.8222], [-13.0995, 12.8209], [-13.0995, 12.8208], [-13.0993, 12.8206], [-13.0991, 12.8202], [-13.0986, 12.8195], [-13.098, 12.8189], [-13.0978, 12.8184], [-13.0974, 12.8172], [-13.0973, 12.816], [-13.0972, 12.8148], [-13.0971, 12.8141], [-13.0971, 12.8131], [-13.0971, 12.8127], [-13.0973, 12.8118], [-13.0977, 12.8113], [-13.0987, 12.811], [-13.0993, 12.8105], [-13.1002, 12.8101], [-13.1011, 12.81], [-13.102, 12.8099], [-13.1029, 12.8095], [-13.1038, 12.8094], [-13.1045, 12.8093], [-13.1055, 12.8092], [-13.1066, 12.8093], [-13.1074, 12.8088], [-13.1081, 12.8083], [-13.1089, 12.8083], [-13.1095, 12.8075], [-13.1096, 12.8065], [-13.1095, 12.8053], [-13.1092, 12.8045], [-13.1088, 12.8041], [-13.1084, 12.8035], [-13.1081, 12.8032], [-13.1076, 12.8023], [-13.1069, 12.802], [-13.1059, 12.8014], [-13.105, 12.8005], [-13.1041, 12.8], [-13.1034, 12.7998], [-13.1029, 12.7987], [-13.1025, 12.7978], [-13.1017, 12.7972], [-13.1016, 12.7968], [-13.1018, 12.7962], [-13.1022, 12.7957], [-13.1026, 12.7954], [-13.1033, 12.7949], [-13.1036, 12.7947], [-13.104, 12.7945], [-13.1041, 12.7943], [-13.1045, 12.7941], [-13.1045, 12.7941], [-13.1052, 12.7936], [-13.1062, 12.793], [-13.1073, 12.7929], [-13.1075, 12.7929], [-13.1084, 12.793], [-13.1086, 12.7931], [-13.1092, 12.7918], [-13.1095, 12.791], [-13.11, 12.7904], [-13.11, 12.7903], [-13.11, 12.7901], [-13.1103, 12.7892], [-13.1108, 12.7891], [-13.1113, 12.7884], [-13.112, 12.7886], [-13.1122, 12.7887], [-13.113, 12.7881], [-13.1131, 12.7879], [-13.113, 12.7867], [-13.113, 12.786], [-13.1128, 12.7854], [-13.1128, 12.7847], [-13.1128, 12.7838], [-13.1135, 12.783], [-13.1137, 12.7822], [-13.1147, 12.7812], [-13.1153, 12.7804], [-13.1164, 12.78], [-13.1172, 12.7794], [-13.1177, 12.779], [-13.1179, 12.7782], [-13.1177, 12.7771], [-13.1173, 12.7759], [-13.1167, 12.7752], [-13.1164, 12.7745], [-13.115, 12.7726], [-13.1144, 12.7723], [-13.114, 12.7716], [-13.1145, 12.7702], [-13.115, 12.7695], [-13.1152, 12.7681], [-13.1155, 12.7678], [-13.1164, 12.7668], [-13.1167, 12.7663], [-13.1174, 12.7653], [-13.1174, 12.765], [-13.1171, 12.7646], [-13.1167, 12.7643], [-13.1164, 12.764], [-13.1163, 12.7635], [-13.1163, 12.7624], [-13.1164, 12.7619], [-13.1164, 12.761], [-13.1164, 12.7603], [-13.116, 12.7597], [-13.1159, 12.759], [-13.1158, 12.758], [-13.1157, 12.7573], [-13.1156, 12.7566], [-13.1154, 12.756], [-13.1151, 12.7553], [-13.1149, 12.7542], [-13.1147, 12.7535], [-13.1145, 12.7523], [-13.1144, 12.7519], [-13.1144, 12.7517], [-13.1141, 12.7504], [-13.114, 12.7499], [-13.1137, 12.748], [-13.1135, 12.7471], [-13.1137, 12.7462], [-13.1137, 12.746], [-13.1136, 12.7449], [-13.1134, 12.7444], [-13.1131, 12.7438], [-13.1129, 12.7436], [-13.1121, 12.7423], [-13.1113, 12.7417], [-13.1103, 12.7416], [-13.1105, 12.7396], [-13.1105, 12.739], [-13.1102, 12.7381], [-13.1101, 12.7368], [-13.11, 12.7367], [-13.1094, 12.7357], [-13.1092, 12.7349], [-13.1088, 12.7334], [-13.1083, 12.7321], [-13.1078, 12.7307], [-13.1073, 12.7292], [-13.1074, 12.7278], [-13.1072, 12.7271], [-13.107, 12.7265], [-13.1067, 12.7249], [-13.1065, 12.7237], [-13.1062, 12.7228], [-13.1056, 12.721], [-13.1053, 12.7203], [-13.1045, 12.719], [-13.1035, 12.718], [-13.1032, 12.7176], [-13.1025, 12.7168], [-13.1016, 12.716], [-13.1012, 12.7154], [-13.1006, 12.7143], [-13.1003, 12.714], [-13.0991, 12.7127], [-13.0984, 12.7123], [-13.0977, 12.7121], [-13.0968, 12.7111], [-13.0961, 12.7101], [-13.0954, 12.7091], [-13.0946, 12.7084], [-13.0934, 12.7076], [-13.0933, 12.7076], [-13.0926, 12.7066], [-13.0921, 12.7061], [-13.0917, 12.7054], [-13.0912, 12.7047], [-13.0909, 12.7041], [-13.0904, 12.7037], [-13.0902, 12.7024], [-13.0911, 12.7021], [-13.0919, 12.7012], [-13.0927, 12.7009], [-13.0936, 12.6993], [-13.0946, 12.6985], [-13.0954, 12.6976], [-13.0968, 12.6962], [-13.098, 12.695], [-13.0994, 12.6937], [-13.1008, 12.6917], [-13.1013, 12.691], [-13.1019, 12.6901], [-13.103, 12.689], [-13.1037, 12.6883], [-13.1041, 12.6875], [-13.1053, 12.6865], [-13.1058, 12.6862], [-13.107, 12.6851], [-13.108, 12.6847], [-13.1091, 12.6844], [-13.1103, 12.6842], [-13.1114, 12.6831], [-13.1127, 12.6825], [-13.1141, 12.682], [-13.1147, 12.6812], [-13.1154, 12.6807], [-13.1163, 12.6798], [-13.1166, 12.6796], [-13.1169, 12.6787], [-13.1172, 12.6771], [-13.1173, 12.6759], [-13.1177, 12.6749], [-13.1178, 12.674], [-13.1179, 12.6726], [-13.1179, 12.672], [-13.1182, 12.6705], [-13.1182, 12.6692], [-13.1184, 12.6678], [-13.1184, 12.6668], [-13.1188, 12.6652], [-13.1188, 12.6647], [-13.1192, 12.6635], [-13.1193, 12.6623], [-13.1195, 12.6614], [-13.1196, 12.6598], [-13.1196, 12.6597], [-13.1197, 12.6585], [-13.1197, 12.6574], [-13.1199, 12.6563], [-13.1199, 12.6552], [-13.12, 12.6536], [-13.1201, 12.6521], [-13.1202, 12.6509], [-13.1204, 12.6488], [-13.1204, 12.6482], [-13.121, 12.6459], [-13.1211, 12.6451], [-13.1216, 12.6437], [-13.122, 12.6431], [-13.1222, 12.6424], [-13.1224, 12.6417], [-13.1231, 12.6412], [-13.1233, 12.6411]]]}}]}